# Blender 4.0.2
# www.blender.org
mtllib goomba4.mtl
o Cône.001
v 7.073094 -7.177589 -0.284617
v 6.929491 -7.177589 1.145818
v 6.509584 -7.177589 2.520752
v 5.829509 -7.177589 3.787348
v 4.915401 -7.177589 4.896930
v 3.802388 -7.177589 5.806859
v 2.533244 -7.177589 6.482164
v 1.156740 -7.177589 6.896897
v -0.274226 -7.177589 7.035119
v -1.704661 -7.177589 6.891516
v -3.079595 -7.177589 6.471609
v -4.346191 -7.177589 5.791534
v -5.455773 -7.177589 4.877426
v -6.365701 -7.177589 3.764413
v -7.041007 -7.177589 2.495269
v -7.455740 -7.177589 1.118765
v -7.593961 -7.177589 -0.312201
v -7.450358 -7.177589 -1.742636
v -7.030452 -7.177589 -3.117570
v -6.350377 -7.177589 -4.384166
v -5.436268 -7.177589 -5.493748
v -4.323256 -7.177589 -6.403677
v -3.054112 -7.177589 -7.078982
v -1.677608 -7.177589 -7.493715
v -0.246642 -7.177589 -7.631937
v 1.183793 -7.177589 -7.488334
v 2.558728 -7.177589 -7.068427
v 3.825323 -7.177589 -6.388352
v 4.934906 -7.177589 -5.474244
v 5.844834 -7.177589 -4.361231
v 6.520140 -7.177589 -3.092087
v 6.934873 -7.177589 -1.715583
v -0.260434 7.489492 -0.298409
v 11.369693 -12.765399 -107.537132
v 43.410877 -44.806641 -107.476875
v 60.751446 -86.670540 -107.444260
v 62.982922 -109.327133 -107.440063
v 60.751446 -131.983719 -107.444260
v 43.410877 -173.847626 -107.476875
v -30.937788 4.575200 -103.196609
v -9.578526 -2.033482 -98.906212
v 10.106279 -12.765399 -94.952164
v 27.360157 -27.208126 -91.486404
v 41.520046 -44.806641 -88.642136
v 52.041794 -64.884644 -86.528648
v 58.521053 -86.670540 -85.227173
v 60.708836 -109.327133 -84.787712
v 58.521053 -131.983719 -85.227173
v 52.041794 -153.769623 -86.528648
v 41.520046 -173.847626 -88.642136
v 27.360157 -191.446136 -91.486404
v 10.106279 -205.888870 -94.952164
v -9.578526 -216.620789 -98.906212
v -30.937788 -223.229462 -103.196609
v -32.235073 4.575200 -98.948822
v -12.123232 -2.033482 -90.573875
v 6.411935 -12.765399 -82.855492
v 22.658150 -27.208126 -76.090271
v 35.991058 -44.806641 -70.538185
v 45.898331 -64.884644 -66.412628
v 51.999184 -86.670540 -63.872108
v 54.059189 -109.327133 -63.014282
v 51.999184 -131.983719 -63.872108
v 45.898331 -153.769623 -66.412628
v 35.991058 -173.847626 -70.538185
v 22.658150 -191.446136 -76.090271
v 6.411935 -205.888870 -82.855492
v -12.123232 -216.620789 -90.573875
v -32.235073 -223.229462 -98.948822
v -34.336121 4.575200 -95.035744
v -16.244602 -2.033482 -82.898094
v 0.428629 -12.765399 -71.711975
v 15.042849 -27.208126 -61.907272
v 27.036417 -44.806641 -53.860752
v 35.948456 -64.884644 -47.881645
v 41.436466 -86.670540 -44.199730
v 43.289528 -109.327133 -42.956501
v 41.436466 -131.983719 -44.199730
v 35.948456 -153.769623 -47.881645
v 27.036417 -173.847626 -53.860752
v 15.042849 -191.446136 -61.907272
v 0.428629 -205.888870 -71.711975
v -16.244602 -216.620789 -82.898094
v -34.336121 -223.229462 -95.035744
v -37.160213 4.575200 -91.607742
v -21.784256 -2.033482 -76.173851
v -7.613695 -12.765399 -61.949879
v 4.806920 -27.208126 -49.482464
v 15.000226 -44.806641 -39.250740
v 22.574570 -64.884644 -31.647869
v 27.238811 -86.670540 -26.966034
v 28.813721 -109.327133 -25.385178
v 27.238811 -131.983719 -26.966034
v 22.574570 -153.769623 -31.647869
v 15.000226 -173.847626 -39.250740
v 4.806920 -191.446136 -49.482464
v -7.613695 -205.888870 -61.949879
v -21.784256 -216.620789 -76.173851
v -37.160213 -223.229462 -91.607742
v -40.598808 4.575200 -88.796570
v -28.529297 -2.033482 -70.659523
v -17.405975 -12.765399 -53.944328
v -7.656293 -27.208126 -39.293339
v 0.345042 -44.806641 -27.269587
v 6.290603 -64.884644 -18.335135
v 9.951829 -86.670540 -12.833309
v 11.188068 -109.327133 -10.975579
v 9.951829 -131.983719 -12.833309
v 6.290603 -153.769623 -18.335135
v 0.345042 -173.847626 -27.269587
v -7.656293 -191.446136 -39.293339
v -17.405975 -205.888870 -53.944328
v -28.529297 -216.620789 -70.659523
v -40.598808 -223.229462 -88.796570
v -53.150677 6.806680 -107.658470
v -44.519760 4.575200 -86.710251
v -36.220528 -2.033482 -66.567062
v -28.571911 -12.765399 -48.002987
v -21.867832 -27.208126 -31.731441
v -16.365959 -44.806641 -18.377743
v -12.277668 -64.884644 -8.455034
v -9.760140 -86.670540 -2.344665
v -8.910079 -109.327133 -0.281448
v -9.760140 -131.983719 -2.344665
v -12.277668 -153.769623 -8.455034
v -16.365959 -173.847626 -18.377743
v -21.867832 -191.446136 -31.731441
v -28.571911 -205.888870 -48.002987
v -36.220528 -216.620789 -66.567062
v -44.519760 -223.229462 -86.710251
v -48.772400 4.575200 -85.428963
v -44.562370 -2.033482 -64.053719
v -40.682392 -12.765399 -44.354176
v -37.281548 -27.208126 -27.087374
v -34.490574 -44.806641 -12.916903
v -32.416664 -64.884644 -2.387273
v -31.139582 -86.670540 4.096834
v -30.708368 -109.327133 6.286243
v -31.139582 -131.983719 4.096834
v -32.416664 -153.769623 -2.387273
v -34.490574 -173.847626 -12.916903
v -37.281548 -191.446136 -27.087374
v -40.682392 -205.888870 -44.354176
v -44.562370 -216.620789 -64.053719
v -48.772400 -223.229462 -85.428963
v -53.193287 4.575200 -85.001938
v -53.234261 -2.033482 -63.216061
v -53.272022 -12.765399 -43.138111
v -53.305111 -27.208126 -25.539618
v -53.332287 -44.806641 -11.096933
v -53.352451 -64.884644 -0.365021
v -53.364895 -86.670540 6.243641
v -53.369102 -109.327133 8.475096
v -53.364895 -131.983719 6.243641
v -53.352451 -153.769623 -0.365021
v -53.332287 -173.847626 -11.096933
v -53.305111 -191.446136 -25.539618
v -53.272022 -205.888870 -43.138111
v -53.234261 -216.620789 -63.216061
v -53.193287 -223.229462 -85.001938
v -57.612541 4.575200 -85.445587
v -61.902939 -2.033482 -64.086327
v -65.856995 -12.765399 -44.401524
v -69.322746 -27.208126 -27.147640
v -72.167015 -44.806641 -12.987766
v -74.280495 -64.884644 -2.466004
v -75.581985 -86.670540 4.013247
v -76.021439 -109.327133 6.201005
v -75.581985 -131.983719 4.013247
v -74.280495 -153.769623 -2.466004
v -72.167015 -173.847626 -12.987766
v -69.322746 -191.446136 -27.147640
v -65.856995 -205.888870 -44.401524
v -61.902939 -216.620789 -64.086327
v -57.612541 -223.229462 -85.445587
v -61.860321 4.575200 -86.742867
v -70.235268 -2.033482 -66.631027
v -77.953667 -12.765399 -48.095871
v -84.718880 -27.208126 -31.849649
v -90.270966 -44.806641 -18.516745
v -94.396515 -64.884644 -8.609470
v -96.937035 -86.670540 -2.508626
v -97.794868 -109.327133 -0.448643
v -96.937035 -131.983719 -2.508626
v -94.396515 -153.769623 -8.609470
v -90.270966 -173.847626 -18.516745
v -84.718880 -191.446136 -31.849649
v -77.953667 -205.888870 -48.095871
v -70.235268 -216.620789 -66.631027
v -61.860321 -223.229462 -86.742867
v -65.773407 4.575200 -88.843925
v -77.911057 -2.033482 -70.752396
v -89.097160 -12.765399 -54.079174
v -98.901871 -27.208126 -39.464947
v -106.948395 -44.806641 -27.471388
v -112.927498 -64.884644 -18.559341
v -116.609406 -86.670540 -13.071346
v -117.852654 -109.327133 -11.218307
v -116.609406 -131.983719 -13.071346
v -112.927498 -153.769623 -18.559341
v -106.948395 -173.847626 -27.471388
v -98.901871 -191.446136 -39.464947
v -89.097160 -205.888870 -54.079174
v -77.911057 -216.620789 -70.752396
v -65.773407 -223.229462 -88.843925
v -69.201401 4.575200 -91.668007
v -84.635300 -2.033482 -76.292053
v -98.859261 -12.765399 -62.121498
v -111.326675 -27.208126 -49.700878
v -121.558403 -44.806641 -39.507576
v -129.161285 -64.884644 -31.933229
v -133.843094 -86.670540 -27.268991
v -135.423950 -109.327133 -25.694111
v -133.843094 -131.983719 -27.268991
v -129.161285 -153.769623 -31.933229
v -121.558403 -173.847626 -39.507576
v -111.326675 -191.446136 -49.700878
v -98.859261 -205.888870 -62.121498
v -84.635300 -216.620789 -76.292053
v -69.201401 -223.229462 -91.668007
v -72.012573 4.575200 -95.106598
v -90.149620 -2.033482 -83.037094
v -106.864807 -12.765399 -71.913788
v -121.515793 -27.208126 -62.164089
v -133.539536 -44.806641 -54.162758
v -142.473999 -64.884644 -48.217194
v -147.975830 -86.670540 -44.555973
v -149.833542 -109.327133 -43.319756
v -147.975830 -131.983719 -44.555973
v -142.473999 -153.769623 -48.217194
v -133.539536 -173.847626 -54.162758
v -121.515793 -191.446136 -62.164089
v -106.864807 -205.888870 -71.913788
v -90.149620 -216.620789 -83.037094
v -72.012573 -223.229462 -95.106598
v -74.098892 4.575200 -99.027557
v -94.242088 -2.033482 -90.728325
v -112.806152 -12.765399 -83.079712
v -129.077698 -27.208126 -76.375626
v -142.431396 -44.806641 -70.873764
v -152.354111 -64.884644 -66.785469
v -158.464462 -86.670540 -64.267944
v -160.527679 -109.327133 -63.417900
v -158.464462 -131.983719 -64.267944
v -152.354111 -153.769623 -66.785469
v -142.431396 -173.847626 -70.873764
v -129.077698 -191.446136 -76.375626
v -112.806152 -205.888870 -83.079712
v -94.242088 -216.620789 -90.728325
v -74.098892 -223.229462 -99.027557
v -75.380180 4.575200 -103.280197
v -96.755432 -2.033482 -99.070175
v -116.454956 -12.765399 -95.190193
v -133.721756 -27.208126 -91.789337
v -147.892242 -44.806641 -88.998360
v -158.421860 -64.884644 -86.924454
v -164.905960 -86.670540 -85.647377
v -167.095352 -109.327133 -85.216187
v -164.905960 -131.983719 -85.647377
v -158.421860 -153.769623 -86.924454
v -147.892242 -173.847626 -88.998360
v -133.721756 -191.446136 -91.789337
v -116.454956 -205.888870 -95.190193
v -96.755432 -216.620789 -99.070175
v -75.380180 -223.229462 -103.280197
v -75.807198 4.575200 -107.701080
v -97.593071 -2.033482 -107.742050
v -117.671021 -12.765399 -107.779816
v -135.269516 -27.208126 -107.812904
v -149.712204 -44.806641 -107.840073
v -160.444107 -64.884644 -107.860252
v -167.052765 -86.670540 -107.872688
v -169.284210 -109.327133 -107.876907
v -167.052765 -131.983719 -107.872688
v -160.444107 -153.769623 -107.860252
v -149.712204 -173.847626 -107.840073
v -135.269516 -191.446136 -107.812904
v -117.671021 -205.888870 -107.779816
v -97.593071 -216.620789 -107.742050
v -75.807198 -223.229462 -107.701080
v -75.363556 4.575200 -112.120331
v -96.722816 -2.033482 -116.410728
v -116.407608 -12.765399 -120.364784
v -133.661499 -27.208126 -123.830528
v -147.821365 -44.806641 -126.674797
v -158.343124 -64.884644 -128.788269
v -164.822357 -86.670540 -130.089767
v -167.010101 -109.327133 -130.529251
v -164.822357 -131.983719 -130.089767
v -158.343124 -153.769623 -128.788269
v -147.821365 -173.847626 -126.674797
v -133.661499 -191.446136 -123.830528
v -116.407608 -205.888870 -120.364784
v -96.722816 -216.620789 -116.410728
v -75.363556 -223.229462 -112.120331
v -74.066269 4.575200 -116.368111
v -94.178108 -2.033482 -124.743057
v -112.713257 -12.765399 -132.461441
v -128.959503 -27.208126 -139.226669
v -142.292389 -44.806641 -144.778763
v -152.199661 -64.884644 -148.904312
v -158.300507 -86.670540 -151.444839
v -160.360474 -109.327133 -152.302658
v -158.300507 -131.983719 -151.444839
v -152.199661 -153.769623 -148.904312
v -142.292389 -173.847626 -144.778763
v -128.959503 -191.446136 -139.226669
v -112.713257 -205.888870 -132.461441
v -94.178108 -216.620789 -124.743057
v -74.066269 -223.229462 -116.368111
v -71.965225 4.575200 -120.281197
v -90.056740 -2.033482 -132.418839
v -106.729950 -12.765399 -143.604950
v -121.344200 -27.208126 -153.409668
v -133.337738 -44.806641 -161.456177
v -142.249786 -64.884644 -167.435272
v -147.737778 -86.670540 -171.117203
v -149.590805 -109.327133 -172.360443
v -147.737778 -131.983719 -171.117203
v -142.249786 -153.769623 -167.435272
v -133.337738 -173.847626 -161.456177
v -121.344200 -191.446136 -153.409668
v -106.729950 -205.888870 -143.604950
v -90.056740 -216.620789 -132.418839
v -71.965225 -223.229462 -120.281197
v -69.141129 4.575200 -123.709175
v -84.517097 -2.033482 -139.143097
v -98.687637 -12.765399 -153.367050
v -111.108269 -27.208126 -165.834473
v -121.301559 -44.806641 -176.066193
v -128.875916 -64.884644 -183.669052
v -133.540146 -86.670540 -188.350876
v -135.114990 -109.327133 -189.931747
v -133.540146 -131.983719 -188.350876
v -128.875916 -153.769623 -183.669052
v -121.301559 -173.847626 -176.066193
v -111.108269 -191.446136 -165.834473
v -98.687637 -205.888870 -153.367050
v -84.517097 -216.620789 -139.143097
v -69.141129 -223.229462 -123.709175
v -53.150677 -225.460938 -107.658470
v -65.702545 4.575200 -126.520355
v -77.772057 -2.033482 -144.657410
v -88.895355 -12.765399 -161.372589
v -98.645058 -27.208126 -176.023590
v -106.646378 -44.806641 -188.047318
v -112.591942 -64.884644 -196.981781
v -116.253159 -86.670540 -202.483612
v -117.489357 -109.327133 -204.341309
v -116.253159 -131.983719 -202.483612
v -112.591942 -153.769623 -196.981781
v -106.646378 -173.847626 -188.047318
v -98.645058 -191.446136 -176.023590
v -88.895355 -205.888870 -161.372589
v -77.772057 -216.620789 -144.657410
v -65.702545 -223.229462 -126.520355
v -61.781586 4.575200 -128.606674
v -70.080818 -2.033482 -148.749878
v -77.729424 -12.765399 -167.313919
v -84.433517 -27.208126 -183.585495
v -89.935379 -44.806641 -196.939178
v -94.023674 -64.884644 -206.861877
v -96.541191 -86.670540 -212.972260
v -97.391212 -109.327133 -215.035431
v -96.541191 -131.983719 -212.972260
v -94.023674 -153.769623 -206.861877
v -89.935379 -173.847626 -196.939178
v -84.433517 -191.446136 -183.585495
v -77.729424 -205.888870 -167.313919
v -70.080818 -216.620789 -148.749878
v -61.781586 -223.229462 -128.606674
v -57.528954 4.575200 -129.887970
v -61.738976 -2.033482 -151.263214
v -65.618950 -12.765399 -170.962738
v -69.019798 -27.208126 -188.229538
v -71.810776 -44.806641 -202.400009
v -73.884689 -64.884644 -212.929642
v -75.161743 -86.670540 -219.413742
v -75.592941 -109.327133 -221.603104
v -75.161743 -131.983719 -219.413742
v -73.884689 -153.769623 -212.929642
v -71.810776 -173.847626 -202.400009
v -69.019798 -191.446136 -188.229538
v -65.618950 -205.888870 -170.962738
v -61.738976 -216.620789 -151.263214
v -57.528954 -223.229462 -129.887970
v -53.108063 4.575200 -130.315002
v -53.067089 -2.033482 -152.100861
v -53.029324 -12.765399 -172.178787
v -52.996239 -27.208126 -189.777313
v -52.969063 -44.806641 -204.219986
v -52.948898 -64.884644 -214.951904
v -52.936440 -86.670540 -221.560562
v -52.932217 -109.327133 -223.791977
v -52.936440 -131.983719 -221.560562
v -52.948898 -153.769623 -214.951904
v -52.969063 -173.847626 -204.219986
v -52.996239 -191.446136 -189.777313
v -53.029324 -205.888870 -172.178787
v -53.067089 -216.620789 -152.100861
v -53.108063 -223.229462 -130.315002
v -48.688820 4.575200 -129.871353
v -44.398415 -2.033482 -151.230606
v -40.444363 -12.765399 -170.915375
v -36.978619 -27.208126 -188.169281
v -34.134335 -44.806641 -202.329147
v -32.020866 -64.884644 -212.850906
v -30.719362 -86.670540 -219.330154
v -30.279896 -109.327133 -221.517868
v -30.719362 -131.983719 -219.330154
v -32.020866 -153.769623 -212.850906
v -34.134335 -173.847626 -202.329147
v -36.978619 -191.446136 -188.169281
v -40.444363 -205.888870 -170.915375
v -44.398415 -216.620789 -151.230606
v -48.688820 -223.229462 -129.871353
v -44.441036 4.575200 -128.574066
v -36.066093 -2.033482 -148.685898
v -28.347702 -12.765399 -167.221024
v -21.582479 -27.208126 -183.467285
v -16.030397 -44.806641 -196.800156
v -11.904848 -64.884644 -206.707428
v -9.364314 -86.670540 -212.808273
v -8.506488 -109.327133 -214.868225
v -9.364314 -131.983719 -212.808273
v -11.904848 -153.769623 -206.707428
v -16.030397 -173.847626 -196.800156
v -21.582479 -191.446136 -183.467285
v -28.347702 -205.888870 -167.221024
v -36.066093 -216.620789 -148.685898
v -44.441036 -223.229462 -128.574066
v -40.527962 4.575200 -126.473007
v -28.390314 -2.033482 -144.564514
v -17.204205 -12.765399 -161.237732
v -7.399487 -27.208126 -175.851990
v 0.647027 -44.806641 -187.845520
v 6.626122 -64.884644 -196.757584
v 10.308053 -86.670540 -202.245560
v 11.551269 -109.327133 -204.098557
v 10.308053 -131.983719 -202.245560
v 6.626122 -153.769623 -196.757584
v 0.647027 -173.847626 -187.845520
v -7.399487 -191.446136 -175.851990
v -17.204205 -205.888870 -161.237732
v -28.390314 -216.620789 -144.564514
v -40.527962 -223.229462 -126.473007
v -37.099972 4.575200 -123.648918
v -21.666067 -2.033482 -139.024872
v -7.442113 -12.765399 -153.195419
v 5.025310 -27.208126 -165.616058
v 15.257030 -44.806641 -175.809326
v 22.859892 -64.884644 -183.383682
v 27.541733 -86.670540 -188.047913
v 29.122564 -109.327133 -189.622757
v 27.541733 -131.983719 -188.047913
v 22.859892 -153.769623 -183.383682
v 15.257030 -173.847626 -175.809326
v 5.025310 -191.446136 -165.616058
v -7.442113 -205.888870 -153.195419
v -21.666067 -216.620789 -139.024872
v -37.099972 -223.229462 -123.648918
v -34.288795 4.575200 -120.210327
v -16.151751 -2.033482 -132.279831
v 0.563423 -12.765399 -143.403137
v 15.214435 -27.208126 -153.152832
v 27.238169 -44.806641 -161.154160
v 36.172626 -64.884644 -167.099701
v 41.674446 -86.670540 -170.760925
v 43.532139 -109.327133 -171.997131
v 41.674446 -131.983719 -170.760925
v 36.172626 -153.769623 -167.099701
v 27.238169 -173.847626 -161.154160
v 15.214435 -191.446136 -153.152832
v 0.563423 -205.888870 -143.403137
v -16.151751 -216.620789 -132.279831
v -34.288795 -223.229462 -120.210327
v -32.202480 4.575200 -116.289375
v -12.059284 -2.033482 -124.588608
v 6.504755 -12.765399 -132.237213
v 22.776333 -27.208126 -138.941299
v 36.130001 -44.806641 -144.443146
v 46.052723 -64.884644 -148.531464
v 52.163086 -86.670540 -151.048981
v 54.226250 -109.327133 -151.899002
v 52.163086 -131.983719 -151.048981
v 46.052723 -153.769623 -148.531464
v 36.130001 -173.847626 -144.443146
v 22.776333 -191.446136 -138.941299
v 6.504755 -205.888870 -132.237213
v -12.059284 -216.620789 -124.588608
v -32.202480 -223.229462 -116.289375
v -30.921188 4.575200 -112.036743
v -9.545938 -2.033482 -116.246773
v 10.153554 -12.765399 -120.126717
v 27.420401 -27.208126 -123.527580
v 41.590839 -44.806641 -126.318542
v 52.120476 -64.884644 -128.392471
v 58.604576 -86.670540 -129.669540
v 60.793930 -109.327133 -130.100723
v 58.604576 -131.983719 -129.669540
v 52.120476 -153.769623 -128.392471
v 41.590839 -173.847626 -126.318542
v 27.420401 -191.446136 -123.527580
v 10.153554 -205.888870 -120.126717
v -9.545938 -216.620789 -116.246773
v -30.921188 -223.229462 -112.036743
v -30.494160 4.575200 -107.615860
v -8.708299 -2.033482 -107.574883
v 28.968157 -27.208126 -107.504028
v 54.142719 -64.884644 -107.456680
v 54.142719 -153.769623 -107.456680
v 28.968157 -191.446136 -107.504028
v 11.369609 -205.888870 -107.537102
v -8.708299 -216.620789 -107.574883
v -30.494160 -223.229462 -107.615860
v 55.380722 -163.652145 -87.298279
v 74.552361 -182.823807 -87.262222
v 84.927986 -207.872818 -87.242714
v 86.263176 -221.429245 -87.240196
v 84.927986 -234.985672 -87.242714
v 74.552361 -260.034668 -87.262222
v 30.066305 -153.276489 -84.701149
v 42.846489 -157.230759 -82.134018
v 54.624771 -163.652145 -79.768135
v 64.948509 -172.293839 -77.694427
v 73.421005 -182.823807 -75.992577
v 79.716621 -194.837357 -74.727989
v 83.593452 -207.872818 -73.949249
v 84.902489 -221.429245 -73.686317
v 83.593452 -234.985672 -73.949249
v 79.716621 -248.021118 -74.727989
v 73.421005 -260.034668 -75.992577
v 64.948509 -270.564636 -77.694427
v 54.624771 -279.206360 -79.768135
v 42.846489 -285.627747 -82.134018
v 30.066305 -289.582001 -84.701149
v 29.290085 -153.276489 -82.159515
v 41.323879 -157.230759 -77.148422
v 52.414280 -163.652145 -72.530167
v 62.135105 -172.293839 -68.482239
v 70.112762 -182.823807 -65.160187
v 76.040710 -194.837357 -62.691681
v 79.691124 -207.872818 -61.171585
v 80.923714 -221.429245 -60.658314
v 79.691124 -234.985672 -61.171585
v 76.040710 -248.021118 -62.691681
v 70.112762 -260.034668 -65.160187
v 62.135105 -270.564636 -68.482239
v 52.414280 -279.206360 -72.530167
v 41.323879 -285.627747 -77.148422
v 29.290085 -289.582001 -82.159515
v 28.032930 -153.276489 -79.818146
v 38.857883 -157.230759 -72.555664
v 48.834206 -163.652145 -65.862526
v 57.578533 -172.293839 -59.995930
v 64.754814 -182.823807 -55.181355
v 70.087273 -194.837357 -51.603790
v 73.370995 -207.872818 -49.400738
v 74.479759 -221.429245 -48.656857
v 73.370995 -234.985672 -49.400738
v 70.087273 -248.021118 -51.603790
v 64.754814 -260.034668 -55.181355
v 57.578533 -270.564636 -59.995930
v 48.834206 -279.206360 -65.862526
v 38.857883 -285.627747 -72.555664
v 28.032930 -289.582001 -79.818146
v 26.343155 -153.276489 -77.767029
v 35.543266 -157.230759 -68.532249
v 44.022133 -163.652145 -60.021431
v 51.453930 -172.293839 -52.561626
v 57.553036 -182.823807 -46.439537
v 62.085094 -194.837357 -41.890408
v 64.875908 -207.872818 -39.089066
v 65.818237 -221.429245 -38.143169
v 64.875908 -234.985672 -39.089066
v 62.085094 -248.021118 -41.890408
v 57.553036 -260.034668 -46.439537
v 51.453930 -270.564636 -52.561626
v 44.022133 -279.206360 -60.021431
v 35.543266 -285.627747 -68.532249
v 26.343155 -289.582001 -77.767029
v 24.285694 -153.276489 -76.084984
v 31.507414 -157.230759 -65.232788
v 38.162983 -163.652145 -55.231358
v 43.996643 -172.293839 -46.465027
v 48.784195 -182.823807 -39.270687
v 52.341679 -194.837357 -33.924816
v 54.532360 -207.872818 -30.632835
v 55.272053 -221.429245 -29.521273
v 54.532360 -234.985672 -30.632835
v 52.341679 -248.021118 -33.924816
v 48.784195 -260.034668 -39.270687
v 43.996643 -270.564636 -46.465027
v 38.162983 -279.206360 -55.231358
v 31.507414 -285.627747 -65.232788
v 24.285694 -289.582001 -76.084984
v 16.775360 -151.941299 -87.370880
v 21.939615 -153.276489 -74.836647
v 26.905413 -157.230759 -62.784084
v 31.481911 -163.652145 -51.676395
v 35.493259 -172.293839 -41.940414
v 38.785267 -182.823807 -33.950310
v 41.231476 -194.837357 -28.013119
v 42.737823 -207.872818 -24.357021
v 43.246449 -221.429245 -23.122507
v 42.737823 -234.985672 -24.357021
v 41.231476 -248.021118 -28.013119
v 38.785267 -260.034668 -33.950310
v 35.493259 -270.564636 -41.940414
v 31.481911 -279.206360 -51.676395
v 26.905413 -285.627747 -62.784084
v 21.939615 -289.582001 -74.836647
v 19.395079 -153.276489 -74.069992
v 21.914122 -157.230759 -61.280243
v 24.235682 -163.652145 -49.493145
v 26.270554 -172.293839 -39.161667
v 27.940517 -182.823807 -30.682850
v 29.181431 -194.837357 -24.382515
v 29.945562 -207.872818 -20.502789
v 30.203577 -221.429245 -19.192772
v 29.945562 -234.985672 -20.502789
v 29.181431 -248.021118 -24.382515
v 27.940517 -260.034668 -30.682850
v 26.270554 -270.564636 -39.161667
v 24.235682 -279.206360 -49.493145
v 21.914122 -285.627747 -61.280243
v 19.395079 -289.582001 -74.069992
v 16.749866 -153.276489 -73.814484
v 16.725349 -157.230759 -60.779045
v 16.702755 -163.652145 -48.765522
v 16.682957 -172.293839 -38.235573
v 16.666695 -182.823807 -29.593882
v 16.654631 -194.837357 -23.172510
v 16.647182 -207.872818 -19.218258
v 16.644669 -221.429245 -17.883080
v 16.647182 -234.985672 -19.218258
v 16.654631 -248.021118 -23.172510
v 16.666695 -260.034668 -29.593882
v 16.682957 -270.564636 -38.235573
v 16.702755 -279.206360 -48.765522
v 16.725349 -285.627747 -60.779045
v 16.749866 -289.582001 -73.814484
v 14.105632 -153.276489 -74.079941
v 11.538499 -157.230759 -61.299755
v 9.172617 -163.652145 -49.521477
v 7.098909 -172.293839 -39.197727
v 5.397050 -182.823807 -30.725250
v 4.132469 -194.837357 -24.429623
v 3.353729 -207.872818 -20.552803
v 3.090781 -221.429245 -19.243769
v 3.353729 -234.985672 -20.552803
v 4.132469 -248.021118 -24.429623
v 5.397050 -260.034668 -30.725250
v 7.098909 -270.564636 -39.197727
v 9.172617 -279.206360 -49.521477
v 11.538499 -285.627747 -61.299755
v 14.105632 -289.582001 -74.079941
v 11.563995 -153.276489 -74.856163
v 6.552901 -157.230759 -62.822361
v 1.934650 -163.652145 -51.731972
v -2.113277 -172.293839 -42.011143
v -5.435331 -182.823807 -34.033478
v -7.903830 -194.837357 -28.105524
v -9.423939 -207.872818 -24.455126
v -9.937213 -221.429245 -23.222548
v -9.423939 -234.985672 -24.455126
v -7.903830 -248.021118 -28.105524
v -5.435331 -260.034668 -34.033478
v -2.113277 -270.564636 -42.011143
v 1.934650 -279.206360 -51.731972
v 6.552901 -285.627747 -62.822361
v 11.563995 -289.582001 -74.856163
v 9.222631 -153.276489 -76.113319
v 1.960145 -157.230759 -65.288361
v -4.732996 -163.652145 -55.312042
v -10.599584 -172.293839 -46.567707
v -15.414166 -182.823807 -39.391438
v -18.991726 -194.837357 -34.058968
v -21.194778 -207.872818 -30.775261
v -21.938658 -221.429245 -29.666506
v -21.194778 -234.985672 -30.775261
v -18.991726 -248.021118 -34.058968
v -15.414166 -260.034668 -39.391438
v -10.599584 -270.564636 -46.567707
v -4.732996 -279.206360 -55.312042
v 1.960145 -285.627747 -65.288361
v 9.222631 -289.582001 -76.113319
v 7.171513 -153.276489 -77.803093
v -2.063269 -157.230759 -68.602982
v -10.574089 -163.652145 -60.124115
v -18.033886 -172.293839 -52.692314
v -24.155977 -182.823807 -46.593212
v -28.705107 -194.837357 -42.061153
v -31.506451 -207.872818 -39.270336
v -32.452343 -221.429245 -38.328018
v -31.506451 -234.985672 -39.270336
v -28.705107 -248.021118 -42.061153
v -24.155977 -260.034668 -46.593212
v -18.033886 -270.564636 -52.692314
v -10.574089 -279.206360 -60.124115
v -2.063269 -285.627747 -68.602982
v 7.171513 -289.582001 -77.803093
v 5.489466 -153.276489 -79.860550
v -5.362727 -157.230759 -72.638832
v -15.364158 -163.652145 -65.983269
v -24.130486 -172.293839 -60.149601
v -31.324820 -182.823807 -55.362057
v -36.670696 -194.837357 -51.804565
v -39.962677 -207.872818 -49.613895
v -41.074234 -221.429245 -48.874207
v -39.962677 -234.985672 -49.613895
v -36.670696 -248.021118 -51.804565
v -31.324820 -260.034668 -55.362057
v -24.130486 -270.564636 -60.149601
v -15.364158 -279.206360 -65.983269
v -5.362727 -285.627747 -72.638832
v 5.489466 -289.582001 -79.860550
v 4.241129 -153.276489 -82.206619
v -7.811429 -157.230759 -77.240837
v -18.919115 -163.652145 -72.664337
v -28.655102 -172.293839 -68.652992
v -36.645199 -182.823807 -65.360977
v -42.582394 -194.837357 -62.914768
v -46.238495 -207.872818 -61.408432
v -47.473000 -221.429245 -60.899815
v -46.238495 -234.985672 -61.408432
v -42.582394 -248.021118 -62.914768
v -36.645199 -260.034668 -65.360977
v -28.655102 -270.564636 -68.652992
v -18.919115 -279.206360 -72.664337
v -7.811429 -285.627747 -77.240837
v 4.241129 -289.582001 -82.206619
v 3.474476 -153.276489 -84.751167
v -9.315272 -157.230759 -82.232124
v -21.102360 -163.652145 -79.910561
v -31.433847 -172.293839 -77.875687
v -39.912663 -182.823807 -76.205719
v -46.212997 -194.837357 -74.964821
v -50.092720 -207.872818 -74.200684
v -51.402733 -221.429245 -73.942680
v -50.092720 -234.985672 -74.200684
v -46.212997 -248.021118 -74.964821
v -39.912663 -260.034668 -76.205719
v -31.433847 -270.564636 -77.875687
v -21.102360 -279.206360 -79.910561
v -9.315272 -285.627747 -82.232124
v 3.474476 -289.582001 -84.751167
v 3.218968 -153.276489 -87.396378
v -9.816470 -157.230759 -87.420898
v -21.829987 -163.652145 -87.443489
v -32.359940 -172.293839 -87.463287
v -41.001629 -182.823807 -87.479546
v -47.422997 -194.837357 -87.491615
v -51.377247 -207.872818 -87.499062
v -52.712410 -221.429245 -87.501587
v -51.377247 -234.985672 -87.499062
v -47.422997 -248.021118 -87.491615
v -41.001629 -260.034668 -87.479546
v -32.359940 -270.564636 -87.463287
v -21.829987 -279.206360 -87.443489
v -9.816470 -285.627747 -87.420898
v 3.218968 -289.582001 -87.396378
v 3.484425 -153.276489 -90.040604
v -9.295759 -157.230759 -92.607735
v -21.074028 -163.652145 -94.973618
v -31.397789 -172.293839 -97.047333
v -39.870258 -182.823807 -98.749191
v -46.165890 -194.837357 -100.013771
v -50.042709 -207.872818 -100.792511
v -51.351727 -221.429245 -101.055466
v -50.042709 -234.985672 -100.792511
v -46.165890 -248.021118 -100.013771
v -39.870258 -260.034668 -98.749191
v -31.397789 -270.564636 -97.047333
v -21.074028 -279.206360 -94.973618
v -9.295759 -285.627747 -92.607735
v 3.484425 -289.582001 -90.040604
v 4.260644 -153.276489 -92.582237
v -7.773149 -157.230759 -97.593338
v -18.863537 -163.652145 -102.211594
v -28.584373 -172.293839 -106.259514
v -36.562031 -182.823807 -109.581566
v -42.489983 -194.837357 -112.050064
v -46.140381 -207.872818 -113.570175
v -47.372952 -221.429245 -114.083458
v -46.140381 -234.985672 -113.570175
v -42.489983 -248.021118 -112.050064
v -36.562031 -260.034668 -109.581566
v -28.584373 -270.564636 -106.259514
v -18.863537 -279.206360 -102.211594
v -7.773149 -285.627747 -97.593338
v 4.260644 -289.582001 -92.582237
v 5.517797 -153.276489 -94.923607
v -5.307152 -157.230759 -102.186096
v -15.283464 -163.652145 -108.879227
v -24.027807 -172.293839 -114.745827
v -31.204075 -182.823807 -119.560402
v -36.536541 -194.837357 -123.137955
v -39.820244 -207.872818 -125.341011
v -40.928989 -221.429245 -126.084892
v -39.820244 -234.985672 -125.341011
v -36.536541 -248.021118 -123.137955
v -31.204075 -260.034668 -119.560402
v -24.027807 -270.564636 -114.745827
v -15.283464 -279.206360 -108.879227
v -5.307152 -285.627747 -102.186096
v 5.517797 -289.582001 -94.923607
v 7.207572 -153.276489 -96.974724
v -1.992538 -157.230759 -106.209503
v -10.471393 -163.652145 -114.720322
v -17.903202 -172.293839 -122.180130
v -24.002295 -182.823807 -128.302216
v -28.534359 -194.837357 -132.851334
v -31.325169 -207.872818 -135.652695
v -32.267483 -221.429245 -136.598572
v -31.325169 -234.985672 -135.652695
v -28.534359 -248.021118 -132.851334
v -24.002295 -260.034668 -128.302216
v -17.903202 -270.564636 -122.180130
v -10.471393 -279.206360 -114.720322
v -1.992538 -285.627747 -106.209503
v 7.207572 -289.582001 -96.974724
v 16.775360 -290.917175 -87.370880
v 9.265031 -153.276489 -98.656776
v 2.043317 -157.230759 -109.508965
v -4.612241 -163.652145 -119.510376
v -10.445914 -172.293839 -128.276718
v -15.233459 -182.823807 -135.471069
v -18.790945 -194.837357 -140.816940
v -20.981615 -207.872818 -144.108932
v -21.721291 -221.429245 -145.220474
v -20.981615 -234.985672 -144.108932
v -18.790945 -248.021118 -140.816940
v -15.233459 -260.034668 -135.471069
v -10.445914 -270.564636 -128.276718
v -4.612241 -279.206360 -119.510376
v 2.043317 -285.627747 -109.508965
v 9.265031 -289.582001 -98.656776
v 11.611110 -153.276489 -99.905106
v 6.645314 -157.230759 -111.957664
v 2.068823 -163.652145 -123.065353
v -1.942532 -172.293839 -132.801346
v -5.234536 -182.823807 -140.791443
v -7.680742 -194.837357 -146.728622
v -9.187080 -207.872818 -150.384735
v -9.695691 -221.429245 -151.619232
v -9.187080 -234.985672 -150.384735
v -7.680742 -248.021118 -146.728622
v -5.234536 -260.034668 -140.791443
v -1.942532 -270.564636 -132.801346
v 2.068823 -279.206360 -123.065353
v 6.645314 -285.627747 -111.957664
v 11.611110 -289.582001 -99.905106
v 14.155645 -153.276489 -100.671761
v 11.636604 -157.230759 -113.461510
v 9.315049 -163.652145 -125.248596
v 7.280170 -172.293839 -135.580093
v 5.610211 -182.823807 -144.058899
v 4.369298 -194.837357 -150.359238
v 3.605171 -207.872818 -154.238968
v 3.347172 -221.429245 -155.548950
v 3.605171 -234.985672 -154.238968
v 4.369298 -248.021118 -150.359238
v 5.610211 -260.034668 -144.058899
v 7.280170 -270.564636 -135.580093
v 9.315049 -279.206360 -125.248596
v 11.636604 -285.627747 -113.461510
v 14.155645 -289.582001 -100.671761
v 16.800858 -153.276489 -100.927269
v 16.825375 -157.230759 -113.962708
v 16.847973 -163.652145 -125.976204
v 16.867767 -172.293839 -136.506195
v 16.884029 -182.823807 -145.147873
v 16.896097 -194.837357 -151.569229
v 16.903549 -207.872818 -155.523499
v 16.906073 -221.429245 -156.858643
v 16.903549 -234.985672 -155.523499
v 16.896097 -248.021118 -151.569229
v 16.884029 -260.034668 -145.147873
v 16.867767 -270.564636 -136.506195
v 16.847973 -279.206360 -125.976204
v 16.825375 -285.627747 -113.962708
v 16.800858 -289.582001 -100.927269
v 19.445087 -153.276489 -100.661812
v 22.012220 -157.230759 -113.441994
v 24.378105 -163.652145 -125.220253
v 26.451815 -172.293839 -135.544037
v 28.153671 -182.823807 -144.016495
v 29.418251 -194.837357 -150.312119
v 30.196999 -207.872818 -154.188950
v 30.459949 -221.429245 -155.497940
v 30.196999 -234.985672 -154.188950
v 29.418251 -248.021118 -150.312119
v 28.153671 -260.034668 -144.016495
v 26.451815 -270.564636 -135.544037
v 24.378105 -279.206360 -125.220253
v 22.012220 -285.627747 -113.441994
v 19.445087 -289.582001 -100.661812
v 21.986719 -153.276489 -99.885590
v 26.997818 -157.230759 -111.919388
v 31.616066 -163.652145 -123.009766
v 35.663998 -172.293839 -132.730621
v 38.986050 -182.823807 -140.708267
v 41.454548 -194.837357 -146.636230
v 42.974663 -207.872818 -150.286606
v 43.487938 -221.429245 -151.519180
v 42.974663 -234.985672 -150.286606
v 41.454548 -248.021118 -146.636230
v 38.986050 -260.034668 -140.708267
v 35.663998 -270.564636 -132.730621
v 31.616066 -279.206360 -123.009766
v 26.997818 -285.627747 -111.919388
v 21.986719 -289.582001 -99.885590
v 24.328085 -153.276489 -98.628441
v 31.590569 -157.230759 -109.453377
v 38.283710 -163.652145 -119.429695
v 44.150303 -172.293839 -128.174042
v 48.964886 -182.823807 -135.350311
v 52.542439 -194.837357 -140.682785
v 54.745502 -207.872818 -143.966492
v 55.489372 -221.429245 -145.075211
v 54.745502 -234.985672 -143.966492
v 52.542439 -248.021118 -140.682785
v 48.964886 -260.034668 -135.350311
v 44.150303 -270.564636 -128.174042
v 38.283710 -279.206360 -119.429695
v 31.590569 -285.627747 -109.453377
v 24.328085 -289.582001 -98.628441
v 26.379204 -153.276489 -96.938660
v 35.613983 -157.230759 -106.138771
v 44.124794 -163.652145 -114.617615
v 51.584606 -172.293839 -122.049438
v 57.706692 -182.823807 -128.148529
v 62.255810 -194.837357 -132.680603
v 65.057159 -207.872818 -135.471405
v 66.003036 -221.429245 -136.413727
v 65.057159 -234.985672 -135.471405
v 62.255810 -248.021118 -132.680603
v 57.706692 -260.034668 -128.148529
v 51.584606 -270.564636 -122.049438
v 44.124794 -279.206360 -114.617615
v 35.613983 -285.627747 -106.138771
v 26.379204 -289.582001 -96.938660
v 28.061249 -153.276489 -94.881210
v 38.913441 -157.230759 -102.102928
v 48.914860 -163.652145 -108.758476
v 57.681206 -172.293839 -114.592148
v 64.875526 -182.823807 -119.379684
v 70.221405 -194.837357 -122.937180
v 73.513374 -207.872818 -125.127846
v 74.624924 -221.429245 -125.867516
v 73.513374 -234.985672 -125.127846
v 70.221405 -248.021118 -122.937180
v 64.875526 -260.034668 -119.379684
v 57.681206 -270.564636 -114.592148
v 48.914860 -279.206360 -108.758476
v 38.913441 -285.627747 -102.102928
v 28.061249 -289.582001 -94.881210
v 29.309587 -153.276489 -92.535133
v 41.362141 -157.230759 -97.500923
v 52.469822 -163.652145 -102.077408
v 62.205814 -172.293839 -106.088760
v 70.195892 -182.823807 -109.380768
v 76.133095 -194.837357 -111.826981
v 79.789192 -207.872818 -113.333313
v 81.023682 -221.429245 -113.841927
v 79.789192 -234.985672 -113.333313
v 76.133095 -248.021118 -111.826981
v 70.195892 -260.034668 -109.380768
v 62.205814 -270.564636 -106.088760
v 52.469822 -279.206360 -102.077408
v 41.362141 -285.627747 -97.500923
v 29.309587 -289.582001 -92.535133
v 30.076239 -153.276489 -89.990593
v 42.865986 -157.230759 -92.509636
v 54.653057 -163.652145 -94.831184
v 64.984558 -172.293839 -96.866066
v 73.463356 -182.823807 -98.536026
v 79.763695 -194.837357 -99.776932
v 83.643417 -207.872818 -100.541061
v 84.953407 -221.429245 -100.799072
v 83.643417 -234.985672 -100.541061
v 79.763695 -248.021118 -99.776932
v 73.463356 -260.034668 -98.536026
v 64.984558 -270.564636 -96.866066
v 54.653057 -279.206360 -94.831184
v 42.865986 -285.627747 -92.509636
v 30.076239 -289.582001 -89.990593
v 30.331745 -153.276489 -87.345383
v 43.367180 -157.230759 -87.320862
v 65.910645 -172.293839 -87.278465
v 80.973701 -194.837357 -87.250137
v 80.973701 -248.021118 -87.250137
v 65.910645 -270.564636 -87.278465
v 55.380676 -279.206360 -87.298264
v 43.367180 -285.627747 -87.320862
v 30.331745 -289.582001 -87.345383
v -97.900345 -157.236862 -89.059944
v -78.728706 -176.408524 -89.023888
v -68.353081 -201.457550 -89.004379
v -67.017891 -215.013962 -89.001869
v -68.353081 -228.570389 -89.004379
v -78.728706 -253.619385 -89.023888
v -123.214767 -146.861206 -86.462822
v -110.434586 -150.815475 -83.895683
v -98.656296 -157.236862 -81.529808
v -88.332558 -165.878571 -79.456093
v -79.860069 -176.408524 -77.754242
v -73.564445 -188.422073 -76.489662
v -69.687614 -201.457550 -75.710922
v -68.378571 -215.013962 -75.447983
v -69.687614 -228.570389 -75.710922
v -73.564445 -241.605835 -76.489662
v -79.860069 -253.619385 -77.754242
v -88.332558 -264.149353 -79.456093
v -98.656296 -272.791077 -81.529808
v -110.434586 -279.212463 -83.895683
v -123.214767 -283.166718 -86.462822
v -123.990990 -146.861206 -83.921181
v -111.957191 -150.815475 -78.910088
v -100.866791 -157.236862 -74.291840
v -91.145973 -165.878571 -70.243912
v -83.168297 -176.408524 -66.921860
v -77.240356 -188.422073 -64.453346
v -73.589943 -201.457550 -62.933250
v -72.357353 -215.013962 -62.419979
v -73.589943 -228.570389 -62.933250
v -77.240356 -241.605835 -64.453346
v -83.168297 -253.619385 -66.921860
v -91.145973 -264.149353 -70.243912
v -100.866791 -272.791077 -74.291840
v -111.957191 -279.212463 -78.910088
v -123.990990 -283.166718 -83.921181
v -125.248138 -146.861206 -81.579819
v -114.423187 -150.815475 -74.317329
v -104.446869 -157.236862 -67.624191
v -95.702530 -165.878571 -61.757599
v -88.526260 -176.408524 -56.943020
v -83.193794 -188.422073 -53.365459
v -79.910080 -201.457550 -51.162403
v -78.801308 -215.013962 -50.418530
v -79.910080 -228.570389 -51.162403
v -83.193794 -241.605835 -53.365459
v -88.526260 -253.619385 -56.943020
v -95.702530 -264.149353 -61.757599
v -104.446869 -272.791077 -67.624191
v -114.423187 -279.212463 -74.317329
v -125.248138 -283.166718 -81.579819
v -126.937912 -146.861206 -79.528694
v -117.737801 -150.815475 -70.293915
v -109.258942 -157.236862 -61.783100
v -101.827141 -165.878571 -54.323296
v -95.728035 -176.408524 -48.201210
v -91.195984 -188.422073 -43.652077
v -88.405167 -201.457550 -40.850735
v -87.462822 -215.013962 -39.904835
v -88.405167 -228.570389 -40.850735
v -91.195984 -241.605835 -43.652077
v -95.728035 -253.619385 -48.201210
v -101.827141 -264.149353 -54.323296
v -109.258942 -272.791077 -61.783100
v -117.737801 -279.212463 -70.293915
v -126.937912 -283.166718 -79.528694
v -128.995377 -146.861206 -77.846649
v -121.773666 -150.815475 -66.994469
v -115.118088 -157.236862 -56.993027
v -109.284424 -165.878571 -48.226700
v -104.496872 -176.408524 -41.032356
v -100.939392 -188.422073 -35.686481
v -98.748718 -201.457550 -32.394505
v -98.009018 -215.013962 -31.282942
v -98.748718 -228.570389 -32.394505
v -100.939392 -241.605835 -35.686481
v -104.496872 -253.619385 -41.032356
v -109.284424 -264.149353 -48.226700
v -115.118088 -272.791077 -56.993027
v -121.773666 -279.212463 -66.994469
v -128.995377 -283.166718 -77.846649
v -136.505707 -145.526016 -89.132545
v -131.341461 -146.861206 -76.598320
v -126.375664 -150.815475 -64.545753
v -121.799164 -157.236862 -53.438061
v -117.787811 -165.878571 -43.702084
v -114.495804 -176.408524 -35.711975
v -112.049599 -188.422073 -29.774786
v -110.543243 -201.457550 -26.118689
v -110.034622 -215.013962 -24.884176
v -110.543243 -228.570389 -26.118689
v -112.049599 -241.605835 -29.774786
v -114.495804 -253.619385 -35.711975
v -117.787811 -264.149353 -43.702084
v -121.799164 -272.791077 -53.438061
v -126.375664 -279.212463 -64.545753
v -131.341461 -283.166718 -76.598320
v -133.886002 -146.861206 -75.831657
v -131.366943 -150.815475 -63.041908
v -129.045395 -157.236862 -51.254814
v -127.010513 -165.878571 -40.923336
v -125.340546 -176.408524 -32.444519
v -124.099640 -188.422073 -26.144182
v -123.335503 -201.457550 -22.264456
v -123.077492 -215.013962 -20.954441
v -123.335503 -228.570389 -22.264456
v -124.099640 -241.605835 -26.144182
v -125.340546 -253.619385 -32.444519
v -127.010513 -264.149353 -40.923336
v -129.045395 -272.791077 -51.254814
v -131.366943 -279.212463 -63.041908
v -133.886002 -283.166718 -75.831657
v -136.531204 -146.861206 -75.576149
v -136.555710 -150.815475 -62.540714
v -136.578308 -157.236862 -50.527191
v -136.598114 -165.878571 -39.997246
v -136.614365 -176.408524 -31.355551
v -136.626434 -188.422073 -24.934177
v -136.633881 -201.457550 -20.979927
v -136.636398 -215.013962 -19.644749
v -136.633881 -228.570389 -20.979927
v -136.626434 -241.605835 -24.934177
v -136.614365 -253.619385 -31.355551
v -136.598114 -264.149353 -39.997246
v -136.578308 -272.791077 -50.527191
v -136.555710 -279.212463 -62.540714
v -136.531204 -283.166718 -75.576149
v -139.175446 -146.861206 -75.841606
v -141.742569 -150.815475 -63.061420
v -144.108459 -157.236862 -51.283146
v -146.182159 -165.878571 -40.959393
v -147.884018 -176.408524 -32.486919
v -149.148590 -188.422073 -26.191290
v -149.927338 -201.457550 -22.314472
v -150.190292 -215.013962 -21.005436
v -149.927338 -228.570389 -22.314472
v -149.148590 -241.605835 -26.191290
v -147.884018 -253.619385 -32.486919
v -146.182159 -264.149353 -40.959393
v -144.108459 -272.791077 -51.283146
v -141.742569 -279.212463 -63.061420
v -139.175446 -283.166718 -75.841606
v -141.717072 -146.861206 -76.617828
v -146.728165 -150.815475 -64.584030
v -151.346436 -157.236862 -53.493641
v -155.394348 -165.878571 -43.772812
v -158.716400 -176.408524 -35.795151
v -161.184891 -188.422073 -29.867191
v -162.705002 -201.457550 -26.216793
v -163.218277 -215.013962 -24.984217
v -162.705002 -228.570389 -26.216793
v -161.184891 -241.605835 -29.867191
v -158.716400 -253.619385 -35.795151
v -155.394348 -264.149353 -43.772812
v -151.346436 -272.791077 -53.493641
v -146.728165 -279.212463 -64.584030
v -141.717072 -283.166718 -76.617828
v -144.058441 -146.861206 -77.874985
v -151.320938 -150.815475 -67.050034
v -158.014069 -157.236862 -57.073711
v -163.880646 -165.878571 -48.329380
v -168.695236 -176.408524 -41.153107
v -172.272797 -188.422073 -35.820633
v -174.475861 -201.457550 -32.536930
v -175.219742 -215.013962 -31.428175
v -174.475861 -228.570389 -32.536930
v -172.272797 -241.605835 -35.820633
v -168.695236 -253.619385 -41.153107
v -163.880646 -264.149353 -48.329380
v -158.014069 -272.791077 -57.073711
v -151.320938 -279.212463 -67.050034
v -144.058441 -283.166718 -77.874985
v -146.109558 -146.861206 -79.564758
v -155.344330 -150.815475 -70.364647
v -163.855148 -157.236862 -61.885784
v -171.314957 -165.878571 -54.453979
v -177.437042 -176.408524 -48.354881
v -181.986176 -188.422073 -43.822819
v -184.787506 -201.457550 -41.032005
v -185.733414 -215.013962 -40.089684
v -184.787506 -228.570389 -41.032005
v -181.986176 -241.605835 -43.822819
v -177.437042 -253.619385 -48.354881
v -171.314957 -264.149353 -54.453979
v -163.855148 -272.791077 -61.885784
v -155.344330 -279.212463 -70.364647
v -146.109558 -283.166718 -79.564758
v -147.791611 -146.861206 -81.622215
v -158.643799 -150.815475 -74.400505
v -168.645218 -157.236862 -67.744942
v -177.411560 -165.878571 -61.911270
v -184.605896 -176.408524 -57.123722
v -189.951767 -188.422073 -53.566231
v -193.243759 -201.457550 -51.375561
v -194.355301 -215.013962 -50.635880
v -193.243759 -228.570389 -51.375561
v -189.951767 -241.605835 -53.566231
v -184.605896 -253.619385 -57.123722
v -177.411560 -264.149353 -61.911270
v -168.645218 -272.791077 -67.744942
v -158.643799 -279.212463 -74.400505
v -147.791611 -283.166718 -81.622215
v -149.039932 -146.861206 -83.968292
v -161.092499 -150.815475 -79.002502
v -172.200180 -157.236862 -74.426003
v -181.936157 -165.878571 -70.414658
v -189.926270 -176.408524 -67.122643
v -195.863464 -188.422073 -64.676437
v -199.519562 -201.457550 -63.170101
v -200.754074 -215.013962 -62.661480
v -199.519562 -228.570389 -63.170101
v -195.863464 -241.605835 -64.676437
v -189.926270 -253.619385 -67.122643
v -181.936157 -264.149353 -70.414658
v -172.200180 -272.791077 -74.426003
v -161.092499 -279.212463 -79.002502
v -149.039932 -283.166718 -83.968292
v -149.806595 -146.861206 -86.512833
v -162.596344 -150.815475 -83.993790
v -174.383423 -157.236862 -81.672234
v -184.714905 -165.878571 -79.637352
v -193.193726 -176.408524 -77.967392
v -199.494080 -188.422073 -76.726486
v -203.373795 -201.457550 -75.962349
v -204.683807 -215.013962 -75.704346
v -203.373795 -228.570389 -75.962349
v -199.494080 -241.605835 -76.726486
v -193.193726 -253.619385 -77.967392
v -184.714905 -264.149353 -79.637352
v -174.383423 -272.791077 -81.672234
v -162.596344 -279.212463 -83.993790
v -149.806595 -283.166718 -86.512833
v -150.062103 -146.861206 -89.158043
v -163.097534 -150.815475 -89.182564
v -175.111053 -157.236862 -89.205162
v -185.641006 -165.878571 -89.224953
v -194.282700 -176.408524 -89.241211
v -200.704071 -188.422073 -89.253281
v -204.658310 -201.457550 -89.260727
v -205.993469 -215.013962 -89.263252
v -204.658310 -228.570389 -89.260727
v -200.704071 -241.605835 -89.253281
v -194.282700 -253.619385 -89.241211
v -185.641006 -264.149353 -89.224953
v -175.111053 -272.791077 -89.205162
v -163.097534 -279.212463 -89.182564
v -150.062103 -283.166718 -89.158043
v -149.796646 -146.861206 -91.802277
v -162.576828 -150.815475 -94.369408
v -174.355103 -157.236862 -96.735291
v -184.678848 -165.878571 -98.808998
v -193.151337 -176.408524 -100.510864
v -199.446960 -188.422073 -101.775436
v -203.323776 -201.457550 -102.554176
v -204.632797 -215.013962 -102.817131
v -203.323776 -228.570389 -102.554176
v -199.446960 -241.605835 -101.775436
v -193.151337 -253.619385 -100.510864
v -184.678848 -264.149353 -98.808998
v -174.355103 -272.791077 -96.735291
v -162.576828 -279.212463 -94.369408
v -149.796646 -283.166718 -91.802277
v -149.020416 -146.861206 -94.343918
v -161.054214 -150.815475 -99.355003
v -172.144608 -157.236862 -103.973259
v -181.865433 -165.878571 -108.021179
v -189.843109 -176.408524 -111.343231
v -195.771042 -188.422073 -113.811737
v -199.421448 -201.457550 -115.331841
v -200.654022 -215.013962 -115.845123
v -199.421448 -228.570389 -115.331841
v -195.771042 -241.605835 -113.811737
v -189.843109 -253.619385 -111.343231
v -181.865433 -264.149353 -108.021179
v -172.144608 -272.791077 -103.973259
v -161.054214 -279.212463 -99.355003
v -149.020416 -283.166718 -94.343918
v -147.763290 -146.861206 -96.685280
v -158.588226 -150.815475 -103.947769
v -168.564529 -157.236862 -110.640900
v -177.308868 -165.878571 -116.507492
v -184.485153 -176.408524 -121.322067
v -189.817612 -188.422073 -124.899620
v -193.101318 -201.457550 -127.102684
v -194.210068 -215.013962 -127.846558
v -193.101318 -228.570389 -127.102684
v -189.817612 -241.605835 -124.899620
v -184.485153 -253.619385 -121.322067
v -177.308868 -264.149353 -116.507492
v -168.564529 -272.791077 -110.640900
v -158.588226 -279.212463 -103.947769
v -147.763290 -283.166718 -96.685280
v -146.073486 -146.861206 -98.736389
v -155.273590 -150.815475 -107.971169
v -163.752457 -157.236862 -116.481987
v -171.184265 -165.878571 -123.941803
v -177.283371 -176.408524 -130.063889
v -181.815430 -188.422073 -134.613022
v -184.606232 -201.457550 -137.414352
v -185.548553 -215.013962 -138.360245
v -184.606232 -228.570389 -137.414352
v -181.815430 -241.605835 -134.613022
v -177.283371 -253.619385 -130.063889
v -171.184265 -264.149353 -123.941803
v -163.752457 -272.791077 -116.481987
v -155.273590 -279.212463 -107.971169
v -146.073486 -283.166718 -98.736389
v -136.505707 -284.501892 -89.132545
v -144.016037 -146.861206 -100.418442
v -151.237762 -150.815475 -111.270630
v -157.893311 -157.236862 -121.272049
v -163.726990 -165.878571 -130.038391
v -168.514526 -176.408524 -137.232742
v -172.072006 -188.422073 -142.578613
v -174.262695 -201.457550 -145.870590
v -175.002365 -215.013962 -146.982132
v -174.262695 -228.570389 -145.870590
v -172.072006 -241.605835 -142.578613
v -168.514526 -253.619385 -137.232742
v -163.726990 -264.149353 -130.038391
v -157.893311 -272.791077 -121.272049
v -151.237762 -279.212463 -111.270630
v -144.016037 -283.166718 -100.418442
v -141.669952 -146.861206 -101.666771
v -146.635757 -150.815475 -113.719330
v -151.212250 -157.236862 -124.827019
v -155.223602 -165.878571 -134.563019
v -158.515610 -176.408524 -142.553101
v -160.961807 -188.422073 -148.490295
v -162.468140 -201.457550 -152.146408
v -162.976761 -215.013962 -153.380890
v -162.468140 -228.570389 -152.146408
v -160.961807 -241.605835 -148.490295
v -158.515610 -253.619385 -142.553101
v -155.223602 -264.149353 -134.563019
v -151.212250 -272.791077 -124.827019
v -146.635757 -279.212463 -113.719330
v -141.669952 -283.166718 -101.666771
v -139.125427 -146.861206 -102.433426
v -141.644455 -150.815475 -115.223183
v -143.966019 -157.236862 -127.010262
v -146.000900 -165.878571 -137.341751
v -147.670868 -176.408524 -145.820557
v -148.911758 -188.422073 -152.120911
v -149.675903 -201.457550 -156.000626
v -149.933899 -215.013962 -157.310623
v -149.675903 -228.570389 -156.000626
v -148.911758 -241.605835 -152.120911
v -147.670868 -253.619385 -145.820557
v -146.000900 -264.149353 -137.341751
v -143.966019 -272.791077 -127.010262
v -141.644455 -279.212463 -115.223183
v -139.125427 -283.166718 -102.433426
v -136.480209 -146.861206 -102.688934
v -136.455688 -150.815475 -115.724373
v -136.433090 -157.236862 -127.737869
v -136.413300 -165.878571 -138.267853
v -136.397034 -176.408524 -146.909531
v -136.384964 -188.422073 -153.330902
v -136.377518 -201.457550 -157.285172
v -136.375000 -215.013962 -158.620316
v -136.377518 -228.570389 -157.285172
v -136.384964 -241.605835 -153.330902
v -136.397034 -253.619385 -146.909531
v -136.413300 -264.149353 -138.267853
v -136.433090 -272.791077 -127.737869
v -136.455688 -279.212463 -115.724373
v -136.480209 -283.166718 -102.688934
v -133.835983 -146.861206 -102.423477
v -131.268845 -150.815475 -115.203667
v -128.902969 -157.236862 -126.981918
v -126.829254 -165.878571 -137.305695
v -125.127403 -176.408524 -145.778152
v -123.862816 -188.422073 -152.073792
v -123.084068 -201.457550 -155.950607
v -122.821121 -215.013962 -157.259613
v -123.084068 -228.570389 -155.950607
v -123.862816 -241.605835 -152.073792
v -125.127403 -253.619385 -145.778152
v -126.829254 -264.149353 -137.305695
v -128.902969 -272.791077 -126.981918
v -131.268845 -279.212463 -115.203667
v -133.835983 -283.166718 -102.423477
v -131.294342 -146.861206 -101.647263
v -126.283257 -150.815475 -113.681053
v -121.665009 -157.236862 -124.771439
v -117.617065 -165.878571 -134.492294
v -114.295021 -176.408524 -142.469940
v -111.826530 -188.422073 -148.397888
v -110.306404 -201.457550 -152.048279
v -109.793137 -215.013962 -153.280838
v -110.306404 -228.570389 -152.048279
v -111.826530 -241.605835 -148.397888
v -114.295021 -253.619385 -142.469940
v -117.617065 -264.149353 -134.492294
v -121.665009 -272.791077 -124.771439
v -126.283257 -279.212463 -113.681053
v -131.294342 -283.166718 -101.647263
v -128.952988 -146.861206 -100.390106
v -121.690506 -150.815475 -111.215057
v -114.997360 -157.236862 -121.191360
v -109.130768 -165.878571 -129.935715
v -104.316185 -176.408524 -137.111969
v -100.738640 -188.422073 -142.444443
v -98.535568 -201.457550 -145.728149
v -97.791702 -215.013962 -146.836884
v -98.535568 -228.570389 -145.728149
v -100.738640 -241.605835 -142.444443
v -104.316185 -253.619385 -137.111969
v -109.130768 -264.149353 -129.935715
v -114.997360 -272.791077 -121.191360
v -121.690506 -279.212463 -111.215057
v -128.952988 -283.166718 -100.390106
v -126.901871 -146.861206 -98.700325
v -117.667091 -150.815475 -107.900436
v -109.156273 -157.236862 -116.379280
v -101.696465 -165.878571 -123.811104
v -95.574371 -176.408524 -129.910187
v -91.025253 -188.422073 -134.442276
v -88.223907 -201.457550 -137.233078
v -87.278023 -215.013962 -138.175400
v -88.223907 -228.570389 -137.233078
v -91.025253 -241.605835 -134.442276
v -95.574371 -253.619385 -129.910187
v -101.696465 -264.149353 -123.811104
v -109.156273 -272.791077 -116.379280
v -117.667091 -279.212463 -107.900436
v -126.901871 -283.166718 -98.700325
v -125.219826 -146.861206 -96.642876
v -114.367630 -150.815475 -103.864594
v -104.366211 -157.236862 -110.520142
v -95.599869 -165.878571 -116.353821
v -88.405533 -176.408524 -121.141357
v -83.059662 -188.422073 -124.698845
v -79.767677 -201.457550 -126.889511
v -78.656151 -215.013962 -127.629189
v -79.767677 -228.570389 -126.889511
v -83.059662 -241.605835 -124.698845
v -88.405533 -253.619385 -121.141357
v -95.599869 -264.149353 -116.353821
v -104.366211 -272.791077 -110.520142
v -114.367630 -279.212463 -103.864594
v -125.219826 -283.166718 -96.642876
v -123.971489 -146.861206 -94.296799
v -111.918930 -150.815475 -99.262589
v -100.811256 -157.236862 -103.839081
v -91.075249 -165.878571 -107.850433
v -83.085167 -176.408524 -111.142441
v -77.147972 -188.422073 -113.588646
v -73.491875 -201.457550 -115.094986
v -72.257385 -215.013962 -115.603600
v -73.491875 -228.570389 -115.094986
v -77.147972 -241.605835 -113.588646
v -83.085167 -253.619385 -111.142441
v -91.075249 -264.149353 -107.850433
v -100.811256 -272.791077 -103.839081
v -111.918930 -279.212463 -99.262589
v -123.971489 -283.166718 -94.296799
v -123.204826 -146.861206 -91.752266
v -110.415085 -150.815475 -94.271301
v -98.628006 -157.236862 -96.592850
v -88.296509 -165.878571 -98.627731
v -79.817703 -176.408524 -100.297691
v -73.517365 -188.422073 -101.538605
v -69.637642 -201.457550 -102.302734
v -68.327660 -215.013962 -102.560738
v -69.637642 -228.570389 -102.302734
v -73.517365 -241.605835 -101.538605
v -79.817703 -253.619385 -100.297691
v -88.296509 -264.149353 -98.627731
v -98.628006 -272.791077 -96.592850
v -110.415085 -279.212463 -94.271301
v -123.204826 -283.166718 -91.752266
v -122.949326 -146.861206 -89.107056
v -109.913887 -150.815475 -89.082527
v -87.370415 -165.878571 -89.040138
v -72.307373 -188.422073 -89.011810
v -72.307373 -241.605835 -89.011810
v -87.370415 -264.149353 -89.040138
v -97.900398 -272.791077 -89.059929
v -109.913887 -279.212463 -89.082527
v -122.949326 -283.166718 -89.107056
v 131.639114 101.665909 -107.310951
v 163.680298 69.624664 -107.250694
v 181.020874 27.760761 -107.218079
v 183.252335 5.104180 -107.213882
v 181.020874 -17.552402 -107.218079
v 163.680298 -59.416309 -107.250694
v 89.331627 119.006516 -102.970421
v 110.690880 112.397827 -98.680023
v 130.375687 101.665909 -94.725975
v 147.629562 87.223190 -91.260223
v 161.789444 69.624664 -88.415955
v 172.311203 49.546669 -86.302460
v 178.790466 27.760761 -85.000992
v 180.978256 5.104180 -84.561531
v 178.790466 -17.552402 -85.000992
v 172.311203 -39.338306 -86.302460
v 161.789444 -59.416309 -88.415955
v 147.629562 -77.014816 -91.260223
v 130.375687 -91.457558 -94.725975
v 110.690880 -102.189468 -98.680023
v 89.331627 -108.798149 -102.970421
v 88.034340 119.006516 -98.722641
v 108.146179 112.397827 -90.347694
v 126.681343 101.665909 -82.629303
v 142.927567 87.223190 -75.864082
v 156.260468 69.624664 -70.311996
v 166.167740 49.546669 -66.186440
v 172.268600 27.760761 -63.645927
v 174.328598 5.104180 -62.788097
v 172.268600 -17.552402 -63.645927
v 166.167740 -39.338306 -66.186440
v 156.260468 -59.416309 -70.311996
v 142.927567 -77.014816 -75.864082
v 126.681343 -91.457558 -82.629303
v 108.146179 -102.189468 -90.347694
v 88.034340 -108.798149 -98.722641
v 85.933289 119.006516 -94.809555
v 104.024811 112.397827 -82.671913
v 120.698051 101.665909 -71.485794
v 135.312271 87.223190 -61.681087
v 147.305832 69.624664 -53.634571
v 156.217865 49.546669 -47.655464
v 161.705856 27.760761 -43.973549
v 163.558945 5.104180 -42.730316
v 161.705856 -17.552402 -43.973549
v 156.217865 -39.338306 -47.655464
v 147.305832 -59.416309 -53.634571
v 135.312271 -77.014816 -61.681087
v 120.698051 -91.457558 -71.485794
v 104.024811 -102.189468 -82.671913
v 85.933289 -108.798149 -94.809555
v 83.109192 119.006516 -91.381561
v 98.485153 112.397827 -75.947662
v 112.655724 101.665909 -61.723698
v 125.076332 87.223190 -49.256283
v 135.269638 69.624664 -39.024555
v 142.843979 49.546669 -31.421686
v 147.508224 27.760761 -26.739851
v 149.083145 5.104180 -25.158995
v 147.508224 -17.552402 -26.739851
v 142.843979 -39.338306 -31.421686
v 135.269638 -59.416309 -39.024555
v 125.076332 -77.014816 -49.256283
v 112.655724 -91.457558 -61.723698
v 98.485153 -102.189468 -75.947662
v 83.109192 -108.798149 -91.381561
v 79.670601 119.006516 -88.570389
v 91.740112 112.397827 -70.433342
v 102.863441 101.665909 -53.718147
v 112.613121 87.223190 -39.067158
v 120.614456 69.624664 -27.043404
v 126.560020 49.546669 -18.108952
v 130.221237 27.760761 -12.607126
v 131.457489 5.104180 -10.749396
v 130.221237 -17.552402 -12.607126
v 126.560020 -39.338306 -18.108952
v 120.614456 -59.416309 -27.043404
v 112.613121 -77.014816 -39.067158
v 102.863441 -91.457558 -53.718147
v 91.740112 -102.189468 -70.433342
v 79.670601 -108.798149 -88.570389
v 67.118736 121.237991 -107.432289
v 75.749649 119.006516 -86.484070
v 84.048882 112.397827 -66.340881
v 91.697495 101.665909 -47.776802
v 98.401581 87.223190 -31.505259
v 103.903450 69.624664 -18.151560
v 107.991745 49.546669 -8.228851
v 110.509270 27.760761 -2.118482
v 111.359337 5.104180 -0.055265
v 110.509270 -17.552402 -2.118482
v 107.991745 -39.338306 -8.228851
v 103.903450 -59.416309 -18.151560
v 98.401581 -77.014816 -31.505259
v 91.697495 -91.457558 -47.776802
v 84.048882 -102.189468 -66.340881
v 75.749649 -108.798149 -86.484070
v 71.497017 119.006516 -85.202774
v 75.707039 112.397827 -63.827530
v 79.587021 101.665909 -44.127991
v 82.987862 87.223190 -26.861191
v 85.778839 69.624664 -12.690721
v 87.852745 49.546669 -2.161090
v 89.129829 27.760761 4.323017
v 89.561043 5.104180 6.512426
v 89.129829 -17.552402 4.323017
v 87.852745 -39.338306 -2.161090
v 85.778839 -59.416309 -12.690721
v 82.987862 -77.014816 -26.861191
v 79.587021 -91.457558 -44.127991
v 75.707039 -102.189468 -63.827530
v 71.497017 -108.798149 -85.202774
v 67.076126 119.006516 -84.775757
v 67.035156 112.397827 -62.989880
v 66.997383 101.665909 -42.911930
v 66.964294 87.223190 -25.313435
v 66.937126 69.624664 -10.870750
v 66.916962 49.546669 -0.138838
v 66.904518 27.760761 6.469824
v 66.900314 5.104180 8.701279
v 66.904518 -17.552402 6.469824
v 66.916962 -39.338306 -0.138838
v 66.937126 -59.416309 -10.870750
v 66.964294 -77.014816 -25.313435
v 66.997383 -91.457558 -42.911930
v 67.035156 -102.189468 -62.989880
v 67.076126 -108.798149 -84.775757
v 62.656876 119.006516 -85.219398
v 58.366478 112.397827 -63.860142
v 54.412430 101.665909 -44.175339
v 50.946678 87.223190 -26.921457
v 48.102398 69.624664 -12.761583
v 45.988926 49.546669 -2.239821
v 44.687439 27.760761 4.239431
v 44.247978 5.104180 6.427188
v 44.687439 -17.552402 4.239431
v 45.988926 -39.338306 -2.239821
v 48.102398 -59.416309 -12.761583
v 50.946678 -77.014816 -26.921457
v 54.412430 -91.457558 -44.175339
v 58.366478 -102.189468 -63.860142
v 62.656876 -108.798149 -85.219398
v 58.409096 119.006516 -86.516685
v 50.034149 112.397827 -66.404846
v 42.315758 101.665909 -47.869686
v 35.550541 87.223190 -31.623466
v 29.998455 69.624664 -18.290562
v 25.872902 49.546669 -8.383286
v 23.332378 27.760761 -2.282444
v 22.474550 5.104180 -0.222460
v 23.332378 -17.552402 -2.282444
v 25.872902 -39.338306 -8.383286
v 29.998455 -59.416309 -18.290562
v 35.550541 -77.014816 -31.623466
v 42.315758 -91.457558 -47.869686
v 50.034149 -102.189468 -66.404846
v 58.409096 -108.798149 -86.516685
v 54.496017 119.006516 -88.617744
v 42.358372 112.397827 -70.526215
v 31.172255 101.665909 -53.852989
v 21.367544 87.223190 -39.238766
v 13.321025 69.624664 -27.245205
v 7.341924 49.546669 -18.333158
v 3.660007 27.760761 -12.845162
v 2.416777 5.104180 -10.992124
v 3.660007 -17.552402 -12.845162
v 7.341924 -39.338306 -18.333158
v 13.321025 -59.416309 -27.245205
v 21.367544 -77.014816 -39.238766
v 31.172255 -91.457558 -53.852989
v 42.358372 -102.189468 -70.526215
v 54.496017 -108.798149 -88.617744
v 51.068024 119.006516 -91.441826
v 35.634117 112.397827 -76.065872
v 21.410152 101.665909 -61.895317
v 8.942742 87.223190 -49.474693
v -1.288984 69.624664 -39.281391
v -8.891854 49.546669 -31.707047
v -13.573688 27.760761 -27.042809
v -15.154539 5.104180 -25.467928
v -13.573688 -17.552402 -27.042809
v -8.891854 -39.338306 -31.707047
v -1.288984 -59.416309 -39.281391
v 8.942742 -77.014816 -49.474693
v 21.410152 -91.457558 -61.895317
v 35.634117 -102.189468 -76.065872
v 51.068024 -108.798149 -91.441826
v 48.256851 119.006516 -94.880409
v 30.119799 112.397827 -82.810913
v 13.404609 101.665909 -71.687607
v -1.246382 87.223190 -61.937904
v -13.270129 69.624664 -53.936573
v -22.204586 49.546669 -47.991013
v -27.706406 27.760761 -44.329792
v -29.564129 5.104180 -43.093571
v -27.706406 -17.552402 -44.329792
v -22.204586 -39.338306 -47.991013
v -13.270129 -59.416309 -53.936573
v -1.246382 -77.014816 -61.937904
v 13.404609 -91.457558 -71.687607
v 30.119799 -102.189468 -82.810913
v 48.256851 -108.798149 -94.880409
v 46.170532 119.006516 -98.801376
v 26.027334 112.397827 -90.502144
v 7.463271 101.665909 -82.853523
v -8.808281 87.223190 -76.149445
v -22.161972 69.624664 -70.647575
v -32.084682 49.546669 -66.559280
v -38.195049 27.760761 -64.041763
v -40.258255 5.104180 -63.191715
v -38.195049 -17.552402 -64.041763
v -32.084682 -39.338306 -66.559280
v -22.161972 -59.416309 -70.647575
v -8.808281 -77.014816 -76.149445
v 7.463271 -91.457558 -82.853523
v 26.027334 -102.189468 -90.502144
v 46.170532 -108.798149 -98.801376
v 44.889236 119.006516 -103.054008
v 23.513988 112.397827 -98.843987
v 3.814464 101.665909 -94.964005
v -13.452348 87.223190 -91.563156
v -27.622812 69.624664 -88.772179
v -38.152439 49.546669 -86.698265
v -44.636543 27.760761 -85.421196
v -46.825939 5.104180 -84.990005
v -44.636543 -17.552402 -85.421196
v -38.152439 -39.338306 -86.698265
v -27.622812 -59.416309 -88.772179
v -13.452348 -77.014816 -91.563156
v 3.814464 -91.457558 -94.964005
v 23.513988 -102.189468 -98.843987
v 44.889236 -108.798149 -103.054008
v 44.462215 119.006516 -107.474899
v 22.676346 112.397827 -107.515869
v 2.598402 101.665909 -107.553635
v -15.000104 87.223190 -107.586723
v -29.442783 69.624664 -107.613892
v -40.174686 49.546669 -107.634071
v -46.783348 27.760761 -107.646507
v -49.014782 5.104180 -107.650726
v -46.783348 -17.552402 -107.646507
v -40.174686 -39.338306 -107.634071
v -29.442783 -59.416309 -107.613892
v -15.000104 -77.014816 -107.586723
v 2.598402 -91.457558 -107.553635
v 22.676346 -102.189468 -107.515869
v 44.462215 -108.798149 -107.474899
v 44.905861 119.006516 -111.894142
v 23.546600 112.397827 -116.184540
v 3.861815 101.665909 -120.138596
v -13.392083 87.223190 -123.604347
v -27.551950 69.624664 -126.448616
v -38.073708 49.546669 -128.562088
v -44.552956 27.760761 -129.863586
v -46.740692 5.104180 -130.303070
v -44.552956 -17.552402 -129.863586
v -38.073708 -39.338306 -128.562088
v -27.551950 -59.416309 -126.448616
v -13.392083 -77.014816 -123.604347
v 3.861815 -91.457558 -120.138596
v 23.546600 -102.189468 -116.184540
v 44.905861 -108.798149 -111.894142
v 46.203144 119.006516 -116.141930
v 26.091307 112.397827 -124.516876
v 7.556160 101.665909 -132.235260
v -8.690074 87.223190 -139.000488
v -22.022968 69.624664 -144.552582
v -31.930241 49.546669 -148.678131
v -38.031082 27.760761 -151.218658
v -40.091045 5.104180 -152.076477
v -38.031082 -17.552402 -151.218658
v -31.930241 -39.338306 -148.678131
v -22.022968 -59.416309 -144.552582
v -8.690074 -77.014816 -139.000488
v 7.556160 -91.457558 -132.235260
v 26.091307 -102.189468 -124.516876
v 46.203144 -108.798149 -116.141930
v 48.304199 119.006516 -120.055008
v 30.212677 112.397827 -132.192657
v 13.539465 101.665909 -143.378769
v -1.074775 87.223190 -153.183487
v -13.068328 69.624664 -161.229996
v -21.980375 49.546669 -167.209091
v -27.468363 27.760761 -170.891022
v -29.321381 5.104180 -172.134262
v -27.468363 -17.552402 -170.891022
v -21.980375 -39.338306 -167.209091
v -13.068328 -59.416309 -161.229996
v -1.074775 -77.014816 -153.183487
v 13.539465 -91.457558 -143.378769
v 30.212677 -102.189468 -132.192657
v 48.304199 -108.798149 -120.055008
v 51.128288 119.006516 -123.482994
v 35.752327 112.397827 -138.916916
v 21.581787 101.665909 -153.140854
v 9.161155 87.223190 -165.608292
v -1.032139 69.624664 -175.840012
v -8.606486 49.546669 -183.442871
v -13.270716 27.760761 -188.124695
v -14.845584 5.104180 -189.705566
v -13.270716 -17.552402 -188.124695
v -8.606486 -39.338306 -183.442871
v -1.032139 -59.416309 -175.840012
v 9.161155 -77.014816 -165.608292
v 21.581787 -91.457558 -153.140854
v 35.752327 -102.189468 -138.916916
v 51.128288 -108.798149 -123.482994
v 67.118736 -111.029633 -107.432289
v 54.566875 119.006516 -126.294174
v 42.497364 112.397827 -144.431229
v 31.374069 101.665909 -161.146408
v 21.624369 87.223190 -175.797394
v 13.623041 69.624664 -187.821136
v 7.677479 49.546669 -196.755600
v 4.016265 27.760761 -202.257431
v 2.780062 5.104180 -204.115128
v 4.016265 -17.552402 -202.257431
v 7.677479 -39.338306 -196.755600
v 13.623041 -59.416309 -187.821136
v 21.624369 -77.014816 -175.797394
v 31.374069 -91.457558 -161.146408
v 42.497364 -102.189468 -144.431229
v 54.566875 -108.798149 -126.294174
v 58.487831 119.006516 -128.380493
v 50.188595 112.397827 -148.523697
v 42.539997 101.665909 -167.087738
v 35.835907 87.223190 -183.359314
v 30.334042 69.624664 -196.712997
v 26.245745 49.546669 -206.635696
v 23.728231 27.760761 -212.746078
v 22.878202 5.104180 -214.809250
v 23.728231 -17.552402 -212.746078
v 26.245745 -39.338306 -206.635696
v 30.334042 -59.416309 -196.712997
v 35.835907 -77.014816 -183.359314
v 42.539997 -91.457558 -167.087738
v 50.188595 -102.189468 -148.523697
v 58.487831 -108.798149 -128.380493
v 62.740463 119.006516 -129.661789
v 58.530441 112.397827 -151.037033
v 54.650471 101.665909 -170.736557
v 51.249622 87.223190 -188.003357
v 48.458649 69.624664 -202.173828
v 46.384735 49.546669 -212.703461
v 45.107666 27.760761 -219.187561
v 44.676476 5.104180 -221.376923
v 45.107666 -17.552402 -219.187561
v 46.384735 -39.338306 -212.703461
v 48.458649 -59.416309 -202.173828
v 51.249622 -77.014816 -188.003357
v 54.650471 -91.457558 -170.736557
v 58.530441 -102.189468 -151.037033
v 62.740463 -108.798149 -129.661789
v 67.161339 119.006516 -130.088806
v 67.202316 112.397827 -151.874664
v 67.240089 101.665909 -171.952591
v 67.273170 87.223190 -189.551117
v 67.300354 69.624664 -203.993790
v 67.320511 49.546669 -214.725708
v 67.332970 27.760761 -221.334366
v 67.337189 5.104180 -223.565781
v 67.332970 -17.552402 -221.334366
v 67.320511 -39.338306 -214.725708
v 67.300354 -59.416309 -203.993790
v 67.273170 -77.014816 -189.551117
v 67.240089 -91.457558 -171.952591
v 67.202316 -102.189468 -151.874664
v 67.161339 -108.798149 -130.088806
v 71.580597 119.006516 -129.645172
v 75.870995 112.397827 -151.004425
v 79.825050 101.665909 -170.689194
v 83.290794 87.223190 -187.943100
v 86.135071 69.624664 -202.102966
v 88.248550 49.546669 -212.624725
v 89.550049 27.760761 -219.103973
v 89.989517 5.104180 -221.291687
v 89.550049 -17.552402 -219.103973
v 88.248550 -39.338306 -212.624725
v 86.135071 -59.416309 -202.102966
v 83.290794 -77.014816 -187.943100
v 79.825050 -91.457558 -170.689194
v 75.870995 -102.189468 -151.004425
v 71.580597 -108.798149 -129.645172
v 75.828377 119.006516 -128.347885
v 84.203323 112.397827 -148.459717
v 91.921707 101.665909 -166.994843
v 98.686928 87.223190 -183.241104
v 104.239014 69.624664 -196.573975
v 108.364571 49.546669 -206.481247
v 110.905098 27.760761 -212.582092
v 111.762924 5.104180 -214.642044
v 110.905098 -17.552402 -212.582092
v 108.364571 -39.338306 -206.481247
v 104.239014 -59.416309 -196.573975
v 98.686928 -77.014816 -183.241104
v 91.921707 -91.457558 -166.994843
v 84.203323 -102.189468 -148.459717
v 75.828377 -108.798149 -128.347885
v 79.741447 119.006516 -126.246826
v 91.879089 112.397827 -144.338333
v 103.065201 101.665909 -161.011536
v 112.869926 87.223190 -175.625793
v 120.916435 69.624664 -187.619324
v 126.895538 49.546669 -196.531403
v 130.577469 27.760761 -202.019379
v 131.820694 5.104180 -203.872375
v 130.577469 -17.552402 -202.019379
v 126.895538 -39.338306 -196.531403
v 120.916435 -59.416309 -187.619324
v 112.869926 -77.014816 -175.625793
v 103.065201 -91.457558 -161.011536
v 91.879089 -102.189468 -144.338333
v 79.741447 -108.798149 -126.246826
v 83.169449 119.006516 -123.422737
v 98.603348 112.397827 -138.798691
v 112.827301 101.665909 -152.969223
v 125.294724 87.223190 -165.389877
v 135.526443 69.624664 -175.583145
v 143.129303 49.546669 -183.157501
v 147.811127 27.760761 -187.821732
v 149.391983 5.104180 -189.396576
v 147.811127 -17.552402 -187.821732
v 143.129303 -39.338306 -183.157501
v 135.526443 -59.416309 -175.583145
v 125.294724 -77.014816 -165.389877
v 112.827301 -91.457558 -152.969223
v 98.603348 -102.189468 -138.798691
v 83.169449 -108.798149 -123.422737
v 85.980606 119.006516 -119.984138
v 104.117661 112.397827 -132.053650
v 120.832825 101.665909 -143.176956
v 135.483856 87.223190 -152.926651
v 147.507584 69.624664 -160.927979
v 156.442047 49.546669 -166.873520
v 161.943863 27.760761 -170.534744
v 163.801559 5.104180 -171.770950
v 161.943863 -17.552402 -170.534744
v 156.442047 -39.338306 -166.873520
v 147.507584 -59.416309 -160.927979
v 135.483856 -77.014816 -152.926651
v 120.832825 -91.457558 -143.176956
v 104.117661 -102.189468 -132.053650
v 85.980606 -108.798149 -119.984138
v 88.066940 119.006516 -116.063194
v 108.210136 112.397827 -124.362427
v 126.774178 101.665909 -132.011032
v 143.045746 87.223190 -138.715118
v 156.399414 69.624664 -144.216965
v 166.322128 49.546669 -148.305283
v 172.432495 27.760761 -150.822800
v 174.495667 5.104180 -151.672821
v 172.432495 -17.552402 -150.822800
v 166.322128 -39.338306 -148.305283
v 156.399414 -59.416309 -144.216965
v 143.045746 -77.014816 -138.715118
v 126.774178 -91.457558 -132.011032
v 108.210136 -102.189468 -124.362427
v 88.066940 -108.798149 -116.063194
v 89.348221 119.006516 -111.810555
v 110.723473 112.397827 -116.020584
v 130.422958 101.665909 -119.900528
v 147.689804 87.223190 -123.301399
v 161.860260 69.624664 -126.092361
v 172.389893 49.546669 -128.166275
v 178.873978 27.760761 -129.443359
v 181.063324 5.104180 -129.874542
v 178.873978 -17.552402 -129.443359
v 172.389893 -39.338306 -128.166275
v 161.860260 -59.416309 -126.092361
v 147.689804 -77.014816 -123.301399
v 130.422958 -91.457558 -119.900528
v 110.723473 -102.189468 -116.020584
v 89.348221 -108.798149 -111.810555
v 89.775253 119.006516 -107.389679
v 111.561119 112.397827 -107.348701
v 149.237579 87.223190 -107.277847
v 174.412140 49.546669 -107.230499
v 174.412140 -39.338306 -107.230499
v 149.237579 -77.014816 -107.277847
v 131.639023 -91.457558 -107.310921
v 111.561119 -102.189468 -107.348701
v 89.775253 -108.798149 -107.389679
v 30.052315 217.264893 -107.501984
v 62.093498 185.223633 -107.441727
v 79.434067 143.359741 -107.409111
v 81.665543 120.703156 -107.404915
v 79.434067 98.046585 -107.409111
v 62.093498 56.182678 -107.441727
v -12.255160 234.605469 -103.161453
v 9.104098 227.996796 -98.871063
v 28.788900 217.264893 -94.917015
v 46.042778 202.822159 -91.451263
v 60.202667 185.223633 -88.606987
v 70.724411 165.145630 -86.493500
v 77.203667 143.359741 -85.192024
v 79.391457 120.703156 -84.752571
v 77.203667 98.046585 -85.192024
v 70.724411 76.260689 -86.493500
v 60.202667 56.182678 -88.606987
v 46.042778 38.584164 -91.451263
v 28.788900 24.141434 -94.917015
v 9.104098 13.409520 -98.871063
v -12.255160 6.800839 -103.161453
v -13.552447 234.605469 -98.913673
v 6.559392 227.996796 -90.538734
v 25.094553 217.264893 -82.820343
v 41.340767 202.822159 -76.055122
v 54.673683 185.223633 -70.503036
v 64.580940 165.145630 -66.377472
v 70.681801 143.359741 -63.836967
v 72.741814 120.703156 -62.979134
v 70.681801 98.046585 -63.836967
v 64.580940 76.260689 -66.377472
v 54.673683 56.182678 -70.503036
v 41.340767 38.584164 -76.055122
v 25.094553 24.141434 -82.820343
v 6.559392 13.409520 -90.538734
v -13.552447 6.800839 -98.913673
v -15.653497 234.605469 -95.000595
v 2.438024 227.996796 -82.862953
v 19.111254 217.264893 -71.676834
v 33.725475 202.822159 -61.872120
v 45.719036 185.223633 -53.825611
v 54.631081 165.145630 -47.846504
v 60.119087 143.359741 -44.164589
v 61.972149 120.703156 -42.921356
v 60.119087 98.046585 -44.164589
v 54.631081 76.260689 -47.846504
v 45.719036 56.182678 -53.825611
v 33.725475 38.584164 -61.872120
v 19.111254 24.141434 -71.676834
v 2.438024 13.409520 -82.862953
v -15.653497 6.800839 -95.000595
v -18.477592 234.605469 -91.572601
v -3.101629 227.996796 -76.138702
v 11.068928 217.264893 -61.914730
v 23.489544 202.822159 -49.447315
v 33.682850 185.223633 -39.215595
v 41.257187 165.145630 -31.612726
v 45.921432 143.359741 -26.930893
v 47.496342 120.703156 -25.350035
v 45.921432 98.046585 -26.930893
v 41.257187 76.260689 -31.612726
v 33.682850 56.182678 -39.215595
v 23.489544 38.584164 -49.447315
v 11.068928 24.141434 -61.914730
v -3.101629 13.409520 -76.138702
v -18.477592 6.800839 -91.572601
v -21.916182 234.605469 -88.761421
v -9.846672 227.996796 -70.624374
v 1.276647 217.264893 -53.909187
v 11.026330 202.822159 -39.258198
v 19.027666 185.223633 -27.234444
v 24.973219 165.145630 -18.299992
v 28.634451 143.359741 -12.798167
v 29.870689 120.703156 -10.940437
v 28.634451 98.046585 -12.798167
v 24.973219 76.260689 -18.299992
v 19.027666 56.182678 -27.234444
v 11.026330 38.584164 -39.258198
v 1.276647 24.141434 -53.909187
v -9.846672 13.409520 -70.624374
v -21.916182 6.800839 -88.761421
v -34.468048 236.836960 -107.623322
v -25.837135 234.605469 -86.675102
v -17.537899 227.996796 -66.531914
v -9.889288 217.264893 -47.967842
v -3.185202 202.822159 -31.696301
v 2.316671 185.223633 -18.342600
v 6.404957 165.145630 -8.419891
v 8.922483 143.359741 -2.309522
v 9.772545 120.703156 -0.246306
v 8.922483 98.046585 -2.309522
v 6.404957 76.260689 -8.419891
v 2.316671 56.182678 -18.342600
v -3.185202 38.584164 -31.696301
v -9.889288 24.141434 -47.967842
v -17.537899 13.409520 -66.531914
v -25.837135 6.800839 -86.675102
v -30.089773 234.605469 -85.393806
v -25.879744 227.996796 -64.018562
v -21.999767 217.264893 -44.319031
v -18.598925 202.822159 -27.052233
v -15.807947 185.223633 -12.881762
v -13.734036 165.145630 -2.352131
v -12.456955 143.359741 4.131977
v -12.025743 120.703156 6.321385
v -12.456955 98.046585 4.131977
v -13.734036 76.260689 -2.352131
v -15.807947 56.182678 -12.881762
v -18.598925 38.584164 -27.052233
v -21.999767 24.141434 -44.319031
v -25.879744 13.409520 -64.018562
v -30.089773 6.800839 -85.393806
v -34.510658 234.605469 -84.966789
v -34.551628 227.996796 -63.180923
v -34.589394 217.264893 -43.102970
v -34.622482 202.822159 -25.504477
v -34.649654 185.223633 -11.061790
v -34.669823 165.145630 -0.329879
v -34.682262 143.359741 6.278783
v -34.686478 120.703156 8.510238
v -34.682262 98.046585 6.278783
v -34.669823 76.260689 -0.329879
v -34.649654 56.182678 -11.061790
v -34.622482 38.584164 -25.504477
v -34.589394 24.141434 -43.102970
v -34.551628 13.409520 -63.180923
v -34.510658 6.800839 -84.966789
v -38.929913 234.605469 -85.410431
v -43.220310 227.996796 -64.051178
v -47.174358 217.264893 -44.366383
v -50.640095 202.822159 -27.112497
v -53.484398 185.223633 -12.952624
v -55.597870 165.145630 -2.430862
v -56.899349 143.359741 4.048389
v -57.338802 120.703156 6.236147
v -56.899349 98.046585 4.048389
v -55.597870 76.260689 -2.430862
v -53.484398 56.182678 -12.952624
v -50.640095 38.584164 -27.112497
v -47.174358 24.141434 -44.366383
v -43.220310 13.409520 -64.051178
v -38.929913 6.800839 -85.410431
v -43.177692 234.605469 -86.707718
v -51.552643 227.996796 -66.595879
v -59.271023 217.264893 -48.060726
v -66.036240 202.822159 -31.814507
v -71.588333 185.223633 -18.481604
v -75.713898 165.145630 -8.574327
v -78.254417 143.359741 -2.473485
v -79.112236 120.703156 -0.413501
v -78.254417 98.046585 -2.473485
v -75.713898 76.260689 -8.574327
v -71.588333 56.182678 -18.481604
v -66.036240 38.584164 -31.814507
v -59.271023 24.141434 -48.060726
v -51.552643 13.409520 -66.595879
v -43.177692 6.800839 -86.707718
v -47.090771 234.605469 -88.808784
v -59.228413 227.996796 -70.717255
v -70.414528 217.264893 -54.044029
v -80.219246 202.822159 -39.429806
v -88.265762 185.223633 -27.436245
v -94.244850 165.145630 -18.524199
v -97.926788 143.359741 -13.036204
v -99.170013 120.703156 -11.183165
v -97.926788 98.046585 -13.036204
v -94.244850 76.260689 -18.524199
v -88.265762 56.182678 -27.436245
v -80.219246 38.584164 -39.429806
v -70.414528 24.141434 -54.044029
v -59.228413 13.409520 -70.717255
v -47.090771 6.800839 -88.808784
v -50.518757 234.605469 -91.632858
v -65.952675 227.996796 -76.256912
v -80.176636 217.264893 -62.086357
v -92.644035 202.822159 -49.665733
v -102.875763 185.223633 -39.472435
v -110.478645 165.145630 -31.898087
v -115.160469 143.359741 -27.233850
v -116.741318 120.703156 -25.658968
v -115.160469 98.046585 -27.233850
v -110.478645 76.260689 -31.898087
v -102.875763 56.182678 -39.472435
v -92.644035 38.584164 -49.665733
v -80.176636 24.141434 -62.086357
v -65.952675 13.409520 -76.256912
v -50.518757 6.800839 -91.632858
v -53.329933 234.605469 -95.071449
v -71.466995 227.996796 -83.001953
v -88.182182 217.264893 -71.878639
v -102.833168 202.822159 -62.128944
v -114.856918 185.223633 -54.127609
v -123.791382 165.145630 -48.182053
v -129.293213 143.359741 -44.520832
v -131.150894 120.703156 -43.284615
v -129.293213 98.046585 -44.520832
v -123.791382 76.260689 -48.182053
v -114.856918 56.182678 -54.127609
v -102.833168 38.584164 -62.128944
v -88.182182 24.141434 -71.878639
v -71.466995 13.409520 -83.001953
v -53.329933 6.800839 -95.071449
v -55.416256 234.605469 -98.992409
v -75.559464 227.996796 -90.693176
v -94.123512 217.264893 -83.044556
v -110.395065 202.822159 -76.340485
v -123.748749 185.223633 -70.838608
v -133.671463 165.145630 -66.750313
v -139.781830 143.359741 -64.232803
v -141.845016 120.703156 -63.382748
v -139.781830 98.046585 -64.232803
v -133.671463 76.260689 -66.750313
v -123.748749 56.182678 -70.838608
v -110.395065 38.584164 -76.340485
v -94.123512 24.141434 -83.044556
v -75.559464 13.409520 -90.693176
v -55.416256 6.800839 -98.992409
v -56.697544 234.605469 -103.245041
v -78.072792 227.996796 -99.035019
v -97.772324 217.264893 -95.155037
v -115.039131 202.822159 -91.754196
v -129.209595 185.223633 -88.963226
v -139.739227 165.145630 -86.889305
v -146.223328 143.359741 -85.612228
v -148.412735 120.703156 -85.181038
v -146.223328 98.046585 -85.612228
v -139.739227 76.260689 -86.889305
v -129.209595 56.182678 -88.963226
v -115.039131 38.584164 -91.754196
v -97.772324 24.141434 -95.155037
v -78.072792 13.409520 -99.035019
v -56.697544 6.800839 -103.245041
v -57.124565 234.605469 -107.665932
v -78.910439 227.996796 -107.706909
v -98.988388 217.264893 -107.744675
v -116.586876 202.822159 -107.777756
v -131.029556 185.223633 -107.804932
v -141.761459 165.145630 -107.825104
v -148.370117 143.359741 -107.837547
v -150.601562 120.703156 -107.841759
v -148.370117 98.046585 -107.837547
v -141.761459 76.260689 -107.825104
v -131.029556 56.182678 -107.804932
v -116.586876 38.584164 -107.777756
v -98.988388 24.141434 -107.744675
v -78.910439 13.409520 -107.706909
v -57.124565 6.800839 -107.665932
v -56.680920 234.605469 -112.085175
v -78.040176 227.996796 -116.375580
v -97.724983 217.264893 -120.329636
v -114.978867 202.822159 -123.795380
v -129.138733 185.223633 -126.639656
v -139.660492 165.145630 -128.753143
v -146.139725 143.359741 -130.054626
v -148.327499 120.703156 -130.494095
v -146.139725 98.046585 -130.054626
v -139.660492 76.260689 -128.753143
v -129.138733 56.182678 -126.639656
v -114.978867 38.584164 -123.795380
v -97.724983 24.141434 -120.329636
v -78.040176 13.409520 -116.375580
v -56.680920 6.800839 -112.085175
v -55.383648 234.605469 -116.332970
v -75.495491 227.996796 -124.707909
v -94.030617 217.264893 -132.426300
v -110.276863 202.822159 -139.191513
v -123.609764 185.223633 -144.743607
v -133.517029 165.145630 -148.869156
v -139.617859 143.359741 -151.409683
v -141.677826 120.703156 -152.267517
v -139.617859 98.046585 -151.409683
v -133.517029 76.260689 -148.869156
v -123.609764 56.182678 -144.743607
v -110.276863 38.584164 -139.191513
v -94.030617 24.141434 -132.426300
v -75.495491 13.409520 -124.707909
v -55.383648 6.800839 -116.332970
v -53.282589 234.605469 -120.246040
v -71.374115 227.996796 -132.383682
v -88.047318 217.264893 -143.569809
v -102.661560 202.822159 -153.374512
v -114.655113 185.223633 -161.421021
v -123.567154 165.145630 -167.400116
v -129.055161 143.359741 -171.082047
v -130.908173 120.703156 -172.325272
v -129.055161 98.046585 -171.082047
v -123.567154 76.260689 -167.400116
v -114.655113 56.182678 -161.421021
v -102.661560 38.584164 -153.374512
v -88.047318 24.141434 -143.569809
v -71.374115 13.409520 -132.383682
v -53.282589 6.800839 -120.246040
v -50.458500 234.605469 -123.674026
v -65.834457 227.996796 -139.107925
v -80.005005 217.264893 -153.331909
v -92.425629 202.822159 -165.799316
v -102.618927 185.223633 -176.031021
v -110.193268 165.145630 -183.633911
v -114.857498 143.359741 -188.315750
v -116.432358 120.703156 -189.896576
v -114.857498 98.046585 -188.315750
v -110.193268 76.260689 -183.633911
v -102.618927 56.182678 -176.031021
v -92.425629 38.584164 -165.799316
v -80.005005 24.141434 -153.331909
v -65.834457 13.409520 -139.107925
v -50.458500 6.800839 -123.674026
v -34.468048 4.569357 -107.623322
v -47.019913 234.605469 -126.485207
v -59.089417 227.996796 -144.622253
v -70.212708 217.264893 -161.337448
v -79.962425 202.822159 -175.988434
v -87.963753 185.223633 -188.012177
v -93.909302 165.145630 -196.946625
v -97.570526 143.359741 -202.448456
v -98.806725 120.703156 -204.306152
v -97.570526 98.046585 -202.448456
v -93.909302 76.260689 -196.946625
v -87.963753 56.182678 -188.012177
v -79.962425 38.584164 -175.988434
v -70.212708 24.141434 -161.337448
v -59.089417 13.409520 -144.622253
v -47.019913 6.800839 -126.485207
v -43.098957 234.605469 -128.571548
v -51.398193 227.996796 -148.714722
v -59.046791 217.264893 -167.278763
v -65.750877 202.822159 -183.550323
v -71.252747 185.223633 -196.904007
v -75.341042 165.145630 -206.826721
v -77.858559 143.359741 -212.937103
v -78.708595 120.703156 -215.000275
v -77.858559 98.046585 -212.937103
v -75.341042 76.260689 -206.826721
v -71.252747 56.182678 -196.904007
v -65.750877 38.584164 -183.550323
v -59.046791 24.141434 -167.278763
v -51.398193 13.409520 -148.714722
v -43.098957 6.800839 -128.571548
v -38.846325 234.605469 -129.852829
v -43.056347 227.996796 -151.228073
v -46.936317 217.264893 -170.927567
v -50.337162 202.822159 -188.194397
v -53.128139 185.223633 -202.364868
v -55.202065 165.145630 -212.894501
v -56.479126 143.359741 -219.378601
v -56.910316 120.703156 -221.567947
v -56.479126 98.046585 -219.378601
v -55.202065 76.260689 -212.894501
v -53.128139 56.182678 -202.364868
v -50.337162 38.584164 -188.194397
v -46.936317 24.141434 -170.927567
v -43.056347 13.409520 -151.228073
v -38.846325 6.800839 -129.852829
v -34.425438 234.605469 -130.279846
v -34.384464 227.996796 -152.065704
v -34.346699 217.264893 -172.143631
v -34.313614 202.822159 -189.742157
v -34.286430 185.223633 -204.184830
v -34.266270 165.145630 -214.916733
v -34.253815 143.359741 -221.525391
v -34.249596 120.703156 -223.756805
v -34.253815 98.046585 -221.525391
v -34.266270 76.260689 -214.916733
v -34.286430 56.182678 -204.184830
v -34.313614 38.584164 -189.742157
v -34.346699 24.141434 -172.143631
v -34.384464 13.409520 -152.065704
v -34.425438 6.800839 -130.279846
v -30.006193 234.605469 -129.836197
v -25.715788 227.996796 -151.195450
v -21.761740 217.264893 -170.880234
v -18.295988 202.822159 -188.134125
v -15.451704 185.223633 -202.293976
v -13.338239 165.145630 -212.815750
v -12.036735 143.359741 -219.294983
v -11.597276 120.703156 -221.482727
v -12.036735 98.046585 -219.294983
v -13.338239 76.260689 -212.815750
v -15.451704 56.182678 -202.293976
v -18.295988 38.584164 -188.134125
v -21.761740 24.141434 -170.880234
v -25.715788 13.409520 -151.195450
v -30.006193 6.800839 -129.836197
v -25.758404 234.605469 -128.538910
v -17.383465 227.996796 -148.650757
v -9.665075 217.264893 -167.185883
v -2.899856 202.822159 -183.432129
v 2.652233 185.223633 -196.765015
v 6.777770 165.145630 -206.672272
v 9.318310 143.359741 -212.773132
v 10.176136 120.703156 -214.833054
v 9.318310 98.046585 -212.773132
v 6.777770 76.260689 -206.672272
v 2.652233 56.182678 -196.765015
v -2.899856 38.584164 -183.432129
v -9.665075 24.141434 -167.185883
v -17.383465 13.409520 -148.650757
v -25.758404 6.800839 -128.538910
v -21.845333 234.605469 -126.437859
v -9.707691 227.996796 -144.529373
v 1.478420 217.264893 -161.202576
v 11.283136 202.822159 -175.816818
v 19.329651 185.223633 -187.810364
v 25.308741 165.145630 -196.722412
v 28.990675 143.359741 -202.210403
v 30.233891 120.703156 -204.063416
v 28.990675 98.046585 -202.210403
v 25.308741 76.260689 -196.722412
v 19.329651 56.182678 -187.810364
v 11.283136 38.584164 -175.816818
v 1.478420 24.141434 -161.202576
v -9.707691 13.409520 -144.529373
v -21.845333 6.800839 -126.437859
v -18.417343 234.605469 -123.613770
v -2.983436 227.996796 -138.989731
v 11.240511 217.264893 -153.160248
v 23.707935 202.822159 -165.580902
v 33.939655 185.223633 -175.774185
v 41.542515 165.145630 -183.348526
v 46.224354 143.359741 -188.012756
v 47.805183 120.703156 -189.587616
v 46.224354 98.046585 -188.012756
v 41.542515 76.260689 -183.348526
v 33.939655 56.182678 -175.774185
v 23.707935 38.584164 -165.580902
v 11.240511 24.141434 -153.160248
v -2.983436 13.409520 -138.989731
v -18.417343 6.800839 -123.613770
v -15.606167 234.605469 -120.175171
v 2.530879 227.996796 -132.244690
v 19.246048 217.264893 -143.367966
v 33.897060 202.822159 -153.117706
v 45.920792 185.223633 -161.119003
v 54.855251 165.145630 -167.064575
v 60.357067 143.359741 -170.725769
v 62.214760 120.703156 -171.961975
v 60.357067 98.046585 -170.725769
v 54.855251 76.260689 -167.064575
v 45.920792 56.182678 -161.119003
v 33.897060 38.584164 -153.117706
v 19.246048 24.141434 -143.367966
v 2.530879 13.409520 -132.244690
v -15.606167 6.800839 -120.175171
v -13.519856 234.605469 -116.254227
v 6.623334 227.996796 -124.553467
v 25.187372 217.264893 -132.202057
v 41.458958 202.822159 -138.906143
v 54.812626 185.223633 -144.408005
v 64.735344 165.145630 -148.496323
v 70.845703 143.359741 -151.013809
v 72.908867 120.703156 -151.863846
v 70.845703 98.046585 -151.013809
v 64.735344 76.260689 -148.496323
v 54.812626 56.182678 -144.408005
v 41.458958 38.584164 -138.906143
v 25.187372 24.141434 -132.202057
v 6.623334 13.409520 -124.553467
v -13.519856 6.800839 -116.254227
v -12.238557 234.605469 -112.001595
v 9.136685 227.996796 -116.211617
v 28.836178 217.264893 -120.091560
v 46.103020 202.822159 -123.492432
v 60.273457 185.223633 -126.283394
v 70.803093 165.145630 -128.357330
v 77.287193 143.359741 -129.634384
v 79.476540 120.703156 -130.065582
v 77.287193 98.046585 -129.634384
v 70.803093 76.260689 -128.357330
v 60.273457 56.182678 -126.283394
v 46.103020 38.584164 -123.492432
v 28.836178 24.141434 -120.091560
v 9.136685 13.409520 -116.211617
v -12.238557 6.800839 -112.001595
v -11.811541 234.605469 -107.580711
v 9.974325 227.996796 -107.539734
v 47.650776 202.822159 -107.468880
v 72.825340 165.145630 -107.421532
v 72.825340 76.260689 -107.421532
v 47.650776 38.584164 -107.468880
v 30.052235 24.141434 -107.501953
v 9.974325 13.409520 -107.539734
v -11.811541 6.800839 -107.580711
v -69.199135 101.665909 -107.688637
v -37.157948 69.624664 -107.628380
v -19.817389 27.760761 -107.595764
v -17.585905 5.104180 -107.591568
v -19.817389 -17.552402 -107.595764
v -37.157948 -59.416298 -107.628380
v -111.506607 119.006500 -103.348114
v -90.147346 112.397827 -99.057724
v -70.462555 101.665909 -95.103676
v -53.208668 87.223175 -91.637917
v -39.048786 69.624664 -88.793640
v -28.527040 49.546665 -86.680161
v -22.047781 27.760761 -85.378677
v -19.859997 5.104180 -84.939224
v -22.047781 -17.552402 -85.378677
v -28.527040 -39.338303 -86.680161
v -39.048786 -59.416298 -88.793640
v -53.208668 -77.014816 -91.637917
v -70.462555 -91.457542 -95.103676
v -90.147346 -102.189461 -99.057724
v -111.506607 -108.798149 -103.348114
v -112.803909 119.006500 -99.100334
v -92.692070 112.397827 -90.725388
v -74.156914 101.665909 -83.007004
v -57.910686 87.223175 -76.241776
v -44.577766 69.624664 -70.689697
v -34.670506 49.546665 -66.564133
v -28.569649 27.760761 -64.023621
v -26.509644 5.104180 -63.165791
v -28.569649 -17.552402 -64.023621
v -34.670506 -39.338303 -66.564133
v -44.577766 -59.416298 -70.689697
v -57.910686 -77.014816 -76.241776
v -74.156914 -91.457542 -83.007004
v -92.692070 -102.189461 -90.725388
v -112.803909 -108.798149 -99.100334
v -114.904945 119.006500 -95.187256
v -96.813431 112.397827 -83.049606
v -80.140198 101.665909 -71.863487
v -65.525978 87.223175 -62.058777
v -53.532410 69.624664 -54.012268
v -44.620369 49.546665 -48.033161
v -39.132366 27.760761 -44.351246
v -37.279301 5.104180 -43.108013
v -39.132366 -17.552402 -44.351246
v -44.620369 -39.338303 -48.033161
v -53.532410 -59.416298 -54.012268
v -65.525978 -77.014816 -62.058777
v -80.140198 -91.457542 -71.863487
v -96.813431 -102.189461 -83.049606
v -114.904945 -108.798149 -95.187256
v -117.729050 119.006500 -91.759254
v -102.353081 112.397827 -76.325356
v -88.182526 101.665909 -62.101387
v -75.761909 87.223175 -49.633972
v -65.568604 69.624664 -39.402252
v -57.994267 49.546665 -31.799381
v -53.330021 27.760761 -27.117550
v -51.755119 5.104180 -25.536690
v -53.330021 -17.552402 -27.117550
v -57.994267 -39.338303 -31.799381
v -65.568604 -59.416298 -39.402252
v -75.761909 -77.014816 -49.633972
v -88.182526 -91.457542 -62.101387
v -102.353081 -102.189461 -76.325356
v -117.729050 -108.798149 -91.759254
v -121.167625 119.006500 -88.948074
v -109.098122 112.397827 -70.811028
v -97.974800 101.665909 -54.095844
v -88.225136 87.223175 -39.444855
v -80.223785 69.624664 -27.421099
v -74.278236 49.546665 -18.486649
v -70.617004 27.760761 -12.984823
v -69.380760 5.104180 -11.127093
v -70.617004 -17.552402 -12.984823
v -74.278236 -39.338303 -18.486649
v -80.223785 -59.416298 -27.421099
v -88.225136 -77.014816 -39.444855
v -97.974800 -91.457542 -54.095844
v -109.098122 -102.189461 -70.811028
v -121.167625 -108.798149 -88.948074
v -133.719498 121.237991 -107.809975
v -125.088593 119.006500 -86.861755
v -116.789360 112.397827 -66.718567
v -109.140732 101.665909 -48.154499
v -102.436661 87.223175 -31.882956
v -96.934776 69.624664 -18.529257
v -92.846504 49.546665 -8.606547
v -90.328972 27.760761 -2.496178
v -89.478905 5.104180 -0.432962
v -90.328972 -17.552402 -2.496178
v -92.846504 -39.338303 -8.606547
v -96.934776 -59.416298 -18.529257
v -102.436661 -77.014816 -31.882956
v -109.140732 -91.457542 -48.154499
v -116.789360 -102.189461 -66.718567
v -125.088593 -108.798149 -86.861755
v -129.341232 119.006500 -85.580467
v -125.131203 112.397827 -64.205223
v -121.251236 101.665909 -44.505688
v -117.850388 87.223175 -27.238890
v -115.059395 69.624664 -13.068418
v -112.985489 49.546665 -2.538787
v -111.708397 27.760761 3.945321
v -111.277191 5.104180 6.134729
v -111.708397 -17.552402 3.945321
v -112.985489 -39.338303 -2.538787
v -115.059395 -59.416298 -13.068418
v -117.850388 -77.014816 -27.238890
v -121.251236 -91.457542 -44.505688
v -125.131203 -102.189461 -64.205223
v -129.341232 -108.798149 -85.580467
v -133.762115 119.006500 -85.153442
v -133.803085 112.397827 -63.367577
v -133.840836 101.665909 -43.289623
v -133.873932 87.223175 -25.691133
v -133.901108 69.624664 -11.248446
v -133.921280 49.546665 -0.516535
v -133.933731 27.760761 6.092127
v -133.937927 5.104180 8.323582
v -133.933731 -17.552402 6.092127
v -133.921280 -39.338303 -0.516535
v -133.901108 -59.416298 -11.248446
v -133.873932 -77.014816 -25.691133
v -133.840836 -91.457542 -43.289623
v -133.803085 -102.189461 -63.367577
v -133.762115 -108.798149 -85.153442
v -138.181366 119.006500 -85.597092
v -142.471756 112.397827 -64.237831
v -146.425827 101.665909 -44.553040
v -149.891541 87.223175 -27.299152
v -152.735840 69.624664 -13.139280
v -154.849335 49.546665 -2.617517
v -156.150818 27.760761 3.861734
v -156.590286 5.104180 6.049491
v -156.150818 -17.552402 3.861734
v -154.849335 -39.338303 -2.617517
v -152.735840 -59.416298 -13.139280
v -149.891541 -77.014816 -27.299152
v -146.425827 -91.457542 -44.553040
v -142.471756 -102.189461 -64.237831
v -138.181366 -108.798149 -85.597092
v -142.429153 119.006500 -86.894371
v -150.804092 112.397827 -66.782539
v -158.522476 101.665909 -48.247383
v -165.287704 87.223175 -32.001163
v -170.839767 69.624664 -18.668261
v -174.965317 49.546665 -8.760983
v -177.505875 27.760761 -2.660140
v -178.363663 5.104180 -0.600157
v -177.505875 -17.552402 -2.660140
v -174.965317 -39.338303 -8.760983
v -170.839767 -59.416298 -18.668261
v -165.287704 -77.014816 -32.001163
v -158.522476 -91.457542 -48.247383
v -150.804092 -102.189461 -66.782539
v -142.429153 -108.798149 -86.894371
v -146.342224 119.006500 -88.995438
v -158.479874 112.397827 -70.903908
v -169.665970 101.665909 -54.230682
v -179.470688 87.223175 -39.616459
v -187.517227 69.624664 -27.622900
v -193.496292 49.546665 -18.710854
v -197.178238 27.760761 -13.222859
v -198.421463 5.104180 -11.369821
v -197.178238 -17.552402 -13.222859
v -193.496292 -39.338303 -18.710854
v -187.517227 -59.416298 -27.622900
v -179.470688 -77.014816 -39.616459
v -169.665970 -91.457542 -54.230682
v -158.479874 -102.189461 -70.903908
v -146.342224 -108.798149 -88.995438
v -149.770203 119.006500 -91.819511
v -165.204117 112.397827 -76.443573
v -179.428070 101.665909 -62.273010
v -191.895477 87.223175 -49.852390
v -202.127197 69.624664 -39.659092
v -209.730103 49.546665 -32.084743
v -214.411926 27.760761 -27.420507
v -215.992767 5.104180 -25.845625
v -214.411926 -17.552402 -27.420507
v -209.730103 -39.338303 -32.084743
v -202.127197 -59.416298 -39.659092
v -191.895477 -77.014816 -49.852390
v -179.428070 -91.457542 -62.273010
v -165.204117 -102.189461 -76.443573
v -149.770203 -108.798149 -91.819511
v -152.581390 119.006500 -95.258110
v -170.718399 112.397827 -83.188606
v -187.433640 101.665909 -72.065292
v -202.084610 87.223175 -62.315601
v -214.108353 69.624664 -54.314266
v -223.042816 49.546665 -48.368706
v -228.544647 27.760761 -44.707485
v -230.402328 5.104180 -43.471272
v -228.544647 -17.552402 -44.707485
v -223.042816 -39.338303 -48.368706
v -214.108353 -59.416298 -54.314266
v -202.084610 -77.014816 -62.315601
v -187.433640 -91.457542 -72.065292
v -170.718399 -102.189461 -83.188606
v -152.581390 -108.798149 -95.258110
v -154.667709 119.006500 -99.179062
v -174.810913 112.397827 -90.879829
v -193.374954 101.665909 -83.231216
v -209.646515 87.223175 -76.527145
v -223.000183 69.624664 -71.025269
v -232.922928 49.546665 -66.936974
v -239.033264 27.760761 -64.419456
v -241.096481 5.104180 -63.569405
v -239.033264 -17.552402 -64.419456
v -232.922928 -39.338303 -66.936974
v -223.000183 -59.416298 -71.025269
v -209.646515 -77.014816 -76.527145
v -193.374954 -91.457542 -83.231216
v -174.810913 -102.189461 -90.879829
v -154.667709 -108.798149 -99.179062
v -155.949005 119.006500 -103.431702
v -177.324249 112.397827 -99.221680
v -197.023773 101.665909 -95.341698
v -214.290588 87.223175 -91.940849
v -228.461029 69.624664 -89.149879
v -238.990662 49.546665 -87.075966
v -245.474762 27.760761 -85.798882
v -247.664169 5.104180 -85.367691
v -245.474762 -17.552402 -85.798882
v -238.990662 -39.338303 -87.075966
v -228.461029 -59.416298 -89.149879
v -214.290588 -77.014816 -91.940849
v -197.023773 -91.457542 -95.341698
v -177.324249 -102.189461 -99.221680
v -155.949005 -108.798149 -103.431702
v -156.376038 119.006500 -107.852585
v -178.161880 112.397827 -107.893562
v -198.239807 101.665909 -107.931328
v -215.838333 87.223175 -107.964409
v -230.280991 69.624664 -107.991592
v -241.012924 49.546665 -108.011757
v -247.621582 27.760761 -108.024200
v -249.852997 5.104180 -108.028412
v -247.621582 -17.552402 -108.024200
v -241.012924 -39.338303 -108.011757
v -230.280991 -59.416298 -107.991592
v -215.838333 -77.014816 -107.964409
v -198.239807 -91.457542 -107.931328
v -178.161880 -102.189461 -107.893562
v -156.376038 -108.798149 -107.852585
v -155.932373 119.006500 -112.271835
v -177.291641 112.397827 -116.562241
v -196.976425 101.665909 -120.516296
v -214.230331 87.223175 -123.982033
v -228.390167 69.624664 -126.826309
v -238.911926 49.546665 -128.939789
v -245.391174 27.760761 -130.241272
v -247.578934 5.104180 -130.680756
v -245.391174 -17.552402 -130.241272
v -238.911926 -39.338303 -128.939789
v -228.390167 -59.416298 -126.826309
v -214.230331 -77.014816 -123.982033
v -196.976425 -91.457542 -120.516296
v -177.291641 -102.189461 -116.562241
v -155.932373 -108.798149 -112.271835
v -154.635101 119.006500 -116.519623
v -174.746918 112.397827 -124.894562
v -193.282059 101.665909 -132.612946
v -209.528320 87.223175 -139.378159
v -222.861191 69.624664 -144.930267
v -232.768463 49.546665 -149.055817
v -238.869324 27.760761 -151.596329
v -240.929291 5.104180 -152.454163
v -238.869324 -17.552402 -151.596329
v -232.768463 -39.338303 -149.055817
v -222.861191 -59.416298 -144.930267
v -209.528320 -77.014816 -139.378159
v -193.282059 -91.457542 -132.612946
v -174.746918 -102.189461 -124.894562
v -154.635101 -108.798149 -116.519623
v -152.534042 119.006500 -120.432701
v -170.625534 112.397827 -132.570343
v -187.298782 101.665909 -143.756470
v -201.912979 87.223175 -153.561172
v -213.906555 69.624664 -161.607681
v -222.818573 49.546665 -167.586777
v -228.306595 27.760761 -171.268707
v -230.159607 5.104180 -172.511932
v -228.306595 -17.552402 -171.268707
v -222.818573 -39.338303 -167.586777
v -213.906555 -59.416298 -161.607681
v -201.912979 -77.014816 -153.561172
v -187.298782 -91.457542 -143.756470
v -170.625534 -102.189461 -132.570343
v -152.534042 -108.798149 -120.432701
v -149.709946 119.006500 -123.860680
v -165.085922 112.397827 -139.294586
v -179.256439 101.665909 -153.518570
v -191.677078 87.223175 -165.985962
v -201.870377 69.624664 -176.217682
v -209.444748 49.546665 -183.820557
v -214.108963 27.760761 -188.502396
v -215.683792 5.104180 -190.083237
v -214.108963 -17.552402 -188.502396
v -209.444748 -39.338303 -183.820557
v -201.870377 -59.416298 -176.217682
v -191.677078 -77.014816 -165.985962
v -179.256439 -91.457542 -153.518570
v -165.085922 -102.189461 -139.294586
v -149.709946 -108.798149 -123.860680
v -133.719498 -111.029617 -107.809975
v -146.271362 119.006500 -126.671860
v -158.340881 112.397827 -144.808914
v -169.464157 101.665909 -161.524109
v -179.213867 87.223175 -176.175095
v -187.215210 69.624664 -188.198837
v -193.160751 49.546665 -197.133270
v -196.821960 27.760761 -202.635117
v -198.058167 5.104180 -204.492813
v -196.821960 -17.552402 -202.635117
v -193.160751 -39.338303 -197.133270
v -187.215210 -59.416298 -188.198837
v -179.213867 -77.014816 -176.175095
v -169.464157 -91.457542 -161.524109
v -158.340881 -102.189461 -144.808914
v -146.271362 -108.798149 -126.671860
v -142.350418 119.006500 -128.758194
v -150.649658 112.397827 -148.901382
v -158.298233 101.665909 -167.465424
v -165.002350 87.223175 -183.736984
v -170.504196 69.624664 -197.090668
v -174.592484 49.546665 -207.013382
v -177.110001 27.760761 -213.123764
v -177.960007 5.104180 -215.186935
v -177.110001 -17.552402 -213.123764
v -174.592484 -39.338303 -207.013382
v -170.504196 -59.416298 -197.090668
v -165.002350 -77.014816 -183.736984
v -158.298233 -91.457542 -167.465424
v -150.649658 -102.189461 -148.901382
v -142.350418 -108.798149 -128.758194
v -138.097794 119.006500 -130.039474
v -142.307816 112.397827 -151.414719
v -146.187790 101.665909 -171.114227
v -149.588608 87.223175 -188.381058
v -152.379608 69.624664 -202.551514
v -154.453522 49.546665 -213.081146
v -155.730576 27.760761 -219.565247
v -156.161774 5.104180 -221.754608
v -155.730576 -17.552402 -219.565247
v -154.453522 -39.338303 -213.081146
v -152.379608 -59.416298 -202.551514
v -149.588608 -77.014816 -188.381058
v -146.187790 -91.457542 -171.114227
v -142.307816 -102.189461 -151.414719
v -138.097794 -108.798149 -130.039474
v -133.676895 119.006500 -130.466507
v -133.635925 112.397827 -152.252365
v -133.598160 101.665909 -172.330292
v -133.565063 87.223175 -189.928818
v -133.537903 69.624664 -204.371490
v -133.517715 49.546665 -215.103394
v -133.505264 27.760761 -221.712051
v -133.501038 5.104180 -223.943466
v -133.505264 -17.552402 -221.712051
v -133.517715 -39.338303 -215.103394
v -133.537903 -59.416298 -204.371490
v -133.565063 -77.014816 -189.928818
v -133.598160 -91.457542 -172.330292
v -133.635925 -102.189461 -152.252365
v -133.676895 -108.798149 -130.466507
v -129.257660 119.006500 -130.022858
v -124.967255 112.397827 -151.382111
v -121.013191 101.665909 -171.066879
v -117.547447 87.223175 -188.320786
v -114.703156 69.624664 -202.480637
v -112.589699 49.546665 -213.002411
v -111.288185 27.760761 -219.481644
v -110.848732 5.104180 -221.669373
v -111.288185 -17.552402 -219.481644
v -112.589699 -39.338303 -213.002411
v -114.703156 -59.416298 -202.480637
v -117.547447 -77.014816 -188.320786
v -121.013191 -91.457542 -171.066879
v -124.967255 -102.189461 -151.382111
v -129.257660 -108.798149 -130.022858
v -125.009865 119.006500 -128.725571
v -116.634918 112.397827 -148.837402
v -108.916527 101.665909 -167.372528
v -102.151314 87.223175 -183.618774
v -96.599220 69.624664 -196.951660
v -92.473671 49.546665 -206.858932
v -89.933136 27.760761 -212.959778
v -89.075333 5.104180 -215.019714
v -89.933136 -17.552402 -212.959778
v -92.473671 -39.338303 -206.858932
v -96.599220 -59.416298 -196.951660
v -102.151314 -77.014816 -183.618774
v -108.916527 -91.457542 -167.372528
v -116.634918 -102.189461 -148.837402
v -125.009865 -108.798149 -128.725571
v -121.096802 119.006500 -126.624512
v -108.959137 112.397827 -144.716019
v -97.773041 101.665909 -161.389236
v -87.968323 87.223175 -176.003479
v -79.921806 69.624664 -187.997025
v -73.942711 49.546665 -196.909073
v -70.260780 27.760761 -202.397049
v -69.017563 5.104180 -204.250076
v -70.260780 -17.552402 -202.397049
v -73.942711 -39.338303 -196.909073
v -79.921806 -59.416298 -187.997025
v -87.968323 -77.014816 -176.003479
v -97.773041 -91.457542 -161.389236
v -108.959137 -102.189461 -144.716019
v -121.096802 -108.798149 -126.624512
v -117.668785 119.006500 -123.800423
v -102.234894 112.397827 -139.176376
v -88.010956 101.665909 -153.346909
v -75.543518 87.223175 -165.767563
v -65.311806 69.624664 -175.960831
v -57.708931 49.546665 -183.535187
v -53.027088 27.760761 -188.199417
v -51.446278 5.104180 -189.774277
v -53.027088 -17.552402 -188.199417
v -57.708931 -39.338303 -183.535187
v -65.311806 -59.416298 -175.960831
v -75.543518 -77.014816 -165.767563
v -88.010956 -91.457542 -153.346909
v -102.234894 -102.189461 -139.176376
v -117.668785 -108.798149 -123.800423
v -114.857620 119.006500 -120.361832
v -96.720566 112.397827 -132.431335
v -80.005402 101.665909 -143.554626
v -65.354401 87.223175 -153.304352
v -53.330658 69.624664 -161.305664
v -44.396198 49.546665 -167.251221
v -38.894386 27.760761 -170.912430
v -37.036686 5.104180 -172.148621
v -38.894386 -17.552402 -170.912430
v -44.396198 -39.338303 -167.251221
v -53.330658 -59.416298 -161.305664
v -65.354401 -77.014816 -153.304352
v -80.005402 -91.457542 -143.554626
v -96.720566 -102.189461 -132.431335
v -114.857620 -108.798149 -120.361832
v -112.771301 119.006500 -116.440887
v -92.628105 112.397827 -124.740120
v -74.064079 101.665909 -132.388718
v -57.792484 87.223175 -139.092804
v -44.438824 69.624664 -144.594650
v -34.516106 49.546665 -148.682968
v -28.405743 27.760761 -151.200470
v -26.342583 5.104180 -152.050507
v -28.405743 -17.552402 -151.200470
v -34.516106 -39.338303 -148.682968
v -44.438824 -59.416298 -144.594650
v -57.792484 -77.014816 -139.092804
v -74.064079 -91.457542 -132.388718
v -92.628105 -102.189461 -124.740120
v -112.771301 -108.798149 -116.440887
v -111.490005 119.006500 -112.188255
v -90.114761 112.397827 -116.398277
v -70.415283 101.665909 -120.278221
v -53.148426 87.223175 -123.679085
v -38.977997 69.624664 -126.470047
v -28.448351 49.546665 -128.543991
v -21.964251 27.760761 -129.821045
v -19.774906 5.104180 -130.252228
v -21.964251 -17.552402 -129.821045
v -28.448351 -39.338303 -128.543991
v -38.977997 -59.416298 -126.470047
v -53.148426 -77.014816 -123.679085
v -70.415283 -91.457542 -120.278221
v -90.114761 -102.189461 -116.398277
v -111.490005 -108.798149 -112.188255
v -111.062996 119.006500 -107.767365
v -89.277122 112.397827 -107.726387
v -51.600685 87.223175 -107.655533
v -26.426113 49.546665 -107.608192
v -26.426113 -39.338303 -107.608192
v -51.600685 -77.014816 -107.655533
v -69.199226 -91.457542 -107.688606
v -89.277122 -102.189461 -107.726387
v -111.062996 -108.798149 -107.767365
v -70.430611 74.553497 -8.196688
v -64.567001 66.512726 -8.185660
v -61.393627 56.179073 -8.179692
v -60.985260 50.649944 -8.178925
v -61.393627 45.167782 -8.179692
v -64.567001 35.191685 -8.185660
v -78.172981 79.102554 -7.402361
v -74.264183 77.320801 -6.617208
v -70.661812 74.580505 -5.893607
v -67.504318 70.944054 -5.259366
v -64.913017 66.553802 -4.738858
v -62.987518 61.582596 -4.352085
v -61.801788 56.226776 -4.113911
v -61.401424 50.698090 -4.033490
v -61.801788 45.214573 -4.113911
v -62.987518 39.991283 -4.352085
v -64.913017 35.231342 -4.738858
v -67.504318 31.118000 -5.259366
v -70.661812 27.808155 -5.893607
v -74.264183 25.389412 -6.617208
v -78.172981 23.914906 -7.402361
v -78.410385 79.104729 -6.625006
v -74.729874 77.350395 -5.092371
v -71.337883 74.623558 -3.679887
v -68.364792 70.997856 -2.441834
v -65.924843 66.615425 -1.425791
v -64.111786 61.648933 -0.670803
v -62.995316 56.294758 -0.205883
v -62.618328 50.764824 -0.048898
v -62.995316 45.277538 -0.205883
v -64.111786 40.048351 -0.670803
v -65.924843 35.280842 -1.425791
v -68.364792 31.158726 -2.441834
v -71.337883 27.839279 -3.679887
v -74.729874 25.410408 -5.092371
v -78.410385 23.925472 -6.625006
v -78.794884 79.112076 -5.908903
v -75.484085 77.370239 -3.687684
v -72.432854 74.652313 -1.640598
v -69.758415 71.033730 0.153688
v -67.563560 66.656425 1.626220
v -65.932640 61.692966 2.720410
v -64.928314 56.339790 3.394211
v -64.589203 50.808945 3.621725
v -64.928314 45.319077 3.394211
v -65.932640 40.085918 2.720410
v -67.563560 35.313389 1.626220
v -69.758415 31.185474 0.153688
v -72.432854 27.859703 -1.640598
v -75.484085 25.424183 -3.687684
v -78.794884 23.932407 -5.908903
v -79.311699 79.118385 -5.281571
v -76.497856 77.383392 -2.457130
v -73.904617 74.671303 0.145890
v -71.631607 71.057358 2.427457
v -69.766220 66.683372 4.299889
v -68.380089 61.721851 5.691232
v -67.526527 56.369255 6.548018
v -67.238312 50.837761 6.837318
v -67.526527 45.346142 6.548018
v -68.380089 40.110371 5.691232
v -69.766220 35.334530 4.299889
v -71.631607 31.202808 2.427457
v -73.904617 27.872932 0.145890
v -76.497856 25.433086 -2.457130
v -79.311699 23.936890 -5.281571
v -79.940971 79.123100 -4.767119
v -77.732224 77.393188 -1.447996
v -75.696625 74.685455 1.610924
v -73.912415 71.074974 4.292092
v -72.448143 66.703453 6.492467
v -71.360092 61.743362 8.127494
v -70.690086 56.391209 9.134341
v -70.463837 50.859207 9.474310
v -70.690086 45.366299 9.134341
v -71.360092 40.128563 8.127494
v -72.448143 35.350254 6.492467
v -73.912415 31.215710 4.292092
v -75.696625 27.882763 1.610924
v -77.732224 25.439705 -1.447996
v -79.940971 23.940224 -4.767119
v -82.237999 79.869453 -8.218893
v -80.658516 79.126022 -4.385318
v -79.139740 77.399254 -0.699065
v -77.740021 74.694191 2.698205
v -76.513153 71.085838 5.675938
v -75.506302 66.715843 8.119697
v -74.758133 61.756653 9.935577
v -74.297424 56.404751 11.053788
v -74.141861 50.872444 11.431363
v -74.297424 45.378723 11.053788
v -74.758133 40.139771 9.935577
v -75.506302 35.359947 8.119697
v -76.513153 31.223660 5.675938
v -77.740021 27.888824 2.698205
v -79.139740 25.443787 -0.699065
v -80.658516 23.942276 -4.385318
v -81.436760 79.127014 -4.150838
v -80.666313 77.401291 -0.239116
v -79.956268 74.697144 3.365947
v -79.333908 71.089523 6.525812
v -78.823151 66.720039 9.119042
v -78.443619 61.761135 11.045991
v -78.209915 56.409336 12.232598
v -78.131004 50.876926 12.633266
v -78.209915 45.382927 12.232598
v -78.443619 40.143562 11.045991
v -78.823151 35.363224 9.119042
v -79.333908 31.226345 6.525812
v -79.956268 27.890869 3.365947
v -80.666313 25.445164 -0.239116
v -81.436760 23.942966 -4.150838
v -82.245796 79.127014 -4.072692
v -82.253288 77.401291 -0.085826
v -82.260201 74.697144 3.588490
v -82.266258 71.089523 6.809057
v -82.271225 66.720039 9.452103
v -82.274925 61.761135 11.416067
v -82.277199 56.409336 12.625469
v -82.277962 50.876926 13.033831
v -82.277199 45.382927 12.625469
v -82.274925 40.143566 11.416067
v -82.271225 35.363224 9.452103
v -82.266258 31.226345 6.809057
v -82.260201 27.890869 3.588490
v -82.253288 25.445164 -0.085826
v -82.245796 23.942966 -4.072692
v -83.054520 79.127014 -4.153881
v -83.839676 77.401291 -0.245084
v -84.563278 74.697144 3.357282
v -85.197517 71.089523 6.514785
v -85.718033 66.720039 9.106075
v -86.104805 61.761143 11.031583
v -86.342979 56.409336 12.217301
v -86.423401 50.876926 12.617667
v -86.342979 45.382927 12.217301
v -86.104805 40.143562 11.031583
v -85.718033 35.363224 9.106075
v -85.197517 31.226345 6.514785
v -84.563278 27.890869 3.357282
v -83.839676 25.445164 -0.245084
v -83.054520 23.942966 -4.153881
v -83.831879 79.127014 -4.391287
v -85.364517 77.401291 -0.710771
v -86.777000 74.697144 2.681207
v -88.015045 71.089523 5.654306
v -89.031097 66.720039 8.094259
v -89.786079 61.761143 9.907315
v -90.251007 56.409336 11.023784
v -90.407990 50.876915 11.400765
v -90.251007 45.382927 11.023784
v -89.786079 40.143562 9.907315
v -89.031097 35.363228 8.094259
v -88.015045 31.226349 5.654306
v -86.777000 27.890869 2.681207
v -85.364517 25.445164 -0.710771
v -83.831879 23.942966 -4.391287
v -84.547981 79.127365 -4.775785
v -86.769203 77.397377 -1.464993
v -88.816292 74.691414 1.586248
v -90.610580 71.082336 4.260688
v -92.083099 66.711761 6.455538
v -93.177292 61.752167 8.086464
v -93.851097 56.400085 9.090780
v -94.078606 50.867802 9.429890
v -93.851097 45.374283 9.090780
v -93.177292 40.135693 8.086464
v -92.083099 35.356377 6.455538
v -90.610580 31.220695 4.260688
v -88.816292 27.886555 1.586248
v -86.769203 25.442253 -1.464993
v -84.547981 23.941502 -4.775785
v -85.175308 79.128403 -5.292600
v -87.999756 77.385880 -2.478762
v -90.602783 74.674522 0.114483
v -92.884346 71.061096 2.387488
v -94.756775 66.687294 4.252886
v -96.148117 61.725677 5.639010
v -97.004906 56.372787 6.492576
v -97.294205 50.840824 6.780784
v -97.004906 45.348705 6.492576
v -96.148117 40.112404 5.639010
v -94.756775 35.336102 4.252886
v -92.884346 31.203979 2.387488
v -90.602783 27.873749 0.114483
v -87.999756 25.433617 -2.478762
v -85.175308 23.937153 -5.292600
v -85.689758 79.128860 -5.921871
v -89.008888 77.372627 -3.713121
v -92.067810 74.644356 -1.677528
v -94.748978 71.023132 0.106688
v -96.949356 66.643570 1.570952
v -98.584381 61.678364 2.659004
v -99.591225 56.324024 3.329017
v -99.931190 50.792713 3.555248
v -99.591225 45.303112 3.329017
v -98.584381 40.070911 2.659004
v -96.949356 35.299980 1.570952
v -94.748978 31.174179 0.106688
v -92.067810 27.850929 -1.677528
v -89.008888 25.418217 -3.713121
v -85.689758 23.929401 -5.921871
v -86.071564 79.127312 -6.639415
v -89.757820 77.368782 -5.120635
v -93.155083 74.604065 -3.720921
v -96.132820 70.966476 -2.494057
v -98.576584 66.578346 -1.487201
v -100.392464 61.607803 -0.739034
v -101.510674 56.251366 -0.278321
v -101.888237 50.721054 -0.122761
v -101.510674 45.235214 -0.278321
v -100.392464 40.009144 -0.739034
v -98.576584 35.246216 -1.487201
v -96.132820 31.129841 -2.494057
v -93.155083 27.816994 -3.720921
v -89.757820 25.395294 -5.120635
v -86.071564 23.917858 -6.639415
v -86.306046 79.124550 -7.417657
v -90.217766 77.361412 -6.647213
v -93.822830 74.592522 -5.937168
v -96.982697 70.927132 -5.314805
v -99.575920 66.509277 -4.804049
v -101.502876 61.516987 -4.424519
v -102.689484 56.157875 -4.190811
v -103.090149 50.628849 -4.111900
v -102.689484 45.147865 -4.190811
v -101.502876 39.929672 -4.424519
v -99.575920 35.177040 -4.804049
v -96.982697 31.072769 -5.314805
v -93.822830 27.773273 -5.937168
v -90.217766 25.365749 -6.647213
v -86.306046 23.902966 -7.417657
v -86.384201 79.122871 -8.226690
v -90.371063 77.355103 -8.234189
v -94.045372 74.582825 -8.241100
v -97.265945 70.914825 -8.247155
v -99.908989 66.495506 -8.252129
v -101.872955 61.498867 -8.255818
v -103.082359 56.122166 -8.258096
v -103.490715 50.577763 -8.258868
v -103.082359 45.083958 -8.258096
v -101.872955 39.855698 -8.255818
v -99.908989 35.112049 -8.252129
v -97.265945 31.019745 -8.247155
v -94.045372 27.733025 -8.241100
v -90.371063 25.336201 -8.234189
v -86.384201 23.886738 -8.226690
v -86.303001 79.124596 -9.035424
v -90.211800 77.354317 -9.820579
v -93.814171 74.578873 -10.544179
v -96.971672 70.908157 -11.178419
v -99.562958 66.486191 -11.698929
v -101.488464 61.487110 -12.085700
v -102.674187 56.108356 -12.323876
v -103.074547 50.562393 -12.404301
v -102.674187 45.067661 -12.323876
v -101.488464 39.839165 -12.085700
v -99.562958 35.079704 -11.698929
v -96.971672 30.971962 -11.178419
v -93.814171 27.676010 -10.544179
v -90.211800 25.320114 -9.820579
v -86.303001 23.872734 -9.035424
v -86.065598 79.137833 -9.812779
v -89.746109 77.375916 -11.345414
v -93.138092 74.609283 -12.757898
v -96.111191 70.946007 -13.995951
v -98.551140 66.529739 -15.011994
v -100.364197 61.534485 -15.766979
v -101.480659 56.157570 -16.231903
v -101.857643 50.611485 -16.388887
v -101.480659 45.114754 -16.231903
v -100.364197 39.882610 -15.766979
v -98.551140 35.118038 -15.011994
v -96.111191 31.003986 -13.995951
v -93.138092 27.696869 -12.757898
v -89.746109 25.322792 -11.345414
v -86.065598 23.869106 -9.812779
v -85.681099 79.153610 -10.528881
v -88.991890 77.406326 -12.750101
v -92.043129 74.653206 -14.797186
v -94.717575 71.001793 -16.591471
v -96.912422 66.595367 -18.064003
v -98.543350 61.607445 -19.158190
v -99.547661 56.235058 -19.831995
v -99.886772 50.690495 -20.059507
v -99.547661 45.192154 -19.831995
v -98.543350 39.955399 -19.158190
v -96.912422 35.183403 -18.064003
v -94.717575 31.059376 -16.591471
v -92.043129 27.739983 -14.797186
v -88.991890 25.349445 -12.750101
v -85.681099 23.866653 -10.528881
v -85.164284 79.173019 -11.156212
v -87.978119 77.444366 -13.980656
v -90.571373 74.708778 -16.583672
v -92.844368 71.073227 -18.865240
v -94.709778 66.680275 -20.737669
v -96.095894 61.702847 -22.129011
v -96.949455 56.337437 -22.985802
v -97.237656 50.795860 -23.275097
v -96.949455 45.296352 -22.985802
v -96.095894 40.054153 -22.129011
v -94.709778 35.272633 -20.737669
v -92.844368 31.135342 -18.865240
v -90.571373 27.799267 -16.583672
v -87.978119 25.384380 -13.980656
v -85.164284 23.865437 -11.156212
v -82.237999 23.380665 -8.218893
v -84.535019 79.196907 -11.670663
v -86.743767 77.490379 -14.989787
v -88.779358 74.775574 -18.048706
v -90.563576 71.159019 -20.729876
v -92.027832 66.782455 -22.930250
v -93.115883 61.818035 -24.565277
v -93.785904 56.461475 -25.572123
v -94.012131 50.924011 -25.912086
v -93.785904 45.423481 -25.572123
v -93.115883 40.174995 -24.565277
v -92.027832 35.382076 -22.930250
v -90.563576 31.228615 -20.729876
v -88.779358 27.872173 -18.048706
v -86.743767 25.408554 -14.989787
v -84.535019 23.857376 -11.670663
v -83.817467 79.224373 -12.052465
v -85.336243 77.542709 -15.738719
v -86.735962 74.851837 -19.135984
v -87.962822 71.257179 -22.113720
v -88.969681 66.899597 -24.557478
v -89.717850 61.950260 -26.373358
v -90.178558 56.604027 -27.491571
v -90.334122 51.071388 -27.869135
v -90.178558 45.569744 -27.491571
v -89.717850 40.313995 -26.373358
v -88.969681 35.507797 -24.557478
v -87.962822 31.335514 -22.113720
v -86.735962 27.955391 -19.135984
v -85.336243 25.425777 -15.738719
v -83.817467 23.851162 -12.052465
v -83.039223 79.254616 -12.286945
v -83.809669 77.601517 -16.198666
v -84.519722 74.937798 -19.803724
v -85.142075 71.367912 -22.963596
v -85.652832 67.031708 -25.556822
v -86.032372 62.099327 -27.483772
v -86.266075 56.764660 -28.670378
v -86.344986 51.237392 -29.071037
v -86.266075 45.734379 -28.670378
v -86.032372 40.470364 -27.483772
v -85.652832 35.649200 -25.556822
v -85.142075 31.455734 -22.963596
v -84.519722 28.008984 -19.803724
v -83.809669 25.421806 -16.198666
v -83.039223 23.847099 -12.286945
v -82.230202 79.283546 -12.365091
v -82.222702 77.662804 -16.351955
v -82.215790 75.028381 -20.026268
v -82.209732 71.485184 -23.246838
v -82.204765 67.171982 -25.889883
v -82.201073 62.257835 -27.853848
v -82.198792 56.935593 -29.063248
v -82.198021 51.414150 -29.471601
v -82.198792 45.909771 -29.063248
v -82.201073 40.637028 -27.853848
v -82.204765 35.793755 -25.889883
v -82.209732 31.507416 -23.246838
v -82.215790 28.004379 -20.026268
v -82.222702 25.417168 -16.351955
v -82.230202 23.852615 -12.365091
v -81.421463 79.278816 -12.283902
v -80.636307 77.657387 -16.192698
v -79.912712 75.022644 -19.795061
v -79.278465 71.479103 -22.952566
v -78.757950 67.165840 -25.543854
v -78.371185 62.251919 -27.469362
v -78.133011 56.930138 -28.655079
v -78.052589 51.409351 -29.055439
v -78.133011 45.905804 -28.655079
v -78.371185 40.626587 -27.469362
v -78.757950 35.756382 -25.543854
v -79.278465 31.506432 -22.952566
v -79.912712 28.004063 -19.795061
v -80.636307 25.417042 -16.192698
v -81.421463 23.865482 -12.283902
v -80.644104 79.244888 -12.046496
v -79.111473 77.593597 -15.727011
v -77.698990 74.930252 -19.118984
v -76.460938 71.360764 -22.092089
v -75.444885 67.025055 -24.532038
v -74.689903 62.093258 -26.345093
v -74.224983 56.759277 -27.461561
v -74.068008 51.232777 -27.838537
v -74.224983 45.730568 -27.461561
v -74.689903 40.467377 -26.345093
v -75.444885 35.647007 -24.532038
v -76.460938 31.420460 -22.092089
v -77.698990 27.974758 -19.118984
v -79.111473 25.420597 -15.727011
v -80.644104 23.880409 -12.046496
v -79.928009 79.212448 -11.661999
v -77.706787 77.530220 -14.972790
v -75.659698 74.838631 -18.024025
v -73.865417 71.243553 -20.698469
v -72.392883 66.885880 -22.893316
v -71.298691 61.936775 -24.524244
v -70.624886 56.591118 -25.528559
v -70.397377 51.059357 -25.867662
v -70.624886 45.558842 -25.528559
v -71.298691 40.304398 -24.524244
v -72.392883 35.499622 -22.893316
v -73.865417 31.328777 -20.698469
v -75.659698 27.906528 -18.024025
v -77.706787 25.407631 -14.972790
v -79.928009 23.894539 -11.661999
v -79.300674 79.181740 -11.145185
v -76.476234 77.470734 -13.959021
v -73.873222 74.752419 -16.552261
v -71.591644 71.133171 -18.825268
v -69.719223 66.754837 -20.690666
v -68.327873 61.789642 -22.076790
v -67.471085 56.433258 -22.930353
v -67.181786 50.896881 -23.218555
v -67.471085 45.398212 -22.930353
v -68.327873 40.152195 -22.076790
v -69.719223 35.362190 -20.690666
v -71.591644 31.211903 -18.825268
v -73.873222 27.849289 -16.552261
v -76.476234 25.391369 -13.959021
v -79.300674 23.902977 -11.145185
v -78.786224 79.155113 -10.515913
v -75.467102 77.418228 -12.724663
v -72.408188 74.675652 -14.760252
v -69.727020 71.034615 -16.544472
v -67.526642 66.637886 -18.008732
v -65.891617 61.658451 -19.096785
v -64.884766 56.292770 -19.766794
v -64.544807 50.752556 -19.993023
v -64.884766 45.255795 -19.766794
v -65.891617 40.017467 -19.096785
v -67.526642 35.255161 -18.008732
v -69.727020 31.140659 -16.544472
v -72.408188 27.826077 -14.760252
v -75.467102 25.378727 -12.724663
v -78.786224 23.902962 -10.515913
v -78.404427 79.132111 -9.798370
v -74.718163 77.372910 -11.317149
v -71.320908 74.609634 -12.716860
v -68.343170 70.950256 -13.943727
v -65.899414 66.538269 -14.950580
v -64.083527 61.551479 -15.698749
v -62.965317 56.196739 -16.159458
v -62.587749 50.670624 -16.315016
v -62.965317 45.190647 -16.159458
v -64.083527 39.971306 -15.698749
v -65.899414 35.215199 -14.950580
v -68.343170 31.105125 -13.943727
v -71.320908 27.797436 -12.716860
v -74.718163 25.370201 -11.317149
v -78.404427 23.902622 -9.798370
v -78.169945 79.113625 -9.020128
v -74.258224 77.336609 -9.790573
v -70.653168 74.557083 -10.500614
v -67.493294 70.907845 -11.122979
v -64.900063 66.511543 -11.633733
v -62.973114 61.536404 -12.013265
v -61.786507 56.178757 -12.246972
v -61.385853 50.650257 -12.325879
v -61.786507 45.168743 -12.246972
v -62.973114 39.948929 -12.013265
v -64.900063 35.193588 -11.633733
v -67.493294 31.085644 -11.122979
v -70.653168 27.781578 -10.500614
v -74.258224 25.366318 -9.790573
v -78.169945 23.901985 -9.020128
v -78.091805 79.105080 -8.211096
v -74.104935 77.310432 -8.203596
v -67.210052 70.909149 -8.190629
v -62.603039 61.537228 -8.181966
v -62.603039 39.947403 -8.181966
v -67.210052 31.083538 -8.190629
v -70.430626 27.779640 -8.196683
v -74.104935 25.367374 -8.203596
v -78.091805 23.902500 -8.211096
v 2.240406 74.553497 -8.060019
v 8.104020 66.512726 -8.048992
v 11.277386 56.179073 -8.043025
v 11.685752 50.649944 -8.042256
v 11.277386 45.167782 -8.043025
v 8.104020 35.191685 -8.048992
v -5.501966 79.102554 -7.265694
v -1.593170 77.320801 -6.480540
v 2.009198 74.580505 -5.756939
v 5.166698 70.944054 -5.122698
v 7.757994 66.553802 -4.602190
v 9.683498 61.582596 -4.215417
v 10.869219 56.226776 -3.977243
v 11.269588 50.698090 -3.896822
v 10.869219 45.214573 -3.977243
v 9.683498 39.991283 -4.215417
v 7.757994 35.231342 -4.602190
v 5.166698 31.118000 -5.122698
v 2.009198 27.808155 -5.756939
v -1.593170 25.389412 -6.480540
v -5.501966 23.914906 -7.265694
v -5.739372 79.104729 -6.488338
v -2.058857 77.350395 -4.955703
v 1.333123 74.623558 -3.543219
v 4.306221 70.997856 -2.305166
v 6.746175 66.615425 -1.289124
v 8.559229 61.648933 -0.534135
v 9.675701 56.294758 -0.069215
v 10.052687 50.764824 0.087769
v 9.675701 45.277538 -0.069215
v 8.559229 40.048351 -0.534135
v 6.746175 35.280842 -1.289124
v 4.306221 31.158726 -2.305166
v 1.333123 27.839279 -3.543219
v -2.058857 25.410408 -4.955703
v -5.739372 23.925472 -6.488338
v -6.123870 79.112076 -5.772235
v -2.813078 77.370239 -3.551017
v 0.238165 74.652313 -1.503931
v 2.912602 71.033730 0.290356
v 5.107455 66.656425 1.762887
v 6.738380 61.692966 2.857078
v 7.742698 56.339790 3.530878
v 8.081813 50.808945 3.758393
v 7.742698 45.319077 3.530878
v 6.738380 40.085918 2.857078
v 5.107455 35.313389 1.762887
v 2.912602 31.185474 0.290356
v 0.238165 27.859703 -1.503931
v -2.813078 25.424183 -3.551017
v -6.123870 23.932407 -5.772235
v -6.640686 79.118385 -5.144904
v -3.826847 77.383392 -2.320462
v -1.233600 74.671303 0.282558
v 1.039402 71.057358 2.564125
v 2.904803 66.683372 4.436556
v 4.290926 61.721851 5.827900
v 5.144493 56.369255 6.684685
v 5.432704 50.837761 6.973986
v 5.144493 45.346142 6.684685
v 4.290926 40.110371 5.827900
v 2.904803 35.334530 4.436556
v 1.039402 31.202808 2.564125
v -1.233600 27.872932 0.282558
v -3.826847 25.433086 -2.320462
v -6.640686 23.936890 -5.144904
v -7.269957 79.123100 -4.630452
v -5.061206 77.393188 -1.311328
v -3.025612 74.685455 1.747592
v -1.241396 71.074974 4.428760
v 0.222868 66.703453 6.629136
v 1.310919 61.743362 8.264161
v 1.980933 56.391209 9.271008
v 2.207168 50.859207 9.610978
v 1.980933 45.366299 9.271008
v 1.310919 40.128563 8.264161
v 0.222868 35.350254 6.629136
v -1.241396 31.215710 4.428760
v -3.025612 27.882763 1.747592
v -5.061206 25.439705 -1.311328
v -7.269957 23.940224 -4.630452
v -9.566979 79.869453 -8.082225
v -7.987500 79.126022 -4.248651
v -6.468720 77.399254 -0.562397
v -5.069005 74.694191 2.834873
v -3.842142 71.085838 5.812605
v -2.835286 66.715843 8.256364
v -2.087119 61.756653 10.072245
v -1.626405 56.404751 11.190456
v -1.470842 50.872444 11.568030
v -1.626405 45.378723 11.190456
v -2.087119 40.139771 10.072245
v -2.835286 35.359947 8.256364
v -3.842142 31.223660 5.812605
v -5.069005 27.888824 2.834873
v -6.468720 25.443787 -0.562397
v -7.987500 23.942276 -4.248651
v -8.765743 79.127014 -4.014171
v -7.995297 77.401291 -0.102448
v -7.285253 74.697144 3.502615
v -6.662890 71.089523 6.662480
v -6.152134 66.720039 9.255710
v -5.772604 61.761135 11.182659
v -5.538894 56.409336 12.369267
v -5.459981 50.876926 12.769934
v -5.538894 45.382927 12.369267
v -5.772604 40.143562 11.182659
v -6.152134 35.363224 9.255710
v -6.662890 31.226345 6.662480
v -7.285253 27.890869 3.502615
v -7.995297 25.445164 -0.102448
v -8.765743 23.942966 -4.014171
v -9.574777 79.127014 -3.936024
v -9.582275 77.401291 0.050842
v -9.589186 74.697144 3.725158
v -9.595242 71.089523 6.945724
v -9.600214 66.720039 9.588771
v -9.603905 61.761135 11.552735
v -9.606182 56.409336 12.762137
v -9.606952 50.876926 13.170499
v -9.606182 45.382927 12.762137
v -9.603905 40.143566 11.552735
v -9.600214 35.363224 9.588771
v -9.595242 31.226345 6.945724
v -9.589186 27.890869 3.725158
v -9.582275 25.445164 0.050842
v -9.574777 23.942966 -3.936024
v -10.383511 79.127014 -4.017213
v -11.168663 77.401291 -0.108416
v -11.892265 74.697144 3.493949
v -12.526505 71.089523 6.651453
v -13.047015 66.720039 9.242743
v -13.433786 61.761143 11.168251
v -13.671962 56.409336 12.353970
v -13.752384 50.876926 12.754335
v -13.671962 45.382927 12.353970
v -13.433786 40.143562 11.168251
v -13.047015 35.363224 9.242743
v -12.526505 31.226345 6.651453
v -11.892265 27.890869 3.493949
v -11.168663 25.445164 -0.108416
v -10.383511 23.942966 -4.017213
v -11.160866 79.127014 -4.254619
v -12.693500 77.401291 -0.574104
v -14.105986 74.697144 2.817875
v -15.344037 71.089523 5.790974
v -16.360081 66.720039 8.230927
v -17.115067 61.761143 10.043983
v -17.579987 56.409336 11.160452
v -17.736973 50.876915 11.537433
v -17.579987 45.382927 11.160452
v -17.115067 40.143562 10.043983
v -16.360081 35.363228 8.230927
v -15.344037 31.226349 5.790974
v -14.105986 27.890869 2.817875
v -12.693500 25.445164 -0.574104
v -11.160866 23.942966 -4.254619
v -11.876968 79.127365 -4.639118
v -14.098186 77.397377 -1.328325
v -16.145271 74.691414 1.722916
v -17.939558 71.082336 4.397356
v -19.412090 66.711761 6.592206
v -20.506281 61.752167 8.223131
v -21.180079 56.400085 9.227448
v -21.407593 50.867802 9.566558
v -21.180079 45.374283 9.227448
v -20.506281 40.135693 8.223131
v -19.412090 35.356377 6.592206
v -17.939558 31.220695 4.397356
v -16.145271 27.886555 1.722916
v -14.098186 25.442253 -1.328325
v -11.876968 23.941502 -4.639118
v -12.504299 79.128403 -5.155932
v -15.328742 77.385880 -2.342094
v -17.931761 74.674522 0.251151
v -20.213327 71.061096 2.524155
v -22.085760 66.687294 4.389554
v -23.477100 61.725677 5.775678
v -24.333887 56.372787 6.629243
v -24.623188 50.840824 6.917452
v -24.333887 45.348705 6.629243
v -23.477100 40.112404 5.775678
v -22.085760 35.336102 4.389554
v -20.213327 31.203979 2.524155
v -17.931761 27.873749 0.251151
v -15.328742 25.433617 -2.342094
v -12.504299 23.937153 -5.155932
v -13.018750 79.128860 -5.785203
v -16.337875 77.372627 -3.576453
v -19.396793 74.644356 -1.540861
v -22.077963 71.023132 0.243356
v -24.278336 66.643570 1.707620
v -25.913364 61.678364 2.795672
v -26.920210 56.324024 3.465685
v -27.260178 50.792713 3.691916
v -26.920210 45.303112 3.465685
v -25.913364 40.070911 2.795672
v -24.278336 35.299980 1.707620
v -22.077963 31.174179 0.243356
v -19.396793 27.850929 -1.540861
v -16.337875 25.418217 -3.576453
v -13.018750 23.929401 -5.785203
v -13.400553 79.127312 -6.502747
v -17.086805 77.368782 -4.983967
v -20.484074 74.604065 -3.584253
v -23.461807 70.966476 -2.357389
v -25.905565 66.578346 -1.350533
v -27.721445 61.607803 -0.602366
v -28.839659 56.251366 -0.141654
v -29.217230 50.721054 0.013906
v -28.839659 45.235214 -0.141654
v -27.721445 40.009144 -0.602366
v -25.905565 35.246216 -1.350533
v -23.461807 31.129841 -2.357389
v -20.484074 27.816994 -3.584253
v -17.086805 25.395294 -4.983967
v -13.400553 23.917858 -6.502747
v -13.635032 79.124550 -7.280989
v -17.546755 77.361412 -6.510545
v -21.151815 74.592522 -5.800500
v -24.311682 70.927132 -5.178137
v -26.904913 66.509277 -4.667381
v -28.831860 61.516987 -4.287851
v -30.018467 56.157875 -4.054143
v -30.419130 50.628849 -3.975232
v -30.018467 45.147865 -4.054143
v -28.831860 39.929672 -4.287851
v -26.904913 35.177040 -4.667381
v -24.311682 31.072769 -5.178137
v -21.151815 27.773273 -5.800500
v -17.546755 25.365749 -6.510545
v -13.635032 23.902966 -7.280989
v -13.713179 79.122871 -8.090023
v -17.700043 77.355103 -8.097522
v -21.374357 74.582825 -8.104432
v -24.594925 70.914825 -8.110487
v -27.237970 66.495506 -8.115460
v -29.201935 61.498867 -8.119150
v -30.411335 56.122166 -8.121428
v -30.819693 50.577763 -8.122201
v -30.411335 45.083958 -8.121428
v -29.201935 39.855698 -8.119150
v -27.237970 35.112049 -8.115460
v -24.594925 31.019745 -8.110487
v -21.374357 27.733025 -8.104432
v -17.700043 25.336201 -8.097522
v -13.713179 23.886738 -8.090023
v -13.631989 79.124596 -8.898756
v -17.540787 77.354317 -9.683910
v -21.143150 74.578873 -10.407512
v -24.300653 70.908157 -11.041752
v -26.891943 66.486191 -11.562262
v -28.817451 61.487110 -11.949032
v -30.003172 56.108356 -12.187208
v -30.403528 50.562393 -12.267632
v -30.003172 45.067661 -12.187208
v -28.817451 39.839165 -11.949032
v -26.891943 35.079704 -11.562262
v -24.300653 30.971962 -11.041752
v -21.143150 27.676010 -10.407512
v -17.540787 25.320114 -9.683910
v -13.631989 23.872734 -8.898756
v -13.394584 79.137833 -9.676111
v -17.075098 77.375916 -11.208747
v -20.467073 74.609283 -12.621231
v -23.440174 70.946007 -13.859282
v -25.880127 66.529739 -14.875327
v -27.693182 61.534485 -15.630312
v -28.809649 56.157570 -16.095234
v -29.186628 50.611485 -16.252220
v -28.809649 45.114754 -16.095234
v -27.693182 39.882610 -15.630312
v -25.880127 35.118038 -14.875327
v -23.440174 31.003986 -13.859282
v -20.467073 27.696869 -12.621231
v -17.075098 25.322792 -11.208747
v -13.394584 23.869106 -9.676111
v -13.010085 79.153610 -10.392214
v -16.320877 77.406326 -12.613434
v -19.372114 74.653206 -14.660518
v -22.046558 71.001793 -16.454803
v -24.241405 66.595367 -17.927336
v -25.872334 61.607445 -19.021523
v -26.876646 56.235058 -19.695326
v -27.215754 50.690495 -19.922840
v -26.876646 45.192154 -19.695326
v -25.872334 39.955399 -19.021523
v -24.241405 35.183403 -17.927336
v -22.046558 31.059376 -16.454803
v -19.372114 27.739983 -14.660518
v -16.320877 25.349445 -12.613434
v -13.010085 23.866653 -10.392214
v -12.493270 79.173019 -11.019545
v -15.307109 77.444366 -13.843987
v -17.900351 74.708778 -16.447004
v -20.173357 71.073227 -18.728573
v -22.038754 66.680275 -20.601002
v -23.424879 61.702847 -21.992344
v -24.278444 56.337437 -22.849133
v -24.566648 50.795860 -23.138430
v -24.278444 45.296352 -22.849133
v -23.424879 40.054153 -21.992344
v -22.038754 35.272633 -20.601002
v -20.173357 31.135342 -18.728573
v -17.900351 27.799267 -16.447004
v -15.307109 25.384380 -13.843987
v -12.493270 23.865437 -11.019545
v -9.566979 23.380665 -8.082225
v -11.864001 79.196907 -11.533996
v -14.072750 77.490379 -14.853120
v -16.108341 74.775574 -17.912039
v -17.892559 71.159019 -20.593208
v -19.356819 66.782455 -22.793583
v -20.444872 61.818035 -24.428608
v -21.114885 56.461475 -25.435455
v -21.341112 50.924011 -25.775419
v -21.114885 45.423481 -25.435455
v -20.444872 40.174995 -24.428608
v -19.356819 35.382076 -22.793583
v -17.892559 31.228615 -20.593208
v -16.108341 27.872173 -17.912039
v -14.072750 25.408554 -14.853120
v -11.864001 23.857376 -11.533996
v -11.146456 79.224373 -11.915797
v -12.665236 77.542709 -15.602052
v -14.064948 74.851837 -18.999317
v -15.291816 71.257179 -21.977053
v -16.298666 66.899597 -24.420809
v -17.046835 61.950260 -26.236689
v -17.507547 56.604027 -27.354904
v -17.663105 51.071388 -27.732468
v -17.507547 45.569744 -27.354904
v -17.046835 40.313995 -26.236689
v -16.298666 35.507797 -24.420809
v -15.291816 31.335514 -21.977053
v -14.064948 27.955391 -18.999317
v -12.665236 25.425777 -15.602052
v -11.146456 23.851162 -11.915797
v -10.368215 79.254616 -12.150277
v -11.138659 77.601517 -16.061998
v -11.848701 74.937798 -19.667057
v -12.471066 71.367912 -22.826927
v -12.981821 67.031708 -25.420155
v -13.361353 62.099327 -27.347105
v -13.595059 56.764660 -28.533710
v -13.673967 51.237392 -28.934370
v -13.595059 45.734379 -28.533710
v -13.361353 40.470364 -27.347105
v -12.981821 35.649200 -25.420155
v -12.471066 31.455734 -22.826927
v -11.848701 28.008984 -19.667057
v -11.138659 25.421806 -16.061998
v -10.368215 23.847099 -12.150277
v -9.559182 79.283546 -12.228423
v -9.551683 77.662804 -16.215288
v -9.544770 75.028381 -19.889601
v -9.538716 71.485184 -23.110170
v -9.533743 67.171982 -25.753216
v -9.530053 62.257835 -27.717180
v -9.527772 56.935593 -28.926580
v -9.527001 51.414150 -29.334934
v -9.527772 45.909771 -28.926580
v -9.530053 40.637028 -27.717180
v -9.533743 35.793755 -25.753216
v -9.538716 31.507416 -23.110170
v -9.544770 28.004379 -19.889601
v -9.551683 25.417168 -16.215288
v -9.559182 23.852615 -12.228423
v -8.750448 79.278816 -12.147234
v -7.965295 77.657387 -16.056030
v -7.241693 75.022644 -19.658392
v -6.607452 71.479103 -22.815899
v -6.086942 67.165840 -25.407185
v -5.700172 62.251919 -27.332695
v -5.461994 56.930138 -28.518412
v -5.381571 51.409351 -28.918770
v -5.461994 45.905804 -28.518412
v -5.700172 40.626587 -27.332695
v -6.086942 35.756382 -25.407185
v -6.607452 31.506432 -22.815899
v -7.241693 28.004063 -19.658392
v -7.965295 25.417042 -16.056030
v -8.750448 23.865482 -12.147234
v -7.973093 79.244888 -11.909828
v -6.440458 77.593597 -15.590343
v -5.027974 74.930252 -18.982315
v -3.789922 71.360764 -21.955421
v -2.773878 67.025055 -24.395370
v -2.018892 62.093258 -26.208426
v -1.553968 56.759277 -27.324894
v -1.396984 51.232777 -27.701868
v -1.553968 45.730568 -27.324894
v -2.018892 40.467377 -26.208426
v -2.773878 35.647007 -24.395370
v -3.789922 31.420460 -21.955421
v -5.027974 27.974758 -18.982315
v -6.440458 25.420597 -15.590343
v -7.973093 23.880409 -11.909828
v -7.256990 79.212448 -11.525331
v -5.035772 77.530220 -14.836123
v -2.988687 74.838631 -17.887358
v -1.194400 71.243553 -20.561800
v 0.278132 66.885880 -22.756649
v 1.372320 61.936775 -24.387577
v 2.046123 56.591118 -25.391890
v 2.273634 51.059357 -25.730995
v 2.046123 45.558842 -25.391890
v 1.372320 40.304398 -24.387577
v 0.278132 35.499622 -22.756649
v -1.194400 31.328777 -20.561800
v -2.988687 27.906528 -17.887358
v -5.035772 25.407631 -14.836123
v -7.256990 23.894539 -11.525331
v -6.629660 79.181740 -11.008517
v -3.805219 77.470734 -13.822352
v -1.202201 74.752419 -16.415592
v 1.079368 71.133171 -18.688601
v 2.951798 66.754837 -20.553997
v 4.343141 61.789642 -21.940123
v 5.199928 56.433258 -22.793686
v 5.489223 50.896881 -23.081888
v 5.199928 45.398212 -22.793686
v 4.343141 40.152195 -21.940123
v 2.951798 35.362190 -20.553997
v 1.079368 31.211903 -18.688601
v -1.202201 27.849289 -16.415592
v -3.805219 25.391369 -13.822352
v -6.629660 23.902977 -11.008517
v -6.115209 79.155113 -10.379246
v -2.796086 77.418228 -12.587996
v 0.262832 74.675652 -14.623584
v 2.944004 71.034615 -16.407803
v 5.144376 66.637886 -17.872063
v 6.779403 61.658451 -18.960115
v 7.786249 56.292770 -19.630127
v 8.126211 50.752556 -19.856356
v 7.786249 45.255795 -19.630127
v 6.779403 40.017467 -18.960115
v 5.144376 35.255161 -17.872063
v 2.944004 31.140659 -16.407803
v 0.262832 27.826077 -14.623584
v -2.796086 25.378727 -12.587996
v -6.115209 23.902962 -10.379246
v -5.733407 79.132111 -9.661702
v -2.047154 77.372910 -11.180482
v 1.350110 74.609634 -12.580193
v 4.327849 70.950256 -13.807059
v 6.771604 66.538269 -14.813912
v 8.587484 61.551479 -15.562081
v 9.705695 56.196739 -16.022791
v 10.083259 50.670624 -16.178349
v 9.705695 45.190647 -16.022791
v 8.587484 39.971306 -15.562081
v 6.771604 35.215199 -14.813912
v 4.327849 31.105125 -13.807059
v 1.350110 27.797436 -12.580193
v -2.047154 25.370201 -11.180482
v -5.733407 23.902622 -9.661702
v -5.498928 79.113625 -8.883460
v -1.587206 77.336609 -9.653905
v 2.017850 74.557083 -10.363947
v 5.177724 70.907845 -10.986312
v 7.770948 66.511543 -11.497066
v 9.697898 61.536404 -11.876596
v 10.884503 56.178757 -12.110304
v 11.285160 50.650257 -12.189211
v 10.884503 45.168743 -12.110304
v 9.697898 39.948929 -11.876596
v 7.770948 35.193588 -11.497066
v 5.177724 31.085644 -10.986312
v 2.017850 27.781578 -10.363947
v -1.587206 25.366318 -9.653905
v -5.498928 23.901985 -8.883460
v -5.420782 79.105080 -8.074428
v -1.433915 77.310432 -8.066928
v 5.460967 70.909149 -8.053962
v 10.067972 61.537228 -8.045299
v 10.067972 39.947403 -8.045299
v 5.460967 31.083538 -8.053962
v 2.240390 27.779640 -8.060016
v -1.433915 25.367374 -8.066928
v -5.420782 23.902500 -8.074428
v -72.494568 51.169682 6.287227
v -70.291641 48.966759 6.291370
v -69.099434 46.088497 6.293612
v -68.946007 44.530792 6.293900
v -69.099434 42.973091 6.293612
v -70.291641 40.094830 6.291370
v -75.403328 52.361897 6.585650
v -73.934814 51.907532 6.880627
v -72.581421 51.169682 7.152479
v -71.395172 50.176704 7.390759
v -70.421646 48.966759 7.586310
v -69.698242 47.586338 7.731619
v -69.252769 46.088497 7.821099
v -69.102364 44.530792 7.851312
v -69.252769 42.973091 7.821099
v -69.698242 41.475246 7.731619
v -70.421646 40.094830 7.586310
v -71.395172 38.884884 7.390759
v -72.581421 37.891907 7.152479
v -73.934814 37.154057 6.880627
v -75.403328 36.699692 6.585650
v -75.492516 52.361897 6.877697
v -74.109772 51.907532 7.453498
v -72.835419 51.169682 7.984159
v -71.718452 50.176704 8.449286
v -70.801781 48.966759 8.831007
v -70.120628 47.586338 9.114652
v -69.701172 46.088497 9.289319
v -69.559547 44.530792 9.348296
v -69.701172 42.973091 9.289319
v -70.120628 41.475246 9.114652
v -70.801781 40.094830 8.831007
v -71.718452 38.884884 8.449286
v -72.835419 37.891907 7.984159
v -74.109772 37.154057 7.453498
v -75.492516 36.699692 6.877697
v -75.636963 52.361897 7.146732
v -74.393120 51.907532 7.981229
v -73.246788 51.169682 8.750305
v -72.242020 50.176704 9.424407
v -71.417435 48.966759 9.977627
v -70.804710 47.586338 10.388707
v -70.427391 46.088497 10.641850
v -70.299980 44.530792 10.727325
v -70.427391 42.973091 10.641850
v -70.804710 41.475246 10.388707
v -71.417435 40.094830 9.977627
v -72.242020 38.884884 9.424407
v -73.246788 37.891907 8.750305
v -74.393120 37.154057 7.981229
v -75.636963 36.699692 7.146732
v -75.831131 52.361897 7.382416
v -74.773987 51.907532 8.443540
v -73.799728 51.169682 9.421476
v -72.945770 50.176704 10.278646
v -72.244957 48.966759 10.982107
v -71.724205 47.586338 11.504825
v -71.403519 46.088497 11.826714
v -71.295242 44.530792 11.935402
v -71.403519 42.973091 11.826714
v -71.724205 41.475246 11.504825
v -72.244957 40.094830 10.982107
v -72.945770 38.884884 10.278646
v -73.799728 37.891907 9.421476
v -74.773987 37.154057 8.443540
v -75.831131 36.699692 7.382416
v -76.067543 52.361897 7.575693
v -75.237724 51.907532 8.822664
v -74.472977 51.169682 9.971880
v -73.802650 50.176704 10.979177
v -73.252541 48.966759 11.805844
v -72.843765 47.586338 12.420113
v -72.592049 46.088497 12.798378
v -72.507050 44.530792 12.926103
v -72.592049 42.973091 12.798378
v -72.843765 41.475246 12.420113
v -73.252541 40.094830 11.805844
v -73.802650 38.884884 10.979177
v -74.472977 37.891907 9.971880
v -75.237724 37.154057 8.822664
v -76.067543 36.699692 7.575693
v -76.930519 52.515320 6.278885
v -76.337120 52.361897 7.719134
v -75.766525 51.907532 9.104033
v -75.240654 51.169682 10.380364
v -74.779739 50.176704 11.499079
v -74.401466 48.966759 12.417183
v -74.120392 47.586338 13.099397
v -73.947296 46.088497 13.519502
v -73.888855 44.530792 13.661354
v -73.947296 42.973091 13.519502
v -74.120392 41.475246 13.099397
v -74.401466 40.094830 12.417183
v -74.779739 38.884884 11.499079
v -75.240654 37.891907 10.380364
v -75.766525 37.154057 9.104033
v -76.337120 36.699692 7.719134
v -76.629494 52.361897 7.807226
v -76.340050 51.907532 9.276834
v -76.073288 51.169682 10.631230
v -75.839478 50.176704 11.818371
v -75.647583 48.966759 12.792630
v -75.504997 47.586338 13.516572
v -75.417198 46.088497 13.962372
v -75.387543 44.530792 14.112900
v -75.417198 42.973091 13.962372
v -75.504997 41.475246 13.516572
v -75.647583 40.094830 12.792630
v -75.839478 38.884884 11.818371
v -76.073288 37.891907 10.631230
v -76.340050 37.154057 9.276834
v -76.629494 36.699692 7.807226
v -76.933449 52.361897 7.836584
v -76.936264 51.907532 9.334423
v -76.938858 51.169682 10.714838
v -76.941139 50.176704 11.924784
v -76.943001 48.966759 12.917758
v -76.944389 47.586338 13.655607
v -76.945244 46.088497 14.109971
v -76.945534 44.530792 14.263391
v -76.945244 42.973091 14.109971
v -76.944389 41.475246 13.655607
v -76.943001 40.094830 12.917758
v -76.941139 38.884884 11.924784
v -76.938858 37.891907 10.714838
v -76.936264 37.154057 9.334423
v -76.933449 36.699692 7.836584
v -77.237282 52.361897 7.806082
v -77.532265 51.907532 9.274591
v -77.804108 51.169682 10.627975
v -78.042397 50.176704 11.814227
v -78.237946 48.966759 12.787759
v -78.383247 47.586338 13.511159
v -78.472733 46.088497 13.956626
v -78.502945 44.530792 14.107040
v -78.472733 42.973091 13.956626
v -78.383247 41.475246 13.511159
v -78.237946 40.094830 12.787759
v -78.042397 38.884884 11.814227
v -77.804108 37.891907 10.627975
v -77.532265 37.154057 9.274591
v -77.237282 36.699692 7.806082
v -77.529335 52.361897 7.716891
v -78.105141 51.907532 9.099635
v -78.635796 51.169682 10.373979
v -79.100922 50.176704 11.490952
v -79.482643 48.966759 12.407626
v -79.766289 47.586338 13.088778
v -79.940948 46.088497 13.508229
v -79.999931 44.530792 13.649858
v -79.940948 42.973091 13.508229
v -79.766289 41.475246 13.088778
v -79.482643 40.094830 12.407626
v -79.100922 38.884884 11.490952
v -78.635796 37.891907 10.373979
v -78.105141 37.154057 9.099635
v -77.529335 36.699692 7.716891
v -77.798363 52.361897 7.572436
v -78.632866 51.907532 8.816279
v -79.401939 51.169682 9.962609
v -80.076035 50.176704 10.967380
v -80.629265 48.966759 11.791970
v -81.040344 47.586338 12.404698
v -81.293488 46.088497 12.782013
v -81.378960 44.530792 12.909414
v -81.293488 42.973091 12.782013
v -81.040344 41.475246 12.404698
v -80.629265 40.094830 11.791970
v -80.076035 38.884884 10.967380
v -79.401939 37.891907 9.962609
v -78.632866 37.154057 8.816279
v -77.798363 36.699692 7.572436
v -78.034050 52.361897 7.378273
v -79.095169 51.907532 8.435413
v -80.073105 51.169682 9.409678
v -80.930283 50.176704 10.263630
v -81.633736 48.966759 10.964448
v -82.156456 47.586338 11.485206
v -82.478348 46.088497 11.805884
v -82.587036 44.530792 11.914163
v -82.478348 42.973091 11.805884
v -82.156456 41.475246 11.485206
v -81.633736 40.094830 10.964448
v -80.930283 38.884884 10.263630
v -80.073105 37.891907 9.409678
v -79.095169 37.154057 8.435413
v -78.034050 36.699692 7.378273
v -78.227325 52.361897 7.141860
v -79.474297 51.907532 7.971673
v -80.623512 51.169682 8.736431
v -81.630806 50.176704 9.406749
v -82.457474 48.966759 9.956863
v -83.071747 47.586338 10.365637
v -83.450005 46.088497 10.617356
v -83.577736 44.530792 10.702350
v -83.450005 42.973091 10.617356
v -83.071747 41.475246 10.365637
v -82.457474 40.094830 9.956863
v -81.630806 38.884884 9.406749
v -80.623512 37.891907 8.736431
v -79.474297 37.154057 7.971673
v -78.227325 36.699692 7.141860
v -78.370766 52.361897 6.872284
v -79.755669 51.907532 7.442879
v -81.031998 51.169682 7.968743
v -82.150703 50.176704 8.429667
v -83.068817 48.966759 8.807935
v -83.751030 47.586338 9.089018
v -84.171135 46.088497 9.262104
v -84.312988 44.530792 9.320546
v -84.171135 42.973091 9.262104
v -83.751030 41.475246 9.089018
v -83.068817 40.094830 8.807935
v -82.150703 38.884884 8.429667
v -81.031998 37.891907 7.968743
v -79.755669 37.154057 7.442879
v -78.370766 36.699692 6.872284
v -78.458862 52.361897 6.579903
v -79.928467 51.907532 6.869354
v -81.282860 51.169682 7.136113
v -82.470001 50.176704 7.369931
v -83.444260 48.966759 7.561819
v -84.168205 47.586338 7.704406
v -84.614006 46.088497 7.792208
v -84.764534 44.530792 7.821854
v -84.614006 42.973091 7.792208
v -84.168205 41.475246 7.704406
v -83.444260 40.094830 7.561819
v -82.470001 38.884884 7.369931
v -81.282860 37.891907 7.136113
v -79.928467 37.154057 6.869354
v -78.458862 36.699692 6.579903
v -78.488220 52.361897 6.275955
v -79.986061 51.907532 6.273138
v -81.366478 51.169682 6.270541
v -82.576416 50.176704 6.268267
v -83.569397 48.966759 6.266398
v -84.307243 47.586338 6.265012
v -84.761604 46.088497 6.264156
v -84.915024 44.530792 6.263866
v -84.761604 42.973091 6.264156
v -84.307243 41.475246 6.265012
v -83.569397 40.094830 6.266398
v -82.576416 38.884884 6.268267
v -81.366478 37.891907 6.270541
v -79.986061 37.154057 6.273138
v -78.488220 36.699692 6.275955
v -78.457718 52.361897 5.972119
v -79.926224 51.907532 5.677143
v -81.279610 51.169682 5.405290
v -82.465858 50.176704 5.167010
v -83.439392 48.966759 4.971458
v -84.162788 47.586338 4.826152
v -84.608261 46.088497 4.736670
v -84.758667 44.530792 4.706455
v -84.608261 42.973091 4.736670
v -84.162788 41.475246 4.826152
v -83.439392 40.094830 4.971458
v -82.465858 38.884884 5.167010
v -81.279610 37.891907 5.405290
v -79.926224 37.154057 5.677143
v -78.457718 36.699692 5.972119
v -78.368523 52.361897 5.680073
v -79.751274 51.907532 5.104271
v -81.025612 51.169682 4.573611
v -82.142578 50.176704 4.108483
v -83.059265 48.966759 3.726762
v -83.740410 47.586338 3.443119
v -84.159859 46.088497 3.268450
v -84.301498 44.530792 3.209472
v -84.159859 42.973091 3.268450
v -83.740410 41.475246 3.443119
v -83.059265 40.094830 3.726762
v -82.142578 38.884884 4.108483
v -81.025612 37.891907 4.573611
v -79.751274 37.154057 5.104271
v -78.368523 36.699692 5.680073
v -78.224075 52.361897 5.411037
v -79.467911 51.907532 4.576540
v -80.614243 51.169682 3.807465
v -81.619011 50.176704 3.133363
v -82.443604 48.966759 2.580142
v -83.056335 47.586338 2.169063
v -83.433640 46.088497 1.915920
v -83.561043 44.530792 1.830445
v -83.433640 42.973091 1.915920
v -83.056335 41.475246 2.169063
v -82.443604 40.094830 2.580142
v -81.619011 38.884884 3.133363
v -80.614243 37.891907 3.807465
v -79.467911 37.154057 4.576540
v -78.224075 36.699692 5.411037
v -78.029907 52.361897 5.175354
v -79.087044 51.907532 4.114229
v -80.061310 51.169682 3.136293
v -80.915268 50.176704 2.279123
v -81.616081 48.966759 1.575664
v -82.136833 47.586338 1.052946
v -82.457520 46.088497 0.731056
v -82.565796 44.530792 0.622369
v -82.457520 42.973091 0.731056
v -82.136833 41.475246 1.052946
v -81.616081 40.094830 1.575664
v -80.915268 38.884884 2.279123
v -80.061310 37.891907 3.136293
v -79.087044 37.154057 4.114229
v -78.029907 36.699692 5.175354
v -76.930519 36.546268 6.278885
v -77.793495 52.361897 4.982078
v -78.623306 51.907532 3.735105
v -79.388069 51.169682 2.585890
v -80.058380 50.176704 1.578593
v -80.608498 48.966759 0.751927
v -81.017273 47.586338 0.137658
v -81.268990 46.088497 -0.240608
v -81.353981 44.530792 -0.368330
v -81.268990 42.973091 -0.240608
v -81.017273 41.475246 0.137658
v -80.608498 40.094830 0.751927
v -80.058380 38.884884 1.578593
v -79.388069 37.891907 2.585890
v -78.623306 37.154057 3.735105
v -77.793495 36.699692 4.982078
v -77.523911 52.361897 4.838637
v -78.094521 51.907532 3.453737
v -78.620377 51.169682 2.177407
v -79.081299 50.176704 1.058691
v -79.459572 48.966759 0.140588
v -79.740654 47.586338 -0.541626
v -79.913734 46.088497 -0.961731
v -79.972176 44.530792 -1.103580
v -79.913734 42.973091 -0.961731
v -79.740654 41.475246 -0.541626
v -79.459572 40.094830 0.140588
v -79.081299 38.884884 1.058691
v -78.620377 37.891907 2.177407
v -78.094521 37.154057 3.453737
v -77.523911 36.699692 4.838637
v -77.231537 52.361897 4.750545
v -77.520981 51.907532 3.280937
v -77.787743 51.169682 1.926541
v -78.021568 50.176704 0.739399
v -78.213455 48.966759 -0.234860
v -78.356033 47.586338 -0.958801
v -78.443848 46.088497 -1.404602
v -78.473480 44.530792 -1.555126
v -78.443848 42.973091 -1.404602
v -78.356033 41.475246 -0.958801
v -78.213455 40.094830 -0.234860
v -78.021568 38.884884 0.739399
v -77.787743 37.891907 1.926541
v -77.520981 37.154057 3.280937
v -77.231537 36.699692 4.750545
v -76.927589 52.361897 4.721186
v -76.924774 51.907532 3.223347
v -76.922173 51.169682 1.842933
v -76.919899 50.176704 0.632986
v -76.918030 48.966759 -0.359988
v -76.916641 47.586338 -1.097837
v -76.915787 46.088497 -1.552200
v -76.915497 44.530792 -1.705616
v -76.915787 42.973091 -1.552200
v -76.916641 41.475246 -1.097837
v -76.918030 40.094830 -0.359988
v -76.919899 38.884884 0.632986
v -76.922173 37.891907 1.842933
v -76.924774 37.154057 3.223347
v -76.927589 36.699692 4.721186
v -76.623749 52.361897 4.751688
v -76.328773 51.907532 3.283180
v -76.056923 51.169682 1.929796
v -75.818649 50.176704 0.743542
v -75.623093 48.966759 -0.229988
v -75.477783 47.586338 -0.953388
v -75.388306 46.088497 -1.398854
v -75.358086 44.530792 -1.549266
v -75.388306 42.973091 -1.398854
v -75.477783 41.475246 -0.953388
v -75.623093 40.094830 -0.229988
v -75.818649 38.884884 0.743542
v -76.056923 37.891907 1.929796
v -76.328773 37.154057 3.283180
v -76.623749 36.699692 4.751688
v -76.331711 52.361897 4.840880
v -75.755905 51.907532 3.458135
v -75.225243 51.169682 2.183793
v -74.760117 50.176704 1.066818
v -74.378395 48.966759 0.150145
v -74.094757 47.586338 -0.531008
v -73.920082 46.088497 -0.950457
v -73.861099 44.530792 -1.092084
v -73.920082 42.973091 -0.950457
v -74.094757 41.475246 -0.531008
v -74.378395 40.094830 0.150145
v -74.760117 38.884884 1.066818
v -75.225243 37.891907 2.183793
v -75.755905 37.154057 3.458135
v -76.331711 36.699692 4.840880
v -76.062675 52.361897 4.985333
v -75.228172 51.907532 3.741491
v -74.459106 51.169682 2.595162
v -73.785004 50.176704 1.590391
v -73.231773 48.966759 0.765802
v -72.820694 47.586338 0.153073
v -72.567551 46.088497 -0.224241
v -72.482079 44.530792 -0.351640
v -72.567551 42.973091 -0.224241
v -72.820694 41.475246 0.153073
v -73.231773 40.094830 0.765802
v -73.785004 38.884884 1.590391
v -74.459106 37.891907 2.595162
v -75.228172 37.154057 3.741491
v -76.062675 36.699692 4.985333
v -75.826988 52.361897 5.179497
v -74.765862 51.907532 4.122357
v -73.787933 51.169682 3.148094
v -72.930756 50.176704 2.294140
v -72.227303 48.966759 1.593323
v -71.704582 47.586338 1.072565
v -71.382690 46.088497 0.751887
v -71.274002 44.530792 0.643611
v -71.382690 42.973091 0.751887
v -71.704582 41.475246 1.072565
v -72.227303 40.094830 1.593323
v -72.930756 38.884884 2.294140
v -73.787933 37.891907 3.148094
v -74.765862 37.154057 4.122357
v -75.826988 36.699692 5.179497
v -75.633713 52.361897 5.415910
v -74.386734 51.907532 4.586097
v -73.237518 51.169682 3.821340
v -72.230232 50.176704 3.151021
v -71.403564 48.966759 2.600908
v -70.789299 47.586338 2.192134
v -70.411026 46.088497 1.940415
v -70.283302 44.530792 1.855423
v -70.411026 42.973091 1.940415
v -70.789299 41.475246 2.192134
v -71.403564 40.094830 2.600908
v -72.230232 38.884884 3.151021
v -73.237518 37.891907 3.821340
v -74.386734 37.154057 4.586097
v -75.633713 36.699692 5.415910
v -75.490273 52.361897 5.685485
v -74.105377 51.907532 5.114890
v -72.829041 51.169682 4.589029
v -71.710327 50.176704 4.128103
v -70.792229 48.966759 3.749835
v -70.110008 47.586338 3.468753
v -69.689903 46.088497 3.295667
v -69.548058 44.530792 3.237225
v -69.689903 42.973091 3.295667
v -70.110008 41.475246 3.468753
v -70.792229 40.094830 3.749835
v -71.710327 38.884884 4.128103
v -72.829041 37.891907 4.589029
v -74.105377 37.154057 5.114890
v -75.490273 36.699692 5.685485
v -75.402184 52.361897 5.977866
v -73.932571 51.907532 5.688415
v -72.578178 51.169682 5.421658
v -71.391029 50.176704 5.187839
v -70.416779 48.966759 4.995952
v -69.692833 47.586338 4.853364
v -69.247032 46.088497 4.765563
v -69.096512 44.530792 4.735917
v -69.247032 42.973091 4.765563
v -69.692833 41.475246 4.853364
v -70.416779 40.094830 4.995952
v -71.391029 38.884884 5.187839
v -72.578178 37.891907 5.421658
v -73.932571 37.154057 5.688415
v -75.402184 36.699692 5.977866
v -75.372818 52.361897 6.281814
v -73.874985 51.907532 6.284632
v -71.284622 50.176704 6.289504
v -69.553802 47.586338 6.292758
v -69.553802 41.475246 6.292758
v -71.284622 38.884884 6.289504
v -72.494568 37.891907 6.287229
v -73.874985 37.154057 6.284632
v -75.372818 36.699692 6.281814
v -13.597339 51.169682 6.846603
v -11.394419 48.966759 6.850746
v -10.202207 46.088497 6.852988
v -10.048786 44.530792 6.853277
v -10.202207 42.973091 6.852988
v -11.394419 40.094830 6.850746
v -16.506096 52.361897 7.145026
v -15.037588 51.907532 7.440002
v -13.684203 51.169682 7.711854
v -12.497951 50.176704 7.950134
v -11.524419 48.966759 8.145686
v -10.801020 47.586338 8.290994
v -10.355553 46.088497 8.380474
v -10.205136 44.530792 8.410688
v -10.355553 42.973091 8.380474
v -10.801020 41.475246 8.290994
v -11.524419 40.094830 8.145686
v -12.497951 38.884884 7.950134
v -13.684203 37.891907 7.711854
v -15.037588 37.154057 7.440002
v -16.506096 36.699692 7.145026
v -16.595287 52.361897 7.437073
v -15.212543 51.907532 8.012874
v -13.938199 51.169682 8.543534
v -12.821227 50.176704 9.008662
v -11.904552 48.966759 9.390383
v -11.223399 47.586338 9.674026
v -10.803949 46.088497 9.848695
v -10.662318 44.530792 9.907673
v -10.803949 42.973091 9.848695
v -11.223399 41.475246 9.674026
v -11.904552 40.094830 9.390383
v -12.821227 38.884884 9.008662
v -13.938199 37.891907 8.543534
v -15.212543 37.154057 8.012874
v -16.595287 36.699692 7.437073
v -16.739740 52.361897 7.706109
v -15.495900 51.907532 8.540606
v -14.349568 51.169682 9.309681
v -13.344800 50.176704 9.983783
v -12.520209 48.966759 10.537003
v -11.907481 47.586338 10.948083
v -11.530166 46.088497 11.201225
v -11.402761 44.530792 11.286700
v -11.530166 42.973091 11.201225
v -11.907481 41.475246 10.948083
v -12.520209 40.094830 10.537003
v -13.344800 38.884884 9.983783
v -14.349568 37.891907 9.309681
v -15.495900 37.154057 8.540606
v -16.739740 36.699692 7.706109
v -16.933907 52.361897 7.941792
v -15.876766 51.907532 9.002915
v -14.902500 51.169682 9.980852
v -14.048549 50.176704 10.838022
v -13.347731 48.966759 11.541482
v -12.826973 47.586338 12.064201
v -12.506294 46.088497 12.386089
v -12.398015 44.530792 12.494778
v -12.506294 42.973091 12.386089
v -12.826973 41.475246 12.064201
v -13.347731 40.094830 11.541482
v -14.048549 38.884884 10.838022
v -14.902500 37.891907 9.980852
v -15.876766 37.154057 9.002915
v -16.933907 36.699692 7.941792
v -17.170319 52.361897 8.135068
v -16.340508 51.907532 9.382040
v -15.575747 51.169682 10.531257
v -14.905430 50.176704 11.538552
v -14.355315 48.966759 12.365220
v -13.946542 47.586338 12.979488
v -13.694822 46.088497 13.357754
v -13.609826 44.530792 13.485478
v -13.694822 42.973091 13.357754
v -13.946542 41.475246 12.979488
v -14.355315 40.094830 12.365220
v -14.905430 38.884884 11.538552
v -15.575747 37.891907 10.531257
v -16.340508 37.154057 9.382040
v -17.170319 36.699692 8.135068
v -18.033295 52.515320 6.838261
v -17.439896 52.361897 8.278508
v -16.869299 51.907532 9.663409
v -16.343437 51.169682 10.939740
v -15.882512 50.176704 12.058455
v -15.504243 48.966759 12.976560
v -15.223162 47.586338 13.658772
v -15.050076 46.088497 14.078877
v -14.991631 44.530792 14.220729
v -15.050076 42.973091 14.078877
v -15.223162 41.475246 13.658772
v -15.504243 40.094830 12.976560
v -15.882512 38.884884 12.058455
v -16.343437 37.891907 10.939740
v -16.869299 37.154057 9.663409
v -17.439896 36.699692 8.278508
v -17.732275 52.361897 8.366600
v -17.442825 51.907532 9.836209
v -17.176065 51.169682 11.190606
v -16.942249 50.176704 12.377748
v -16.750360 48.966759 13.352007
v -16.607773 47.586338 14.075949
v -16.519970 46.088497 14.521749
v -16.490322 44.530792 14.672276
v -16.519970 42.973091 14.521749
v -16.607773 41.475246 14.075949
v -16.750360 40.094830 13.352007
v -16.942249 38.884884 12.377748
v -17.176065 37.891907 11.190606
v -17.442825 37.154057 9.836209
v -17.732275 36.699692 8.366600
v -18.036224 52.361897 8.395960
v -18.039040 51.907532 9.893800
v -18.041636 51.169682 11.274214
v -18.043911 50.176704 12.484160
v -18.045780 48.966759 13.477135
v -18.047167 47.586338 14.214983
v -18.048021 46.088497 14.669348
v -18.048311 44.530792 14.822767
v -18.048021 42.973091 14.669348
v -18.047167 41.475246 14.214983
v -18.045780 40.094830 13.477135
v -18.043911 38.884884 12.484160
v -18.041636 37.891907 11.274214
v -18.039040 37.154057 9.893800
v -18.036224 36.699692 8.395960
v -18.340059 52.361897 8.365457
v -18.635036 51.907532 9.833967
v -18.906887 51.169682 11.187351
v -19.145168 50.176704 12.373604
v -19.340721 48.966759 13.347136
v -19.486027 47.586338 14.070536
v -19.575510 46.088497 14.516003
v -19.605722 44.530792 14.666416
v -19.575510 42.973091 14.516003
v -19.486027 41.475246 14.070536
v -19.340721 40.094830 13.347136
v -19.145168 38.884884 12.373604
v -18.906887 37.891907 11.187351
v -18.635036 37.154057 9.833967
v -18.340059 36.699692 8.365457
v -18.632107 52.361897 8.276266
v -19.207907 51.907532 9.659011
v -19.738567 51.169682 10.933353
v -20.203695 50.176704 12.050328
v -20.585417 48.966759 12.967002
v -20.869061 47.586338 13.648154
v -21.043728 46.088497 14.067605
v -21.102705 44.530792 14.209234
v -21.043728 42.973091 14.067605
v -20.869061 41.475246 13.648154
v -20.585417 40.094830 12.967002
v -20.203695 38.884884 12.050328
v -19.738567 37.891907 10.933353
v -19.207907 37.154057 9.659011
v -18.632107 36.699692 8.276266
v -18.901142 52.361897 8.131812
v -19.735638 51.907532 9.375655
v -20.504715 51.169682 10.521986
v -21.178816 50.176704 11.526754
v -21.732035 48.966759 12.351345
v -22.143116 47.586338 12.964074
v -22.396259 46.088497 13.341389
v -22.481735 44.530792 13.468790
v -22.396259 42.973091 13.341389
v -22.143116 41.475246 12.964074
v -21.732035 40.094830 12.351345
v -21.178816 38.884884 11.526754
v -20.504715 37.891907 10.521986
v -19.735638 37.154057 9.375655
v -18.901142 36.699692 8.131812
v -19.136826 52.361897 7.937649
v -20.197948 51.907532 8.994789
v -21.175886 51.169682 9.969053
v -22.033054 50.176704 10.823006
v -22.736515 48.966759 11.523824
v -23.259235 47.586338 12.044582
v -23.581123 46.088497 12.365260
v -23.689812 44.530792 12.473537
v -23.581123 42.973091 12.365260
v -23.259235 41.475246 12.044582
v -22.736515 40.094830 11.523824
v -22.033054 38.884884 10.823006
v -21.175886 37.891907 9.969053
v -20.197948 37.154057 8.994789
v -19.136826 36.699692 7.937649
v -19.330101 52.361897 7.701237
v -20.577074 51.907532 8.531049
v -21.726290 51.169682 9.295806
v -22.733585 50.176704 9.966125
v -23.560251 48.966759 10.516239
v -24.174522 47.586338 10.925013
v -24.552786 46.088497 11.176732
v -24.680510 44.530792 11.261726
v -24.552786 42.973091 11.176732
v -24.174522 41.475246 10.925013
v -23.560251 40.094830 10.516239
v -22.733585 38.884884 9.966125
v -21.726290 37.891907 9.295806
v -20.577074 37.154057 8.531049
v -19.330101 36.699692 7.701237
v -19.473541 52.361897 7.431660
v -20.858444 51.907532 8.002254
v -22.134771 51.169682 8.528118
v -23.253489 50.176704 8.989043
v -24.171593 48.966759 9.367311
v -24.853806 47.586338 9.648393
v -25.273912 46.088497 9.821480
v -25.415760 44.530792 9.879923
v -25.273912 42.973091 9.821480
v -24.853806 41.475246 9.648393
v -24.171593 40.094830 9.367311
v -23.253489 38.884884 8.989043
v -22.134771 37.891907 8.528118
v -20.858444 37.154057 8.002254
v -19.473541 36.699692 7.431660
v -19.561634 52.361897 7.139279
v -21.031240 51.907532 7.428730
v -22.385641 51.169682 7.695489
v -23.572781 50.176704 7.929307
v -24.547039 48.966759 8.121194
v -25.270983 47.586338 8.263781
v -25.716782 46.088497 8.351583
v -25.867308 44.530792 8.381229
v -25.716782 42.973091 8.351583
v -25.270983 41.475246 8.263781
v -24.547039 40.094830 8.121194
v -23.572781 38.884884 7.929307
v -22.385641 37.891907 7.695489
v -21.031240 37.154057 7.428730
v -19.561634 36.699692 7.139279
v -19.590994 52.361897 6.835331
v -21.088833 51.907532 6.832514
v -22.469246 51.169682 6.829917
v -23.679195 50.176704 6.827643
v -24.672169 48.966759 6.825775
v -25.410015 47.586338 6.824389
v -25.864380 46.088497 6.823533
v -26.017797 44.530792 6.823242
v -25.864380 42.973091 6.823533
v -25.410015 41.475246 6.824389
v -24.672169 40.094830 6.825775
v -23.679195 38.884884 6.827643
v -22.469246 37.891907 6.829917
v -21.088833 37.154057 6.832514
v -19.590994 36.699692 6.835331
v -19.560492 52.361897 6.531495
v -21.028999 51.907532 6.236518
v -22.382383 51.169682 5.964666
v -23.568638 50.176704 5.726386
v -24.542168 48.966759 5.530835
v -25.265568 47.586338 5.385528
v -25.711033 46.088497 5.296046
v -25.861446 44.530792 5.265831
v -25.711033 42.973091 5.296046
v -25.265568 41.475246 5.385528
v -24.542168 40.094830 5.530835
v -23.568638 38.884884 5.726386
v -22.382383 37.891907 5.964666
v -21.028999 37.154057 6.236518
v -19.560492 36.699692 6.531495
v -19.471298 52.361897 6.239448
v -20.854046 51.907532 5.663648
v -22.128386 51.169682 5.132987
v -23.245361 50.176704 4.667859
v -24.162035 48.966759 4.286138
v -24.843185 47.586338 4.002494
v -25.262636 46.088497 3.827826
v -25.404266 44.530792 3.768848
v -25.262636 42.973091 3.827826
v -24.843185 41.475246 4.002494
v -24.162035 40.094830 4.286138
v -23.245361 38.884884 4.667859
v -22.128386 37.891907 5.132987
v -20.854046 37.154057 5.663648
v -19.471298 36.699692 6.239448
v -19.326845 52.361897 5.970413
v -20.570690 51.907532 5.135916
v -21.717018 51.169682 4.366841
v -22.721788 50.176704 3.692739
v -23.546377 48.966759 3.139518
v -24.159107 47.586338 2.728440
v -24.536421 46.088497 2.475296
v -24.663820 44.530792 2.389821
v -24.536421 42.973091 2.475296
v -24.159107 41.475246 2.728440
v -23.546377 40.094830 3.139518
v -22.721788 38.884884 3.692739
v -21.717018 37.891907 4.366841
v -20.570690 37.154057 5.135916
v -19.326845 36.699692 5.970413
v -19.132683 52.361897 5.734729
v -20.189821 51.907532 4.673605
v -21.164087 51.169682 3.695669
v -22.018038 50.176704 2.838499
v -22.718855 48.966759 2.135040
v -23.239614 47.586338 1.612322
v -23.560293 46.088497 1.290432
v -23.668570 44.530792 1.181745
v -23.560293 42.973091 1.290432
v -23.239614 41.475246 1.612322
v -22.718855 40.094830 2.135040
v -22.018038 38.884884 2.838499
v -21.164087 37.891907 3.695669
v -20.189821 37.154057 4.673605
v -19.132683 36.699692 5.734729
v -18.033295 36.546268 6.838261
v -18.896269 52.361897 5.541453
v -19.726082 51.907532 4.294481
v -20.490839 51.169682 3.145266
v -21.161160 50.176704 2.137969
v -21.711271 48.966759 1.311302
v -22.120045 47.586338 0.697034
v -22.371767 46.088497 0.318768
v -22.456758 44.530792 0.191046
v -22.371767 42.973091 0.318768
v -22.120045 41.475246 0.697034
v -21.711271 40.094830 1.311302
v -21.161160 38.884884 2.137969
v -20.490839 37.891907 3.145266
v -19.726082 37.154057 4.294481
v -18.896269 36.699692 5.541453
v -18.626694 52.361897 5.398013
v -19.197289 51.907532 4.013113
v -19.723150 51.169682 2.736783
v -20.184076 50.176704 1.618067
v -20.562346 48.966759 0.699964
v -20.843426 47.586338 0.017750
v -21.016512 46.088497 -0.402355
v -21.074955 44.530792 -0.544204
v -21.016512 42.973091 -0.402355
v -20.843426 41.475246 0.017750
v -20.562346 40.094830 0.699964
v -20.184076 38.884884 1.618067
v -19.723150 37.891907 2.736783
v -19.197289 37.154057 4.013113
v -18.626694 36.699692 5.398013
v -18.334311 52.361897 5.309921
v -18.623764 51.907532 3.840313
v -18.890522 51.169682 2.485917
v -19.124340 50.176704 1.298775
v -19.316227 48.966759 0.324516
v -19.458815 47.586338 -0.399425
v -19.546618 46.088497 -0.845226
v -19.576262 44.530792 -0.995750
v -19.546618 42.973091 -0.845226
v -19.458815 41.475246 -0.399425
v -19.316227 40.094830 0.324516
v -19.124340 38.884884 1.298775
v -18.890522 37.891907 2.485917
v -18.623764 37.154057 3.840313
v -18.334311 36.699692 5.309921
v -18.030365 52.361897 5.280562
v -18.027548 51.907532 3.782723
v -18.024950 51.169682 2.402309
v -18.022676 50.176704 1.192362
v -18.020807 48.966759 0.199388
v -18.019421 47.586338 -0.538461
v -18.018564 46.088497 -0.992824
v -18.018274 44.530792 -1.146240
v -18.018564 42.973091 -0.992824
v -18.019421 41.475246 -0.538461
v -18.020807 40.094830 0.199388
v -18.022676 38.884884 1.192362
v -18.024950 37.891907 2.402309
v -18.027548 37.154057 3.782723
v -18.030365 36.699692 5.280562
v -17.726528 52.361897 5.311064
v -17.431553 51.907532 3.842555
v -17.159700 51.169682 2.489172
v -16.921421 50.176704 1.302918
v -16.725868 48.966759 0.329388
v -16.580561 47.586338 -0.394012
v -16.491079 46.088497 -0.839478
v -16.460863 44.530792 -0.989890
v -16.491079 42.973091 -0.839478
v -16.580561 41.475246 -0.394012
v -16.725868 40.094830 0.329388
v -16.921421 38.884884 1.302918
v -17.159700 37.891907 2.489172
v -17.431553 37.154057 3.842555
v -17.726528 36.699692 5.311064
v -17.434483 52.361897 5.400256
v -16.858681 51.907532 4.017511
v -16.328022 51.169682 2.743169
v -15.862893 50.176704 1.626194
v -15.481173 48.966759 0.709521
v -15.197530 47.586338 0.028368
v -15.022861 46.088497 -0.391081
v -14.963882 44.530792 -0.532708
v -15.022861 42.973091 -0.391081
v -15.197530 41.475246 0.028368
v -15.481173 40.094830 0.709521
v -15.862893 38.884884 1.626194
v -16.328022 37.891907 2.743169
v -16.858681 37.154057 4.017511
v -17.434483 36.699692 5.400256
v -17.165449 52.361897 5.544709
v -16.330952 51.907532 4.300867
v -15.561875 51.169682 3.154538
v -14.887773 50.176704 2.149767
v -14.334553 48.966759 1.325178
v -13.923473 47.586338 0.712449
v -13.670331 46.088497 0.335135
v -13.584856 44.530792 0.207736
v -13.670331 42.973091 0.335135
v -13.923473 41.475246 0.712449
v -14.334553 40.094830 1.325178
v -14.887773 38.884884 2.149767
v -15.561875 37.891907 3.154538
v -16.330952 37.154057 4.300867
v -17.165449 36.699692 5.544709
v -16.929764 52.361897 5.738873
v -15.868640 51.907532 4.681733
v -14.890704 51.169682 3.707469
v -14.033534 50.176704 2.853516
v -13.330074 48.966759 2.152699
v -12.807356 47.586338 1.631941
v -12.485468 46.088497 1.311263
v -12.376781 44.530792 1.202987
v -12.485468 42.973091 1.311263
v -12.807356 41.475246 1.631941
v -13.330074 40.094830 2.152699
v -14.033534 38.884884 2.853516
v -14.890704 37.891907 3.707469
v -15.868640 37.154057 4.681733
v -16.929764 36.699692 5.738873
v -16.736486 52.361897 5.975286
v -15.489515 51.907532 5.145473
v -14.340301 51.169682 4.380716
v -13.333003 50.176704 3.710397
v -12.506338 48.966759 3.160284
v -11.892069 47.586338 2.751510
v -11.513804 46.088497 2.499791
v -11.386083 44.530792 2.414799
v -11.513804 42.973091 2.499791
v -11.892069 41.475246 2.751510
v -12.506338 40.094830 3.160284
v -13.333003 38.884884 3.710397
v -14.340301 37.891907 4.380716
v -15.489515 37.154057 5.145473
v -16.736486 36.699692 5.975286
v -16.593048 52.361897 6.244862
v -15.208147 51.907532 5.674266
v -13.931818 51.169682 5.148405
v -12.813102 50.176704 4.687479
v -11.894999 48.966759 4.309211
v -11.212784 47.586338 4.028129
v -10.792682 46.088497 3.855043
v -10.650832 44.530792 3.796601
v -10.792682 42.973091 3.855043
v -11.212784 41.475246 4.028129
v -11.894999 40.094830 4.309211
v -12.813102 38.884884 4.687479
v -13.931818 37.891907 5.148405
v -15.208147 37.154057 5.674266
v -16.593048 36.699692 6.244862
v -16.504955 52.361897 6.537242
v -15.035348 51.907532 6.247791
v -13.680952 51.169682 5.981034
v -12.493810 50.176704 5.747215
v -11.519552 48.966759 5.555328
v -10.795610 47.586338 5.412741
v -10.349811 46.088497 5.324939
v -10.199286 44.530792 5.295293
v -10.349811 42.973091 5.324939
v -10.795610 41.475246 5.412741
v -11.519552 40.094830 5.555328
v -12.493810 38.884884 5.747215
v -13.680952 37.891907 5.981034
v -15.035348 37.154057 6.247791
v -16.504955 36.699692 6.537242
v -16.475595 52.361897 6.841190
v -14.977757 51.907532 6.844007
v -12.387397 50.176704 6.848879
v -10.656575 47.586338 6.852134
v -10.656575 41.475246 6.852134
v -12.387397 38.884884 6.848879
v -13.597345 37.891907 6.846605
v -14.977757 37.154057 6.844007
v -16.475595 36.699692 6.841190
v -111.375366 86.987007 -7.868156
v -111.375366 96.834229 -7.868156
v 29.743742 86.987007 -7.602763
v 29.743742 96.834229 -7.602763
v -111.388840 86.987007 -0.703830
v -111.388840 96.834229 -0.703830
v 29.730268 86.987007 -0.438436
v 29.730268 96.834229 -0.438436
v -111.375366 -17.671696 -7.868156
v -111.375366 -7.824475 -7.868156
v 29.743742 -17.671696 -7.602763
v 29.743742 -7.824475 -7.602763
v -111.388840 -17.671696 -0.703830
v -111.388840 -7.824475 -0.703830
v 29.730268 -17.671696 -0.438436
v 29.730268 -7.824475 -0.438436
v -65.808342 -6.874346 -1.124361
v -65.951942 -6.874346 0.306075
v -66.371857 -6.874346 1.681010
v -67.051926 -6.874346 2.947605
v -67.966042 -6.874346 4.057188
v -69.079048 -6.874346 4.967116
v -70.348190 -6.874346 5.642422
v -71.724701 -6.874346 6.057155
v -73.155663 -6.874346 6.195376
v -74.586098 -6.874346 6.051774
v -75.961037 -6.874346 5.631866
v -77.227631 -6.874346 4.951792
v -78.337212 -6.874346 4.037683
v -79.247139 -6.874346 2.924670
v -79.922447 -6.874346 1.655526
v -80.337173 -6.874346 0.279022
v -80.475403 -6.874346 -1.151944
v -80.331795 -6.874346 -2.582379
v -79.911888 -6.874346 -3.957314
v -79.231812 -6.874346 -5.223910
v -78.317711 -6.874346 -6.333492
v -77.204697 -6.874346 -7.243421
v -75.935555 -6.874346 -7.918727
v -74.559044 -6.874346 -8.333460
v -73.128082 -6.874346 -8.471681
v -71.697647 -6.874346 -8.328078
v -70.322708 -6.874346 -7.908171
v -69.056114 -6.874346 -7.228096
v -67.946541 -6.874346 -6.313987
v -67.036598 -6.874346 -5.200975
v -66.361298 -6.874346 -3.931830
v -65.946564 -6.874346 -2.555326
v -73.141876 7.792738 -1.138152
vn 0.8908 0.4455 0.0894
vn 0.8562 0.4455 0.2615
vn 0.7888 0.4455 0.4235
vn 0.6910 0.4455 0.5693
vn 0.5667 0.4455 0.6931
vn 0.4206 0.4455 0.7904
vn 0.2583 0.4455 0.8572
vn 0.0861 0.4455 0.8911
vn -0.0894 0.4455 0.8908
vn -0.2615 0.4455 0.8562
vn -0.4235 0.4455 0.7888
vn -0.5693 0.4455 0.6910
vn -0.6931 0.4455 0.5667
vn -0.7904 0.4455 0.4205
vn -0.8572 0.4455 0.2583
vn -0.8911 0.4455 0.0861
vn -0.8908 0.4455 -0.0894
vn -0.8562 0.4455 -0.2615
vn -0.7888 0.4455 -0.4235
vn -0.6910 0.4455 -0.5693
vn -0.5667 0.4455 -0.6931
vn -0.4206 0.4455 -0.7904
vn -0.2583 0.4455 -0.8572
vn -0.0861 0.4455 -0.8911
vn 0.0894 0.4455 -0.8908
vn 0.2615 0.4455 -0.8562
vn 0.4235 0.4455 -0.7888
vn 0.5693 0.4455 -0.6910
vn 0.6931 0.4455 -0.5667
vn 0.7904 0.4455 -0.4206
vn -0.0000 -1.0000 -0.0000
vn 0.8572 0.4455 -0.2583
vn 0.8911 0.4455 -0.0861
vn 0.9248 -0.3805 0.0017
vn 0.9810 -0.1939 0.0018
vn 0.9618 -0.1939 0.1932
vn 0.9067 -0.3805 0.1821
vn 0.5598 0.8286 0.0011
vn 0.3879 0.9217 0.0007
vn 0.3803 0.9217 0.0764
vn 0.5488 0.8286 0.1102
vn 0.8333 -0.5528 0.0016
vn 0.8170 -0.5528 0.1641
vn 0.7101 0.7041 0.0013
vn 0.6962 0.7041 0.1399
vn 0.7101 -0.7041 0.0013
vn 0.6962 -0.7041 0.1399
vn 0.8333 0.5528 0.0016
vn 0.8170 0.5528 0.1641
vn 0.5598 -0.8286 0.0011
vn 0.5488 -0.8286 0.1102
vn 0.9248 0.3805 0.0017
vn 0.9067 0.3805 0.1821
vn 0.3879 -0.9217 0.0007
vn 0.3803 -0.9217 0.0764
vn 0.9810 0.1939 0.0018
vn 0.9618 0.1939 0.1932
vn 0.2010 -0.9796 0.0004
vn 0.1970 -0.9796 0.0396
vn 1.0000 -0.0000 0.0019
vn 0.9804 -0.0000 0.1969
vn 0.2010 0.9796 0.0004
vn -0.0000 1.0000 -0.0000
vn 0.1970 0.9796 0.0396
vn 0.1855 -0.9796 0.0773
vn 0.9232 -0.0000 0.3844
vn 0.9056 -0.1939 0.3771
vn 0.1855 0.9796 0.0773
vn 0.3581 0.9217 0.1491
vn 0.8537 -0.3805 0.3555
vn 0.5168 0.8286 0.2152
vn 0.7693 -0.5528 0.3204
vn 0.6556 0.7041 0.2730
vn 0.6556 -0.7041 0.2730
vn 0.7693 0.5528 0.3204
vn 0.5168 -0.8286 0.2152
vn 0.8537 0.3805 0.3555
vn 0.3581 -0.9217 0.1491
vn 0.9056 0.1939 0.3771
vn 0.5897 -0.7041 0.3956
vn 0.4649 -0.8286 0.3119
vn 0.6920 0.5528 0.4643
vn 0.7679 0.3805 0.5152
vn 0.3221 -0.9217 0.2161
vn 0.8147 0.1939 0.5466
vn 0.1669 -0.9796 0.1120
vn 0.8304 -0.0000 0.5571
vn 0.1669 0.9796 0.1120
vn 0.8147 -0.1939 0.5466
vn 0.3221 0.9217 0.2161
vn 0.7679 -0.3805 0.5152
vn 0.4649 0.8286 0.3119
vn 0.6920 -0.5528 0.4643
vn 0.5897 0.7041 0.3956
vn 0.1418 0.9796 0.1424
vn 0.2738 0.9217 0.2748
vn 0.6924 -0.1939 0.6950
vn 0.6527 -0.3805 0.6551
vn 0.3951 0.8286 0.3966
vn 0.5882 -0.5528 0.5904
vn 0.5012 0.7041 0.5031
vn 0.5012 -0.7041 0.5031
vn 0.5882 0.5528 0.5904
vn 0.3951 -0.8286 0.3966
vn 0.6527 0.3805 0.6551
vn 0.2738 -0.9217 0.2748
vn 0.6924 0.1939 0.6950
vn 0.1418 -0.9796 0.1424
vn 0.7058 -0.0000 0.7084
vn 0.4617 0.5528 0.6938
vn 0.5123 0.3805 0.7699
vn 0.3101 -0.8286 0.4660
vn 0.2149 -0.9217 0.3229
vn 0.5435 0.1939 0.8167
vn 0.1113 -0.9796 0.1673
vn 0.5540 -0.0000 0.8325
vn 0.1113 0.9796 0.1673
vn 0.5435 -0.1939 0.8167
vn 0.2149 0.9217 0.3229
vn 0.5123 -0.3805 0.7699
vn 0.3101 0.8286 0.4660
vn 0.4617 -0.5528 0.6938
vn 0.3934 0.7041 0.5912
vn 0.3934 -0.7041 0.5912
vn 0.3737 -0.1939 0.9070
vn 0.3523 -0.3805 0.8550
vn 0.1478 0.9217 0.3586
vn 0.2132 0.8286 0.5176
vn 0.3175 -0.5528 0.7705
vn 0.2705 0.7041 0.6566
vn 0.2705 -0.7041 0.6566
vn 0.3175 0.5528 0.7705
vn 0.2132 -0.8286 0.5176
vn 0.3523 0.3805 0.8550
vn 0.1478 -0.9217 0.3586
vn 0.3737 0.1939 0.9070
vn 0.0766 -0.9796 0.1858
vn 0.3809 -0.0000 0.9246
vn 0.0766 0.9796 0.1858
vn 0.1082 -0.8286 0.5492
vn 0.0750 -0.9217 0.3806
vn 0.1787 0.3805 0.9073
vn 0.1896 0.1939 0.9625
vn 0.0388 -0.9796 0.1972
vn 0.1932 -0.0000 0.9812
vn 0.0388 0.9796 0.1972
vn 0.1896 -0.1939 0.9625
vn 0.0750 0.9217 0.3806
vn 0.1787 -0.3805 0.9073
vn 0.1082 0.8286 0.5492
vn 0.1610 -0.5528 0.8176
vn 0.1372 0.7041 0.6968
vn 0.1372 -0.7041 0.6968
vn 0.1610 0.5528 0.8176
vn -0.0007 0.9217 0.3879
vn -0.0011 0.8286 0.5598
vn -0.0017 -0.3805 0.9248
vn -0.0016 -0.5528 0.8333
vn -0.0013 0.7041 0.7101
vn -0.0013 -0.7041 0.7101
vn -0.0016 0.5528 0.8333
vn -0.0011 -0.8286 0.5598
vn -0.0017 0.3805 0.9248
vn -0.0007 -0.9217 0.3879
vn -0.0018 0.1939 0.9810
vn -0.0004 -0.9796 0.2010
vn -0.0019 -0.0000 1.0000
vn -0.0004 0.9796 0.2010
vn -0.0018 -0.1939 0.9810
vn -0.1821 0.3805 0.9067
vn -0.1932 0.1939 0.9618
vn -0.0764 -0.9217 0.3803
vn -0.0396 -0.9796 0.1970
vn -0.1969 -0.0000 0.9804
vn -0.0396 0.9796 0.1970
vn -0.1932 -0.1939 0.9618
vn -0.0764 0.9217 0.3803
vn -0.1821 -0.3805 0.9067
vn -0.1102 0.8286 0.5488
vn -0.1641 -0.5528 0.8170
vn -0.1399 0.7041 0.6962
vn -0.1399 -0.7041 0.6962
vn -0.1641 0.5528 0.8170
vn -0.1102 -0.8286 0.5488
vn -0.3555 -0.3805 0.8537
vn -0.3204 -0.5528 0.7693
vn -0.2152 0.8286 0.5168
vn -0.2730 0.7041 0.6556
vn -0.2730 -0.7041 0.6556
vn -0.3204 0.5528 0.7693
vn -0.2152 -0.8286 0.5168
vn -0.3555 0.3805 0.8537
vn -0.1491 -0.9217 0.3581
vn -0.3771 0.1939 0.9056
vn -0.0773 -0.9796 0.1855
vn -0.3844 -0.0000 0.9232
vn -0.0773 0.9796 0.1855
vn -0.3771 -0.1939 0.9056
vn -0.1491 0.9217 0.3581
vn -0.2161 -0.9217 0.3221
vn -0.1120 -0.9796 0.1669
vn -0.5466 0.1939 0.8147
vn -0.5571 -0.0000 0.8304
vn -0.1120 0.9796 0.1669
vn -0.5466 -0.1939 0.8147
vn -0.2161 0.9217 0.3221
vn -0.5152 -0.3805 0.7679
vn -0.3119 0.8286 0.4649
vn -0.4643 -0.5528 0.6920
vn -0.3956 0.7041 0.5897
vn -0.3956 -0.7041 0.5897
vn -0.4643 0.5528 0.6920
vn -0.3119 -0.8286 0.4649
vn -0.5152 0.3805 0.7679
vn -0.5904 -0.5528 0.5882
vn -0.5031 -0.7041 0.5012
vn -0.5031 0.7041 0.5012
vn -0.5904 0.5528 0.5882
vn -0.3966 -0.8286 0.3951
vn -0.6551 0.3805 0.6527
vn -0.2748 -0.9217 0.2738
vn -0.6950 0.1939 0.6924
vn -0.1424 -0.9796 0.1418
vn -0.7084 -0.0000 0.7058
vn -0.1424 0.9796 0.1418
vn -0.6950 -0.1939 0.6924
vn -0.2748 0.9217 0.2738
vn -0.6551 -0.3805 0.6527
vn -0.3966 0.8286 0.3951
vn -0.1673 0.9796 0.1113
vn -0.1673 -0.9796 0.1113
vn -0.8325 -0.0000 0.5540
vn -0.8167 -0.1939 0.5435
vn -0.3229 0.9217 0.2149
vn -0.7699 -0.3805 0.5123
vn -0.4660 0.8286 0.3101
vn -0.6938 -0.5528 0.4617
vn -0.5912 0.7041 0.3934
vn -0.5912 -0.7041 0.3934
vn -0.6938 0.5528 0.4617
vn -0.4660 -0.8286 0.3101
vn -0.7699 0.3805 0.5123
vn -0.3229 -0.9217 0.2149
vn -0.8167 0.1939 0.5435
vn -0.6566 0.7041 0.2705
vn -0.7705 0.5528 0.3175
vn -0.6566 -0.7041 0.2705
vn -0.5176 -0.8286 0.2132
vn -0.8550 0.3805 0.3523
vn -0.3586 -0.9217 0.1478
vn -0.9070 0.1939 0.3737
vn -0.1858 -0.9796 0.0766
vn -0.9246 -0.0000 0.3809
vn -0.1858 0.9796 0.0766
vn -0.9070 -0.1939 0.3737
vn -0.3586 0.9217 0.1478
vn -0.8550 -0.3805 0.3523
vn -0.5176 0.8286 0.2132
vn -0.7705 -0.5528 0.3175
vn -0.9812 -0.0000 0.1932
vn -0.9625 -0.1939 0.1896
vn -0.1972 0.9796 0.0388
vn -0.3806 0.9217 0.0750
vn -0.9073 -0.3805 0.1787
vn -0.5492 0.8286 0.1082
vn -0.8176 -0.5528 0.1610
vn -0.6968 0.7041 0.1372
vn -0.6968 -0.7041 0.1372
vn -0.8176 0.5528 0.1610
vn -0.5492 -0.8286 0.1082
vn -0.9073 0.3805 0.1787
vn -0.3806 -0.9217 0.0750
vn -0.9625 0.1939 0.1896
vn -0.1972 -0.9796 0.0388
vn -0.7101 -0.7041 -0.0013
vn -0.5598 -0.8286 -0.0011
vn -0.8333 0.5528 -0.0016
vn -0.9248 0.3805 -0.0017
vn -0.3879 -0.9217 -0.0007
vn -0.9810 0.1939 -0.0018
vn -0.2010 -0.9796 -0.0004
vn -1.0000 -0.0000 -0.0019
vn -0.2010 0.9796 -0.0004
vn -0.9810 -0.1939 -0.0018
vn -0.3879 0.9217 -0.0007
vn -0.9248 -0.3805 -0.0017
vn -0.5598 0.8286 -0.0011
vn -0.8333 -0.5528 -0.0016
vn -0.7101 0.7041 -0.0013
vn -0.1970 0.9796 -0.0396
vn -0.3803 0.9217 -0.0764
vn -0.9618 -0.1939 -0.1932
vn -0.9067 -0.3805 -0.1821
vn -0.5488 0.8286 -0.1102
vn -0.8170 -0.5528 -0.1641
vn -0.6962 0.7041 -0.1399
vn -0.6962 -0.7041 -0.1399
vn -0.8170 0.5528 -0.1641
vn -0.5488 -0.8286 -0.1102
vn -0.9067 0.3805 -0.1821
vn -0.3803 -0.9217 -0.0764
vn -0.9618 0.1939 -0.1932
vn -0.1970 -0.9796 -0.0396
vn -0.9804 -0.0000 -0.1969
vn -0.7693 0.5528 -0.3204
vn -0.8537 0.3805 -0.3555
vn -0.5168 -0.8286 -0.2152
vn -0.3581 -0.9217 -0.1491
vn -0.9056 0.1939 -0.3771
vn -0.1855 -0.9796 -0.0773
vn -0.9232 -0.0000 -0.3844
vn -0.1855 0.9796 -0.0773
vn -0.9056 -0.1939 -0.3771
vn -0.3581 0.9217 -0.1491
vn -0.8537 -0.3805 -0.3555
vn -0.5168 0.8286 -0.2152
vn -0.7693 -0.5528 -0.3204
vn -0.6556 0.7041 -0.2730
vn -0.6556 -0.7041 -0.2730
vn -0.8147 -0.1939 -0.5466
vn -0.7679 -0.3805 -0.5152
vn -0.3221 0.9217 -0.2161
vn -0.4649 0.8286 -0.3119
vn -0.6920 -0.5528 -0.4643
vn -0.5897 0.7041 -0.3956
vn -0.5897 -0.7041 -0.3956
vn -0.6920 0.5528 -0.4643
vn -0.4649 -0.8286 -0.3119
vn -0.7679 0.3805 -0.5152
vn -0.3221 -0.9217 -0.2161
vn -0.8147 0.1939 -0.5466
vn -0.1669 -0.9796 -0.1120
vn -0.8304 -0.0000 -0.5571
vn -0.1669 0.9796 -0.1120
vn -0.3951 -0.8286 -0.3966
vn -0.2738 -0.9217 -0.2748
vn -0.6527 0.3805 -0.6551
vn -0.6924 0.1939 -0.6950
vn -0.1418 -0.9796 -0.1424
vn -0.7058 -0.0000 -0.7084
vn -0.1418 0.9796 -0.1424
vn -0.6924 -0.1939 -0.6950
vn -0.2738 0.9217 -0.2748
vn -0.6527 -0.3805 -0.6551
vn -0.3951 0.8286 -0.3966
vn -0.5882 -0.5528 -0.5904
vn -0.5012 0.7041 -0.5031
vn -0.5012 -0.7041 -0.5031
vn -0.5882 0.5528 -0.5904
vn -0.5123 -0.3805 -0.7699
vn -0.4617 -0.5528 -0.6938
vn -0.3101 0.8286 -0.4660
vn -0.3934 0.7041 -0.5912
vn -0.3934 -0.7041 -0.5912
vn -0.4617 0.5528 -0.6938
vn -0.3101 -0.8286 -0.4660
vn -0.5123 0.3805 -0.7699
vn -0.2149 -0.9217 -0.3229
vn -0.5435 0.1939 -0.8167
vn -0.1113 -0.9796 -0.1673
vn -0.5540 -0.0000 -0.8325
vn -0.1113 0.9796 -0.1673
vn -0.5435 -0.1939 -0.8167
vn -0.2149 0.9217 -0.3229
vn -0.1478 -0.9217 -0.3586
vn -0.0766 -0.9796 -0.1858
vn -0.3737 0.1939 -0.9070
vn -0.3809 -0.0000 -0.9246
vn -0.0766 0.9796 -0.1858
vn -0.3737 -0.1939 -0.9070
vn -0.1478 0.9217 -0.3586
vn -0.3523 -0.3805 -0.8550
vn -0.2132 0.8286 -0.5176
vn -0.3175 -0.5528 -0.7705
vn -0.2705 0.7041 -0.6566
vn -0.2705 -0.7041 -0.6566
vn -0.3175 0.5528 -0.7705
vn -0.2132 -0.8286 -0.5176
vn -0.3523 0.3805 -0.8550
vn -0.1082 0.8286 -0.5492
vn -0.1372 0.7041 -0.6968
vn -0.1610 -0.5528 -0.8176
vn -0.1372 -0.7041 -0.6968
vn -0.1610 0.5528 -0.8176
vn -0.1082 -0.8286 -0.5492
vn -0.1787 0.3805 -0.9073
vn -0.0750 -0.9217 -0.3806
vn -0.1896 0.1939 -0.9625
vn -0.0388 -0.9796 -0.1972
vn -0.1932 -0.0000 -0.9812
vn -0.0388 0.9796 -0.1972
vn -0.1896 -0.1939 -0.9625
vn -0.0750 0.9217 -0.3806
vn -0.1787 -0.3805 -0.9073
vn 0.0018 0.1939 -0.9810
vn 0.0019 -0.0000 -1.0000
vn 0.0004 0.9796 -0.2010
vn 0.0004 -0.9796 -0.2010
vn 0.0018 -0.1939 -0.9810
vn 0.0007 0.9217 -0.3879
vn 0.0017 -0.3805 -0.9248
vn 0.0011 0.8286 -0.5598
vn 0.0016 -0.5528 -0.8333
vn 0.0013 0.7041 -0.7101
vn 0.0013 -0.7041 -0.7101
vn 0.0016 0.5528 -0.8333
vn 0.0011 -0.8286 -0.5598
vn 0.0017 0.3805 -0.9248
vn 0.0007 -0.9217 -0.3879
vn 0.1641 -0.5528 -0.8170
vn 0.1399 -0.7041 -0.6962
vn 0.1399 0.7041 -0.6962
vn 0.1641 0.5528 -0.8170
vn 0.1102 -0.8286 -0.5488
vn 0.1821 0.3805 -0.9067
vn 0.0764 -0.9217 -0.3803
vn 0.1932 0.1939 -0.9618
vn 0.0396 -0.9796 -0.1970
vn 0.1969 -0.0000 -0.9804
vn 0.0396 0.9796 -0.1970
vn 0.1932 -0.1939 -0.9618
vn 0.0764 0.9217 -0.3803
vn 0.1821 -0.3805 -0.9067
vn 0.1102 0.8286 -0.5488
vn 0.0773 0.9796 -0.1855
vn 0.0773 -0.9796 -0.1855
vn 0.3844 -0.0000 -0.9232
vn 0.3771 -0.1939 -0.9056
vn 0.1491 0.9217 -0.3581
vn 0.3555 -0.3805 -0.8537
vn 0.2152 0.8286 -0.5168
vn 0.3204 -0.5528 -0.7693
vn 0.2730 0.7041 -0.6556
vn 0.2730 -0.7041 -0.6556
vn 0.3204 0.5528 -0.7693
vn 0.2152 -0.8286 -0.5168
vn 0.3555 0.3805 -0.8537
vn 0.1491 -0.9217 -0.3581
vn 0.3771 0.1939 -0.9056
vn 0.3956 0.7041 -0.5897
vn 0.4643 0.5528 -0.6920
vn 0.3956 -0.7041 -0.5897
vn 0.3119 -0.8286 -0.4649
vn 0.5152 0.3805 -0.7679
vn 0.2161 -0.9217 -0.3221
vn 0.5466 0.1939 -0.8147
vn 0.1120 -0.9796 -0.1669
vn 0.5571 -0.0000 -0.8304
vn 0.1120 0.9796 -0.1669
vn 0.5466 -0.1939 -0.8147
vn 0.2161 0.9217 -0.3221
vn 0.5152 -0.3805 -0.7679
vn 0.3119 0.8286 -0.4649
vn 0.4643 -0.5528 -0.6920
vn 0.7084 -0.0000 -0.7058
vn 0.6950 -0.1939 -0.6924
vn 0.1424 0.9796 -0.1418
vn 0.2748 0.9217 -0.2738
vn 0.6551 -0.3805 -0.6527
vn 0.3966 0.8286 -0.3951
vn 0.5904 -0.5528 -0.5882
vn 0.5031 0.7041 -0.5012
vn 0.5031 -0.7041 -0.5012
vn 0.5904 0.5528 -0.5882
vn 0.3966 -0.8286 -0.3951
vn 0.6551 0.3805 -0.6527
vn 0.2748 -0.9217 -0.2738
vn 0.6950 0.1939 -0.6924
vn 0.1424 -0.9796 -0.1418
vn 0.5912 -0.7041 -0.3934
vn 0.4660 -0.8286 -0.3101
vn 0.6938 0.5528 -0.4617
vn 0.7699 0.3805 -0.5123
vn 0.3229 -0.9217 -0.2149
vn 0.8167 0.1939 -0.5435
vn 0.1673 -0.9796 -0.1113
vn 0.8325 -0.0000 -0.5540
vn 0.1673 0.9796 -0.1113
vn 0.8167 -0.1939 -0.5435
vn 0.3229 0.9217 -0.2149
vn 0.7699 -0.3805 -0.5123
vn 0.4660 0.8286 -0.3101
vn 0.6938 -0.5528 -0.4617
vn 0.5912 0.7041 -0.3934
vn 0.9070 -0.1939 -0.3737
vn 0.8550 -0.3805 -0.3523
vn 0.3586 0.9217 -0.1478
vn 0.5176 0.8286 -0.2132
vn 0.7705 -0.5528 -0.3175
vn 0.6566 0.7041 -0.2705
vn 0.6566 -0.7041 -0.2705
vn 0.7705 0.5528 -0.3175
vn 0.5176 -0.8286 -0.2132
vn 0.8550 0.3805 -0.3523
vn 0.3586 -0.9217 -0.1478
vn 0.9070 0.1939 -0.3737
vn 0.1858 -0.9796 -0.0766
vn 0.9246 -0.0000 -0.3809
vn 0.1858 0.9796 -0.0766
vn 0.5492 -0.8286 -0.1082
vn 0.3806 -0.9217 -0.0750
vn 0.9073 0.3805 -0.1787
vn 0.9625 0.1939 -0.1896
vn 0.1972 -0.9796 -0.0388
vn 0.9812 -0.0000 -0.1932
vn 0.1972 0.9796 -0.0388
vn 0.9625 -0.1939 -0.1896
vn 0.3806 0.9217 -0.0750
vn 0.9073 -0.3805 -0.1787
vn 0.5492 0.8286 -0.1082
vn 0.8176 -0.5528 -0.1610
vn 0.6968 0.7041 -0.1372
vn 0.6968 -0.7041 -0.1372
vn 0.8176 0.5528 -0.1610
vn 0.4648 -0.8286 0.3119
vn 0.4648 0.8286 0.3119
vn -0.4648 0.8286 -0.3119
vn 0.3119 0.8286 -0.4648
vn -0.3119 0.8286 0.4648
vn 0.9811 -0.0000 -0.1932
vn 0.6399 -0.7684 0.0058
vn 0.7846 -0.6199 0.0049
vn 0.7684 -0.6190 0.1623
vn 0.6265 -0.7674 0.1359
vn 0.9561 0.2929 0.0001
vn 0.8978 0.4404 -0.0010
vn 0.8812 0.4409 0.1704
vn 0.9381 0.2932 0.1842
vn 0.4552 -0.8904 0.0070
vn 0.4457 -0.8894 0.1017
vn 0.9892 0.1464 0.0010
vn 0.9702 0.1466 0.1928
vn 0.2429 -0.9700 0.0079
vn 0.2381 -0.9693 0.0616
vn 1.0000 -0.0006 0.0019
vn 0.9804 -0.0004 0.1969
vn 0.3045 0.9525 0.0064
vn 0.0010 0.9999 0.0131
vn 0.2985 0.9528 0.0559
vn 0.0028 -0.9999 0.0100
vn 0.9887 -0.1500 0.0027
vn 0.9690 -0.1497 0.1966
vn 0.5138 0.8579 0.0029
vn 0.5032 0.8594 0.0913
vn 0.9528 -0.3035 0.0034
vn 0.9335 -0.3031 0.1915
vn 0.6822 0.7312 -0.0011
vn 0.6692 0.7327 0.1236
vn 0.8873 -0.4613 0.0042
vn 0.8691 -0.4606 0.1805
vn 0.8087 0.5882 -0.0019
vn 0.7940 0.5890 0.1506
vn 0.8177 -0.4598 0.3463
vn 0.7230 -0.6180 0.3087
vn 0.7486 0.5902 0.3021
vn 0.8307 0.4417 0.3389
vn 0.5897 -0.7664 0.2548
vn 0.8840 0.2937 0.3636
vn 0.4198 -0.8885 0.1853
vn 0.9139 0.1469 0.3784
vn 0.2248 -0.9687 0.1050
vn 0.9232 -0.0002 0.3844
vn 0.2813 0.9536 0.1076
vn 0.9121 -0.1494 0.3818
vn 0.4734 0.8614 0.1842
vn 0.8785 -0.3026 0.3698
vn 0.6309 0.7343 0.2505
vn 0.2528 0.9543 0.1592
vn 0.2032 -0.9684 0.1446
vn 0.8304 -0.0002 0.5571
vn 0.8204 -0.1493 0.5519
vn 0.4249 0.8626 0.2747
vn 0.7902 -0.3023 0.5330
vn 0.5671 0.7352 0.3714
vn 0.7356 -0.4594 0.4978
vn 0.6733 0.5907 0.4446
vn 0.6507 -0.6175 0.4420
vn 0.7473 0.4420 0.4962
vn 0.5310 -0.7657 0.3629
vn 0.7953 0.2938 0.5303
vn 0.3785 -0.8879 0.2615
vn 0.8222 0.1468 0.5500
vn 0.5722 0.5911 0.5685
vn 0.6351 0.4421 0.6333
vn 0.5531 -0.6171 0.5597
vn 0.4516 -0.7653 0.4587
vn 0.6760 0.2938 0.6758
vn 0.3222 -0.8875 0.3295
vn 0.6988 0.1468 0.7001
vn 0.1733 -0.9682 0.1806
vn 0.7058 -0.0002 0.7084
vn 0.2144 0.9548 0.2058
vn 0.6973 -0.1493 0.7011
vn 0.3606 0.8632 0.3533
vn 0.6716 -0.3022 0.6765
vn 0.4817 0.7357 0.4761
vn 0.6253 -0.4591 0.6310
vn 0.5540 -0.0002 0.8325
vn 0.5473 -0.1493 0.8235
vn 0.1678 0.9551 0.2440
vn 0.2828 0.8637 0.4173
vn 0.5272 -0.3021 0.7942
vn 0.3780 0.7361 0.5615
vn 0.4908 -0.4589 0.7406
vn 0.4491 0.5914 0.6698
vn 0.4343 -0.6168 0.6565
vn 0.4986 0.4423 0.7455
vn 0.3546 -0.7650 0.5377
vn 0.5306 0.2939 0.7950
vn 0.2531 -0.8872 0.3858
vn 0.5485 0.1468 0.8231
vn 0.1364 -0.9680 0.2108
vn 0.2989 -0.6166 0.7283
vn 0.2442 -0.7647 0.5963
vn 0.3426 0.4424 0.8288
vn 0.3647 0.2939 0.8835
vn 0.1745 -0.8870 0.4275
vn 0.3771 0.1468 0.9145
vn 0.0943 -0.9679 0.2332
vn 0.3809 -0.0002 0.9246
vn 0.1147 0.9554 0.2723
vn 0.3764 -0.1492 0.9144
vn 0.1938 0.8640 0.4648
vn 0.3626 -0.3020 0.8816
vn 0.2594 0.7364 0.6248
vn 0.3377 -0.4588 0.8219
vn 0.3085 0.5915 0.7449
vn 0.1910 -0.1492 0.9702
vn 0.1841 -0.3020 0.9354
vn 0.0978 0.8641 0.4938
vn 0.1312 0.7365 0.6636
vn 0.1715 -0.4588 0.8719
vn 0.1562 0.5916 0.7910
vn 0.1519 -0.6166 0.7725
vn 0.1736 0.4424 0.8799
vn 0.1242 -0.7647 0.6323
vn 0.1849 0.2939 0.9378
vn 0.0889 -0.8870 0.4532
vn 0.1912 0.1468 0.9705
vn 0.0482 -0.9678 0.2470
vn 0.1932 -0.0002 0.9812
vn 0.0576 0.9554 0.2896
vn -0.0012 -0.7647 0.6444
vn -0.0009 -0.8870 0.4618
vn -0.0018 0.2939 0.9558
vn -0.0019 0.1468 0.9892
vn -0.0005 -0.9678 0.2516
vn -0.0019 -0.0003 1.0000
vn -0.0006 0.9554 0.2953
vn -0.0019 -0.1493 0.9888
vn -0.0009 0.8640 0.5034
vn -0.0018 -0.3020 0.9533
vn -0.0013 0.7364 0.6765
vn -0.0017 -0.4588 0.8885
vn -0.0015 0.5916 0.8063
vn -0.0015 -0.6166 0.7873
vn -0.0017 0.4424 0.8968
vn -0.0991 0.8640 0.4936
vn -0.1332 0.7364 0.6632
vn -0.1877 -0.3020 0.9346
vn -0.1750 -0.4588 0.8711
vn -0.1588 0.5916 0.7905
vn -0.1550 -0.6166 0.7719
vn -0.1766 0.4424 0.8793
vn -0.1269 -0.7647 0.6318
vn -0.1882 0.2939 0.9371
vn -0.0910 -0.8870 0.4528
vn -0.1948 0.1468 0.9698
vn -0.0496 -0.9678 0.2467
vn -0.1969 -0.0003 0.9804
vn -0.0581 0.9554 0.2895
vn -0.1947 -0.1493 0.9694
vn -0.3678 0.2939 0.8823
vn -0.3804 0.1468 0.9131
vn -0.1768 -0.8869 0.4267
vn -0.0959 -0.9678 0.2326
vn -0.3844 -0.0002 0.9232
vn -0.1138 0.9554 0.2725
vn -0.3800 -0.1492 0.9129
vn -0.1943 0.8640 0.4644
vn -0.3662 -0.3020 0.8802
vn -0.2609 0.7365 0.6241
vn -0.3412 -0.4587 0.8205
vn -0.3106 0.5916 0.7440
vn -0.3021 -0.6165 0.7271
vn -0.3452 0.4424 0.8277
vn -0.2471 -0.7647 0.5952
vn -0.5301 -0.3020 0.7923
vn -0.4936 -0.4588 0.7389
vn -0.3799 0.7363 0.5599
vn -0.4515 0.5915 0.6680
vn -0.4367 -0.6166 0.6550
vn -0.5014 0.4424 0.7436
vn -0.3566 -0.7648 0.5366
vn -0.5336 0.2939 0.7930
vn -0.2545 -0.8871 0.3851
vn -0.5516 0.1469 0.8211
vn -0.1371 -0.9679 0.2107
vn -0.5571 -0.0002 0.8304
vn -0.1657 0.9552 0.2451
vn -0.5504 -0.1492 0.8215
vn -0.2836 0.8637 0.4167
vn -0.3218 -0.8874 0.3300
vn -0.1723 -0.9681 0.1819
vn -0.7017 0.1469 0.6972
vn -0.7084 -0.0001 0.7058
vn -0.2117 0.9549 0.2081
vn -0.6996 -0.1492 0.6988
vn -0.3624 0.8628 0.3526
vn -0.6736 -0.3021 0.6746
vn -0.4848 0.7357 0.4730
vn -0.6268 -0.4590 0.6296
vn -0.5755 0.5912 0.5651
vn -0.5541 -0.6170 0.5588
vn -0.6384 0.4422 0.6300
vn -0.4519 -0.7652 0.4585
vn -0.6791 0.2939 0.6726
vn -0.5706 0.7341 0.3680
vn -0.6770 0.5904 0.4394
vn -0.7361 -0.4595 0.4969
vn -0.6504 -0.6177 0.4421
vn -0.7506 0.4419 0.4913
vn -0.5300 -0.7660 0.3639
vn -0.7982 0.2937 0.5259
vn -0.3766 -0.8881 0.2635
vn -0.8247 0.1468 0.5462
vn -0.2006 -0.9685 0.1474
vn -0.8325 -0.0001 0.5540
vn -0.2493 0.9545 0.1633
vn -0.8221 -0.1493 0.5495
vn -0.4267 0.8612 0.2762
vn -0.7913 -0.3024 0.5314
vn -0.9157 0.1468 0.3741
vn -0.9246 -0.0002 0.3809
vn -0.2773 0.9543 0.1112
vn -0.2215 -0.9691 0.1084
vn -0.9131 -0.1495 0.3792
vn -0.4738 0.8599 0.1900
vn -0.8791 -0.3028 0.3681
vn -0.6334 0.7315 0.2523
vn -0.8178 -0.4602 0.3456
vn -0.7509 0.5886 0.2994
vn -0.7223 -0.6187 0.3090
vn -0.8330 0.4408 0.3343
vn -0.5882 -0.7671 0.2562
vn -0.8861 0.2934 0.3587
vn -0.4174 -0.8891 0.1878
vn -0.8688 -0.4613 0.1801
vn -0.7675 -0.6201 0.1629
vn -0.7954 0.5868 0.1516
vn -0.8824 0.4392 0.1686
vn -0.6248 -0.7686 0.1373
vn -0.9391 0.2922 0.1809
vn -0.4431 -0.8904 0.1040
vn -0.9710 0.1462 0.1890
vn -0.2348 -0.9699 0.0650
vn -0.9811 -0.0006 0.1933
vn -0.2945 0.9541 0.0548
vn -0.9695 -0.1498 0.1938
vn -0.5028 0.8591 0.0954
vn -0.9338 -0.3033 0.1899
vn -0.6711 0.7302 0.1280
vn -0.2397 -0.9707 0.0162
vn -1.0000 -0.0005 -0.0018
vn -0.9887 -0.1498 -0.0003
vn -0.3002 0.9539 -0.0013
vn -0.5125 0.8587 -0.0027
vn -0.9528 -0.3037 0.0018
vn -0.6839 0.7296 -0.0034
vn -0.8869 -0.4619 0.0048
vn -0.8102 0.5862 -0.0034
vn -0.7840 -0.6207 0.0091
vn -0.8985 0.4390 -0.0032
vn -0.6380 -0.7699 0.0130
vn -0.9564 0.2922 -0.0030
vn -0.4520 -0.8919 0.0143
vn -0.9893 0.1462 -0.0027
vn -0.7687 -0.6211 -0.1525
vn -0.6240 -0.7720 -0.1210
vn -0.8815 0.4385 -0.1749
vn -0.9380 0.2917 -0.1871
vn -0.4418 -0.8933 -0.0829
vn -0.9701 0.1458 -0.1942
vn -0.2347 -0.9713 -0.0387
vn -0.9804 -0.0007 -0.1969
vn -0.2961 0.9538 -0.0514
vn -0.9692 -0.1498 -0.1952
vn -0.5041 0.8583 -0.0954
vn -0.9340 -0.3035 -0.1885
vn -0.6717 0.7292 -0.1307
vn -0.8696 -0.4617 -0.1749
vn -0.7952 0.5858 -0.1566
vn -0.2814 0.9545 -0.0993
vn -0.4776 0.8592 -0.1836
vn -0.9119 -0.1496 -0.3822
vn -0.8781 -0.3029 -0.3705
vn -0.6352 0.7301 -0.2519
vn -0.8168 -0.4606 -0.3475
vn -0.7512 0.5865 -0.3028
vn -0.7213 -0.6194 -0.3101
vn -0.8320 0.4391 -0.3391
vn -0.5844 -0.7706 -0.2543
vn -0.8846 0.2921 -0.3635
vn -0.4133 -0.8926 -0.1803
vn -0.9141 0.1460 -0.3782
vn -0.2199 -0.9711 -0.0924
vn -0.9232 -0.0005 -0.3844
vn -0.7510 0.4397 -0.4925
vn -0.7976 0.2924 -0.5275
vn -0.5219 -0.7686 -0.3699
vn -0.3698 -0.8903 -0.2658
vn -0.8233 0.1461 -0.5485
vn -0.1975 -0.9704 -0.1387
vn -0.8304 -0.0005 -0.5571
vn -0.2562 0.9554 -0.1471
vn -0.8193 -0.1494 -0.5536
vn -0.4331 0.8605 -0.2684
vn -0.7878 -0.3025 -0.5365
vn -0.5748 0.7314 -0.3669
vn -0.7317 -0.4598 -0.5031
vn -0.6789 0.5876 -0.4403
vn -0.6451 -0.6181 -0.4492
vn -0.6949 -0.1493 -0.7034
vn -0.6668 -0.3020 -0.6813
vn -0.3733 0.8621 -0.3426
vn -0.4935 0.7331 -0.4680
vn -0.6178 -0.4588 -0.6386
vn -0.5813 0.5889 -0.5615
vn -0.5432 -0.6165 -0.5700
vn -0.6418 0.4406 -0.6276
vn -0.4392 -0.7660 -0.4694
vn -0.6804 0.2929 -0.6718
vn -0.3145 -0.8871 -0.3378
vn -0.7010 0.1463 -0.6980
vn -0.1712 -0.9694 -0.1756
vn -0.7058 -0.0004 -0.7085
vn -0.2232 0.9565 -0.1880
vn -0.3398 -0.7622 -0.5509
vn -0.2478 -0.8836 -0.3974
vn -0.5373 0.2935 -0.7907
vn -0.5519 0.1465 -0.8209
vn -0.1382 -0.9688 -0.2055
vn -0.5540 -0.0004 -0.8325
vn -0.1833 0.9578 -0.2213
vn -0.5437 -0.1491 -0.8259
vn -0.3006 0.8642 -0.4036
vn -0.5198 -0.3015 -0.7993
vn -0.3942 0.7352 -0.5515
vn -0.4798 -0.4576 -0.7486
vn -0.4622 0.5906 -0.6615
vn -0.4197 -0.6146 -0.6679
vn -0.5085 0.4418 -0.7391
vn -0.2178 0.8664 -0.4493
vn -0.2808 0.7375 -0.6142
vn -0.3527 -0.3009 -0.8860
vn -0.3229 -0.4563 -0.8292
vn -0.3260 0.5925 -0.7366
vn -0.2808 -0.6118 -0.7395
vn -0.3560 0.4431 -0.8228
vn -0.2303 -0.7567 -0.6118
vn -0.3739 0.2942 -0.8796
vn -0.1729 -0.8797 -0.4430
vn -0.3818 0.1468 -0.9125
vn -0.0974 -0.9684 -0.2295
vn -0.3809 -0.0003 -0.9246
vn -0.1380 0.9594 -0.2461
vn -0.3715 -0.1490 -0.9164
vn -0.1960 0.2950 -0.9352
vn -0.1969 0.1471 -0.9693
vn -0.0910 -0.8776 -0.4706
vn -0.0484 -0.9685 -0.2442
vn -0.1932 -0.0002 -0.9812
vn -0.0876 0.9612 -0.2617
vn -0.1851 -0.1488 -0.9714
vn -0.1273 0.8691 -0.4779
vn -0.1722 -0.3001 -0.9382
vn -0.1573 0.7403 -0.6536
vn -0.1553 -0.4538 -0.8775
vn -0.1776 0.5948 -0.7840
vn -0.1371 -0.6064 -0.7832
vn -0.1900 0.4446 -0.8754
vn -0.1179 -0.7512 -0.6494
vn 0.0074 -0.2979 -0.9546
vn 0.0083 -0.4497 -0.8931
vn -0.0122 0.7441 -0.6680
vn -0.0096 0.5981 -0.8013
vn 0.0064 -0.6023 -0.7983
vn -0.0069 0.4472 -0.8944
vn 0.0024 -0.7489 -0.6627
vn -0.0040 0.2968 -0.9549
vn 0.0016 -0.8776 -0.4794
vn -0.0011 0.1484 -0.9889
vn 0.0071 -0.9686 -0.2486
vn 0.0019 0.0009 -1.0000
vn -0.0147 0.9636 -0.2669
vn 0.0048 -0.1474 -0.9891
vn -0.0141 0.8728 -0.4879
vn 0.0954 -0.8784 -0.4682
vn 0.0599 -0.9685 -0.2417
vn 0.1979 0.1483 -0.9689
vn 0.1970 0.0008 -0.9804
vn 0.0744 0.9633 -0.2579
vn 0.1917 -0.1475 -0.9703
vn 0.1147 0.8726 -0.4748
vn 0.1817 -0.2979 -0.9371
vn 0.1469 0.7439 -0.6519
vn 0.1672 -0.4503 -0.8771
vn 0.1701 0.5980 -0.7832
vn 0.1487 -0.6021 -0.7845
vn 0.1853 0.4471 -0.8751
vn 0.1252 -0.7490 -0.6506
vn 0.1942 0.2968 -0.9350
vn 0.3276 -0.4530 -0.8291
vn 0.2892 -0.6061 -0.7409
vn 0.3306 0.5949 -0.7327
vn 0.3606 0.4447 -0.8199
vn 0.2395 -0.7523 -0.6137
vn 0.3783 0.2950 -0.8774
vn 0.1783 -0.8803 -0.4396
vn 0.3858 0.1471 -0.9108
vn 0.1052 -0.9685 -0.2258
vn 0.3844 -0.0002 -0.9232
vn 0.1415 0.9608 -0.2386
vn 0.3744 -0.1487 -0.9153
vn 0.2216 0.8691 -0.4422
vn 0.3556 -0.2998 -0.8852
vn 0.2852 0.7403 -0.6088
vn 0.1876 0.9589 -0.2130
vn 0.1428 -0.9688 -0.2027
vn 0.5571 -0.0003 -0.8304
vn 0.5459 -0.1490 -0.8245
vn 0.3053 0.8663 -0.3954
vn 0.5212 -0.3009 -0.7986
vn 0.3994 0.7374 -0.5447
vn 0.4810 -0.4559 -0.7489
vn 0.4675 0.5925 -0.6561
vn 0.4238 -0.6100 -0.6696
vn 0.5135 0.4431 -0.7348
vn 0.3475 -0.7575 -0.5527
vn 0.5419 0.2942 -0.7872
vn 0.2528 -0.8837 -0.3938
vn 0.5559 0.1468 -0.8182
vn 0.5862 0.5904 -0.5548
vn 0.6465 0.4417 -0.6221
vn 0.5459 -0.6148 -0.5691
vn 0.4478 -0.7624 -0.4671
vn 0.6846 0.2935 -0.6673
vn 0.3218 -0.8866 -0.3321
vn 0.7045 0.1465 -0.6944
vn 0.1746 -0.9692 -0.1736
vn 0.7084 -0.0004 -0.7058
vn 0.2277 0.9571 -0.1793
vn 0.6966 -0.1492 -0.7017
vn 0.3778 0.8637 -0.3337
vn 0.6677 -0.3018 -0.6806
vn 0.4983 0.7348 -0.4602
vn 0.6184 -0.4583 -0.6384
vn 0.8325 -0.0006 -0.5540
vn 0.8211 -0.1498 -0.5508
vn 0.2605 0.9555 -0.1382
vn 0.4369 0.8613 -0.2591
vn 0.7895 -0.3032 -0.5337
vn 0.5789 0.7324 -0.3583
vn 0.7337 -0.4605 -0.4997
vn 0.6830 0.5885 -0.4328
vn 0.6485 -0.6182 -0.4442
vn 0.7548 0.4404 -0.4860
vn 0.5307 -0.7653 -0.3643
vn 0.8009 0.2929 -0.5223
vn 0.3790 -0.8882 -0.2596
vn 0.8259 0.1463 -0.5445
vn 0.2022 -0.9697 -0.1374
vn 0.7237 -0.6194 -0.3043
vn 0.5906 -0.7672 -0.2502
vn 0.8335 0.4395 -0.3347
vn 0.8860 0.2924 -0.3600
vn 0.4210 -0.8894 -0.1783
vn 0.9155 0.1462 -0.3749
vn 0.2245 -0.9699 -0.0943
vn 0.9246 -0.0007 -0.3809
vn 0.2850 0.9542 -0.0911
vn 0.9136 -0.1499 -0.3780
vn 0.4807 0.8593 -0.1744
vn 0.8800 -0.3033 -0.3656
vn 0.6378 0.7307 -0.2436
vn 0.8189 -0.4610 -0.3418
vn 0.7531 0.5872 -0.2967
vn 0.2999 0.9530 -0.0419
vn 0.5065 0.8580 -0.0851
vn 0.9700 -0.1499 -0.1915
vn 0.9347 -0.3034 -0.1851
vn 0.6722 0.7300 -0.1234
vn 0.8703 -0.4611 -0.1730
vn 0.7948 0.5875 -0.1522
vn 0.7696 -0.6198 -0.1538
vn 0.8813 0.4402 -0.1718
vn 0.6279 -0.7680 -0.1261
vn 0.9382 0.2930 -0.1841
vn 0.4469 -0.8901 -0.0895
vn 0.9706 0.1466 -0.1909
vn 0.2383 -0.9700 -0.0473
vn 0.9811 -0.0004 -0.1933
vn 0.7136 -0.6959 0.0800
vn 0.9265 0.3658 0.0887
vn 0.5473 -0.8343 0.0658
vn 0.9711 0.2192 0.0949
vn 0.3442 -0.9377 0.0480
vn 0.9924 0.0733 0.0988
vn 0.1812 0.9832 0.0213
vn 0.1248 -0.9918 0.0277
vn 0.9922 -0.0739 0.1005
vn 0.4091 0.9117 0.0381
vn 0.9693 -0.2246 0.0999
vn 0.5986 0.7993 0.0524
vn 0.9199 -0.3800 0.0967
vn 0.7476 0.6608 0.0672
vn 0.8375 -0.5390 0.0903
vn 0.8543 0.5137 0.0796
vn 0.8038 -0.5383 0.2534
vn 0.8229 0.5143 0.2416
vn 0.6847 -0.6951 0.2190
vn 0.8919 0.3660 0.2657
vn 0.5251 -0.8335 0.1720
vn 0.9342 0.2193 0.2814
vn 0.3306 -0.9369 0.1138
vn 0.9542 0.0733 0.2902
vn 0.1753 0.9832 0.0508
vn 0.1202 -0.9915 0.0502
vn 0.9534 -0.0739 0.2924
vn 0.3928 0.9133 0.1074
vn 0.9310 -0.2244 0.2879
vn 0.5769 0.8008 0.1606
vn 0.8832 -0.3796 0.2755
vn 0.7205 0.6617 0.2073
vn 0.1640 0.9834 0.0780
vn 0.1120 -0.9913 0.0698
vn 0.8783 -0.0738 0.4724
vn 0.3601 0.9151 0.1816
vn 0.8575 -0.2242 0.4630
vn 0.5308 0.8021 0.2737
vn 0.8135 -0.3792 0.4409
vn 0.6636 0.6627 0.3471
vn 0.7405 -0.5376 0.4032
vn 0.7582 0.5148 0.4001
vn 0.6311 -0.6942 0.3459
vn 0.8218 0.3663 0.4364
vn 0.4845 -0.8326 0.2684
vn 0.8607 0.2193 0.4594
vn 0.3056 -0.9363 0.1732
vn 0.8790 0.0733 0.4711
vn 0.6641 0.5152 0.5418
vn 0.5533 -0.6937 0.4611
vn 0.7199 0.3665 0.5895
vn 0.4251 -0.8320 0.3563
vn 0.7540 0.2194 0.6191
vn 0.2687 -0.9358 0.2281
vn 0.7701 0.0733 0.6337
vn 0.1436 0.9837 0.1084
vn 0.0992 -0.9911 0.0888
vn 0.7694 -0.0738 0.6345
vn 0.3144 0.9159 0.2495
vn 0.7513 -0.2241 0.6208
vn 0.4643 0.8029 0.3739
vn 0.7128 -0.3789 0.5903
vn 0.5810 0.6633 0.4717
vn 0.6489 -0.5372 0.5388
vn 0.6309 -0.0738 0.7723
vn 0.2575 0.9164 0.3063
vn 0.6160 -0.2240 0.7552
vn 0.3807 0.8034 0.4578
vn 0.5844 -0.3787 0.7177
vn 0.4765 0.6637 0.5766
vn 0.5321 -0.5369 0.6547
vn 0.5447 0.5155 0.6615
vn 0.4538 -0.6933 0.5598
vn 0.5905 0.3666 0.7190
vn 0.3487 -0.8317 0.4321
vn 0.6184 0.2194 0.7546
vn 0.2205 -0.9355 0.2759
vn 0.6315 0.0733 0.7719
vn 0.1174 0.9839 0.1346
vn 0.0817 -0.9910 0.1063
vn 0.3370 -0.6930 0.6373
vn 0.4382 0.3666 0.8207
vn 0.2591 -0.8314 0.4916
vn 0.4589 0.2194 0.8609
vn 0.1641 -0.9353 0.3134
vn 0.4687 0.0733 0.8803
vn 0.0866 0.9841 0.1552
vn 0.0610 -0.9909 0.1200
vn 0.4683 -0.0738 0.8805
vn 0.1906 0.9168 0.3509
vn 0.4572 -0.2239 0.8607
vn 0.2821 0.8038 0.5238
vn 0.4338 -0.3785 0.8176
vn 0.3534 0.6640 0.6590
vn 0.3951 -0.5367 0.7456
vn 0.4041 0.5156 0.7555
vn 0.2809 -0.2239 0.9332
vn 0.1725 0.8040 0.5691
vn 0.2667 -0.3785 0.8864
vn 0.2165 0.6641 0.7156
vn 0.2430 -0.5366 0.8081
vn 0.2478 0.5157 0.8202
vn 0.2074 -0.6929 0.6906
vn 0.2688 0.3667 0.8907
vn 0.1597 -0.8312 0.5325
vn 0.2817 0.2194 0.9341
vn 0.1014 -0.9352 0.3392
vn 0.2878 0.0733 0.9549
vn 0.0523 0.9842 0.1693
vn 0.0381 -0.9909 0.1294
vn 0.2876 -0.0738 0.9549
vn 0.1162 0.9170 0.3817
vn 0.0535 -0.8312 0.5534
vn 0.0938 0.2194 0.9711
vn 0.0340 -0.9352 0.3524
vn 0.0959 0.0733 0.9927
vn 0.0170 0.9842 0.1763
vn 0.0130 -0.9908 0.1344
vn 0.0959 -0.0738 0.9927
vn 0.0383 0.9170 0.3970
vn 0.0937 -0.2239 0.9701
vn 0.0572 0.8040 0.5918
vn 0.0890 -0.3785 0.9213
vn 0.0719 0.6642 0.7441
vn 0.0811 -0.5366 0.8400
vn 0.0824 0.5157 0.8528
vn 0.0693 -0.6929 0.7177
vn 0.0894 0.3667 0.9260
vn -0.0594 0.8040 0.5916
vn -0.0925 -0.3785 0.9210
vn -0.0747 0.6642 0.7438
vn -0.0843 -0.5366 0.8396
vn -0.0856 0.5157 0.8525
vn -0.0720 -0.6929 0.7175
vn -0.0929 0.3667 0.9257
vn -0.0555 -0.8312 0.5532
vn -0.0975 0.2194 0.9708
vn -0.0354 -0.9352 0.3523
vn -0.0996 0.0733 0.9923
vn -0.0177 0.9842 0.1762
vn -0.0135 -0.9908 0.1343
vn -0.0996 -0.0738 0.9923
vn -0.0398 0.9170 0.3969
vn -0.0974 -0.2239 0.9697
vn -0.2850 0.2194 0.9331
vn -0.1034 -0.9352 0.3386
vn -0.2913 0.0733 0.9538
vn -0.0517 0.9842 0.1694
vn -0.0394 -0.9908 0.1291
vn -0.2913 -0.0738 0.9538
vn -0.1165 0.9170 0.3815
vn -0.2847 -0.2239 0.9321
vn -0.1737 0.8040 0.5687
vn -0.2704 -0.3785 0.8853
vn -0.2184 0.6642 0.7150
vn -0.2465 -0.5366 0.8071
vn -0.2502 0.5157 0.8194
vn -0.2106 -0.6929 0.6896
vn -0.2717 0.3667 0.8898
vn -0.1624 -0.8312 0.5317
vn -0.4372 -0.3785 0.8158
vn -0.3551 0.6641 0.6579
vn -0.3983 -0.5366 0.7439
vn -0.4064 0.5157 0.7543
vn -0.3399 -0.6929 0.6358
vn -0.4409 0.3667 0.8193
vn -0.2616 -0.8313 0.4904
vn -0.4620 0.2194 0.8593
vn -0.1659 -0.9353 0.3126
vn -0.4719 0.0733 0.8786
vn -0.0834 0.9842 0.1562
vn -0.0622 -0.9909 0.1197
vn -0.4716 -0.0738 0.8787
vn -0.1901 0.9168 0.3511
vn -0.4606 -0.2239 0.8589
vn -0.2831 0.8039 0.5230
vn -0.2208 -0.9355 0.2759
vn -0.6345 0.0733 0.7694
vn -0.1115 0.9842 0.1373
vn -0.0812 -0.9909 0.1069
vn -0.6337 -0.0738 0.7700
vn -0.2580 0.9161 0.3069
vn -0.6186 -0.2240 0.7531
vn -0.3830 0.8035 0.4557
vn -0.5868 -0.3786 0.7158
vn -0.4793 0.6638 0.5742
vn -0.5341 -0.5368 0.6531
vn -0.5477 0.5155 0.6590
vn -0.4553 -0.6932 0.5587
vn -0.5936 0.3666 0.7165
vn -0.3496 -0.8316 0.4316
vn -0.6215 0.2194 0.7521
vn -0.5849 0.6631 0.4671
vn -0.6495 -0.5373 0.5381
vn -0.6677 0.5151 0.5374
vn -0.5531 -0.6938 0.4612
vn -0.7232 0.3664 0.5854
vn -0.4241 -0.8322 0.3572
vn -0.7570 0.2193 0.6155
vn -0.2669 -0.9359 0.2298
vn -0.7727 0.0733 0.6306
vn -0.1365 0.9843 0.1123
vn -0.0968 -0.9911 0.0913
vn -0.7716 -0.0738 0.6319
vn -0.3154 0.9150 0.2516
vn -0.7530 -0.2241 0.6187
vn -0.4677 0.8023 0.3708
vn -0.7139 -0.3789 0.5889
vn -0.8810 0.0733 0.4673
vn -0.1570 0.9842 0.0814
vn -0.1085 -0.9914 0.0737
vn -0.8798 -0.0739 0.4696
vn -0.3585 0.9143 0.1884
vn -0.8586 -0.2243 0.4610
vn -0.5344 0.7995 0.2741
vn -0.8140 -0.3794 0.4399
vn -0.6674 0.6619 0.3413
vn -0.7403 -0.5380 0.4032
vn -0.7616 0.5145 0.3941
vn -0.6301 -0.6947 0.3470
vn -0.8247 0.3661 0.4311
vn -0.4825 -0.8331 0.2705
vn -0.8632 0.2193 0.4548
vn -0.3028 -0.9366 0.1763
vn -0.8034 -0.5390 0.2531
vn -0.8245 0.5128 0.2393
vn -0.6836 -0.6960 0.2199
vn -0.8936 0.3652 0.2609
vn -0.5230 -0.8344 0.1739
vn -0.9357 0.2192 0.2766
vn -0.3276 -0.9376 0.1168
vn -0.9554 0.0733 0.2861
vn -0.1708 0.9841 0.0480
vn -0.1167 -0.9917 0.0541
vn -0.9544 -0.0739 0.2892
vn -0.3895 0.9140 0.1133
vn -0.9317 -0.2246 0.2856
vn -0.5788 0.7974 0.1704
vn -0.8834 -0.3800 0.2742
vn -0.7214 0.6597 0.2107
vn -0.1212 -0.9921 0.0316
vn -0.9925 -0.0739 0.0969
vn -0.4049 0.9136 0.0361
vn -0.9696 -0.2245 0.0976
vn -0.6014 0.7970 0.0548
vn -0.9197 -0.3806 0.0961
vn -0.7497 0.6581 0.0696
vn -0.8367 -0.5401 0.0908
vn -0.8555 0.5115 0.0805
vn -0.7121 -0.6974 0.0812
vn -0.9271 0.3644 0.0880
vn -0.5450 -0.8357 0.0676
vn -0.9714 0.2188 0.0923
vn -0.3412 -0.9386 0.0509
vn -0.9928 0.0732 0.0951
vn -0.1772 0.9841 0.0151
vn -0.7142 -0.6976 -0.0577
vn -0.9266 0.3642 -0.0941
vn -0.5437 -0.8384 -0.0388
vn -0.9709 0.2184 -0.0982
vn -0.3424 -0.9393 -0.0226
vn -0.9923 0.0731 -0.0999
vn -0.1772 0.9841 -0.0157
vn -0.1212 -0.9926 0.0050
vn -0.9923 -0.0738 -0.0993
vn -0.4052 0.9133 -0.0403
vn -0.9697 -0.2243 -0.0964
vn -0.6012 0.7967 -0.0613
vn -0.9204 -0.3804 -0.0898
vn -0.7492 0.6579 -0.0766
vn -0.8381 -0.5400 -0.0774
vn -0.8550 0.5113 -0.0871
vn -0.3927 0.9135 -0.1061
vn -0.9313 -0.2243 -0.2871
vn -0.5807 0.7970 -0.1663
vn -0.8835 -0.3797 -0.2743
vn -0.7226 0.6581 -0.2117
vn -0.8039 -0.5389 -0.2517
vn -0.8237 0.5115 -0.2448
vn -0.6842 -0.6965 -0.2163
vn -0.8920 0.3642 -0.2677
vn -0.5179 -0.8397 -0.1635
vn -0.9341 0.2184 -0.2825
vn -0.3285 -0.9392 -0.0999
vn -0.9541 0.0731 -0.2905
vn -0.1731 0.9842 -0.0361
vn -0.1141 -0.9930 -0.0302
vn -0.9535 -0.0737 -0.2921
vn -0.8236 0.3646 -0.4344
vn -0.4738 -0.8378 -0.2714
vn -0.8617 0.2185 -0.4580
vn -0.3013 -0.9378 -0.1725
vn -0.8793 0.0731 -0.4706
vn -0.1612 0.9848 -0.0649
vn -0.1047 -0.9931 -0.0528
vn -0.8780 -0.0737 -0.4730
vn -0.3646 0.9144 -0.1758
vn -0.8566 -0.2241 -0.4648
vn -0.5379 0.7981 -0.2716
vn -0.8118 -0.3793 -0.4440
vn -0.6685 0.6590 -0.3447
vn -0.7377 -0.5382 -0.4076
vn -0.7613 0.5121 -0.3977
vn -0.6270 -0.6952 -0.3514
vn -0.7486 -0.2239 -0.6241
vn -0.4754 0.7997 -0.3668
vn -0.7081 -0.3787 -0.5960
vn -0.5896 0.6604 -0.4650
vn -0.6422 -0.5371 -0.5470
vn -0.6704 0.5131 -0.5361
vn -0.5445 -0.6936 -0.4717
vn -0.7242 0.3652 -0.5850
vn -0.4109 -0.8356 -0.3646
vn -0.7566 0.2187 -0.6162
vn -0.2647 -0.9352 -0.2351
vn -0.7709 0.0731 -0.6327
vn -0.1451 0.9854 -0.0891
vn -0.0911 -0.9932 -0.0731
vn -0.7685 -0.0737 -0.6356
vn -0.3235 0.9158 -0.2382
vn -0.3352 -0.8317 -0.4426
vn -0.6227 0.2190 -0.7512
vn -0.2235 -0.9326 -0.2833
vn -0.6330 0.0732 -0.7707
vn -0.1260 0.9861 -0.1083
vn -0.0809 -0.9932 -0.0834
vn -0.6295 -0.0737 -0.7735
vn -0.2720 0.9174 -0.2906
vn -0.6115 -0.2236 -0.7590
vn -0.3960 0.8016 -0.4479
vn -0.5767 -0.3780 -0.7242
vn -0.4890 0.6622 -0.5678
vn -0.5212 -0.5357 -0.6643
vn -0.5544 0.5144 -0.6543
vn -0.4401 -0.6915 -0.5728
vn -0.5974 0.3659 -0.7136
vn -0.3025 0.8039 -0.5121
vn -0.4230 -0.3771 -0.8239
vn -0.3704 0.6642 -0.6493
vn -0.3799 -0.5341 -0.7553
vn -0.4176 0.5159 -0.7480
vn -0.3182 -0.6891 -0.6510
vn -0.4480 0.3668 -0.8153
vn -0.2461 -0.8257 -0.5076
vn -0.4650 0.2194 -0.8577
vn -0.1684 -0.9304 -0.3255
vn -0.4707 0.0732 -0.8792
vn -0.1035 0.9869 -0.1234
vn -0.0603 -0.9934 -0.0971
vn -0.4661 -0.0737 -0.8816
vn -0.2113 0.9193 -0.3322
vn -0.4508 -0.2234 -0.8642
vn -0.2896 0.2198 -0.9315
vn -0.1094 -0.9295 -0.3523
vn -0.2905 0.0733 -0.9541
vn -0.0787 0.9879 -0.1338
vn -0.0373 -0.9936 -0.1066
vn -0.2849 -0.0737 -0.9557
vn -0.1443 0.9214 -0.3609
vn -0.2726 -0.2230 -0.9359
vn -0.1989 0.8065 -0.5568
vn -0.2526 -0.3762 -0.8915
vn -0.2388 0.6666 -0.7062
vn -0.2234 -0.5322 -0.8166
vn -0.2655 0.5176 -0.8134
vn -0.1886 -0.6843 -0.7044
vn -0.2818 0.3678 -0.8862
vn -0.1554 -0.8193 -0.5519
vn -0.0732 -0.3749 -0.9242
vn -0.0977 0.6692 -0.7366
vn -0.0656 -0.5271 -0.8473
vn -0.1029 0.5195 -0.8482
vn -0.0646 -0.6780 -0.7322
vn -0.1044 0.3689 -0.9236
vn -0.0575 -0.8163 -0.5747
vn -0.1029 0.2203 -0.9700
vn -0.0350 -0.9299 -0.3662
vn -0.0990 0.0734 -0.9924
vn -0.0489 0.9890 -0.1398
vn -0.0042 -0.9936 -0.1131
vn -0.0928 -0.0736 -0.9930
vn -0.0711 0.9239 -0.3761
vn -0.0842 -0.2227 -0.9712
vn -0.0877 0.8094 -0.5806
vn 0.0414 -0.9308 -0.3632
vn 0.0997 0.0734 -0.9923
vn 0.0198 0.9900 -0.1399
vn 0.0271 -0.9932 -0.1130
vn 0.0995 -0.0736 -0.9923
vn 0.0417 0.9257 -0.3759
vn 0.0970 -0.2224 -0.9701
vn 0.0607 0.8113 -0.5814
vn 0.0902 -0.3733 -0.9233
vn 0.0756 0.6708 -0.7378
vn 0.0819 -0.5246 -0.8474
vn 0.0863 0.5207 -0.8494
vn 0.0735 -0.6751 -0.7341
vn 0.0934 0.3696 -0.9245
vn 0.0576 -0.8163 -0.5747
vn 0.0977 0.2206 -0.9705
vn 0.2328 -0.5272 -0.8172
vn 0.2696 0.5195 -0.8108
vn 0.2004 -0.6780 -0.7072
vn 0.2859 0.3690 -0.8844
vn 0.1628 -0.8181 -0.5516
vn 0.2936 0.2203 -0.9302
vn 0.1129 -0.9318 -0.3451
vn 0.2943 0.0734 -0.9529
vn 0.0820 0.9885 -0.1272
vn 0.0520 -0.9928 -0.1080
vn 0.2883 -0.0736 -0.9547
vn 0.1472 0.9238 -0.3534
vn 0.2758 -0.2226 -0.9351
vn 0.2022 0.8094 -0.5514
vn 0.2577 -0.3741 -0.8909
vn 0.2425 0.6692 -0.7024
vn 0.1073 0.9874 -0.1165
vn 0.0729 -0.9924 -0.0992
vn 0.4691 -0.0737 -0.8801
vn 0.2154 0.9213 -0.3236
vn 0.4528 -0.2231 -0.8632
vn 0.3075 0.8064 -0.5051
vn 0.4242 -0.3762 -0.8237
vn 0.3757 0.6665 -0.6438
vn 0.3834 -0.5308 -0.7558
vn 0.4229 0.5176 -0.7438
vn 0.3275 -0.6822 -0.6538
vn 0.4529 0.3678 -0.8121
vn 0.2538 -0.8226 -0.5088
vn 0.4694 0.2199 -0.8552
vn 0.1703 -0.9333 -0.3162
vn 0.4745 0.0733 -0.8772
vn 0.5596 0.5158 -0.6487
vn 0.4445 -0.6866 -0.5753
vn 0.6022 0.3668 -0.7091
vn 0.3447 -0.8277 -0.4429
vn 0.6268 0.2194 -0.7476
vn 0.2226 -0.9353 -0.2750
vn 0.6363 0.0732 -0.7679
vn 0.1310 0.9863 -0.1003
vn 0.0872 -0.9922 -0.0896
vn 0.6319 -0.0737 -0.7715
vn 0.2764 0.9189 -0.2814
vn 0.6129 -0.2234 -0.7579
vn 0.4011 0.8036 -0.4398
vn 0.5773 -0.3773 -0.7242
vn 0.4943 0.6640 -0.5610
vn 0.5210 -0.5342 -0.6657
vn 0.7705 -0.0737 -0.6332
vn 0.3275 0.9167 -0.2288
vn 0.7496 -0.2238 -0.6229
vn 0.4798 0.8010 -0.3581
vn 0.7085 -0.3787 -0.5954
vn 0.5942 0.6617 -0.4573
vn 0.6436 -0.5369 -0.5455
vn 0.6749 0.5141 -0.5294
vn 0.5506 -0.6925 -0.4662
vn 0.7283 0.3658 -0.5794
vn 0.4264 -0.8305 -0.3585
vn 0.7601 0.2190 -0.6117
vn 0.2678 -0.9368 -0.2253
vn 0.7737 0.0732 -0.6293
vn 0.1500 0.9854 -0.0810
vn 0.0972 -0.9921 -0.0795
vn 0.6303 -0.6955 -0.3450
vn 0.8267 0.3651 -0.4282
vn 0.4859 -0.8321 -0.2675
vn 0.8640 0.2191 -0.4534
vn 0.3054 -0.9376 -0.1664
vn 0.8812 0.0732 -0.4671
vn 0.1660 0.9845 -0.0567
vn 0.1106 -0.9921 -0.0593
vn 0.8798 -0.0738 -0.4696
vn 0.3680 0.9148 -0.1664
vn 0.8588 -0.2243 -0.4605
vn 0.5415 0.7987 -0.2624
vn 0.8145 -0.3799 -0.4385
vn 0.6721 0.6597 -0.3363
vn 0.7407 -0.5388 -0.4013
vn 0.7648 0.5127 -0.3903
vn 0.3956 0.9132 -0.0975
vn 0.9326 -0.2247 -0.2823
vn 0.5835 0.7968 -0.1569
vn 0.8849 -0.3801 -0.2690
vn 0.7232 0.6593 -0.2055
vn 0.8054 -0.5391 -0.2463
vn 0.8236 0.5127 -0.2424
vn 0.6861 -0.6961 -0.2116
vn 0.8919 0.3653 -0.2665
vn 0.5274 -0.8338 -0.1633
vn 0.9345 0.2192 -0.2806
vn 0.3313 -0.9380 -0.1017
vn 0.9550 0.0733 -0.2874
vn 0.1769 0.9838 -0.0299
vn 0.1199 -0.9921 -0.0369
vn 0.9548 -0.0739 -0.2881
vn 0.9264 0.3656 -0.0896
vn 0.5483 -0.8346 -0.0532
vn 0.9712 0.2192 -0.0938
vn 0.3447 -0.9381 -0.0327
vn 0.9927 0.0733 -0.0959
vn 0.1813 0.9834 -0.0071
vn 0.1249 -0.9921 -0.0114
vn 0.9926 -0.0739 -0.0959
vn 0.4098 0.9118 -0.0264
vn 0.9699 -0.2247 -0.0938
vn 0.6014 0.7973 -0.0520
vn 0.9206 -0.3801 -0.0891
vn 0.7477 0.6602 -0.0719
vn 0.8382 -0.5392 -0.0813
vn 0.8541 0.5134 -0.0827
vn 0.7144 -0.6963 -0.0695
vn -0.3119 -0.8286 0.4648
vn 0.3119 -0.8286 -0.4648
vn -0.5904 -0.5528 0.5881
vn -0.7904 0.4455 0.4206
vt 0.250000 0.490000
vt 0.250000 0.250000
vt 0.296822 0.485388
vt 0.341844 0.471731
vt 0.383337 0.449553
vt 0.419706 0.419706
vt 0.449553 0.383337
vt 0.471731 0.341844
vt 0.485388 0.296822
vt 0.490000 0.250000
vt 0.485388 0.203178
vt 0.471731 0.158156
vt 0.449553 0.116663
vt 0.419706 0.080294
vt 0.383337 0.050447
vt 0.341844 0.028269
vt 0.296822 0.014612
vt 0.250000 0.010000
vt 0.203178 0.014612
vt 0.158156 0.028269
vt 0.116663 0.050447
vt 0.080294 0.080294
vt 0.050447 0.116663
vt 0.028269 0.158156
vt 0.014612 0.203178
vt 0.010000 0.250000
vt 0.014612 0.296822
vt 0.028269 0.341844
vt 0.050447 0.383337
vt 0.080294 0.419706
vt 0.116663 0.449553
vt 0.158156 0.471731
vt 0.750000 0.490000
vt 0.796822 0.485388
vt 0.841844 0.471731
vt 0.883337 0.449553
vt 0.919706 0.419706
vt 0.949553 0.383337
vt 0.971731 0.341844
vt 0.985388 0.296822
vt 0.990000 0.250000
vt 0.985388 0.203178
vt 0.971731 0.158156
vt 0.949553 0.116663
vt 0.919706 0.080294
vt 0.883337 0.050447
vt 0.841844 0.028269
vt 0.796822 0.014612
vt 0.750000 0.010000
vt 0.703178 0.014612
vt 0.658156 0.028269
vt 0.616663 0.050447
vt 0.580294 0.080294
vt 0.550447 0.116663
vt 0.528269 0.158156
vt 0.514612 0.203178
vt 0.510000 0.250000
vt 0.514612 0.296822
vt 0.528269 0.341844
vt 0.550447 0.383337
vt 0.580294 0.419706
vt 0.616663 0.449553
vt 0.658156 0.471731
vt 0.703178 0.485388
vt 0.203178 0.485388
vt 0.750000 0.375000
vt 0.750000 0.437500
vt 0.718750 0.437500
vt 0.718750 0.375000
vt 0.750000 0.812500
vt 0.750000 0.875000
vt 0.718750 0.875000
vt 0.718750 0.812500
vt 0.750000 0.312500
vt 0.718750 0.312500
vt 0.750000 0.750000
vt 0.718750 0.750000
vt 0.750000 0.250000
vt 0.718750 0.250000
vt 0.750000 0.687500
vt 0.718750 0.687500
vt 0.750000 0.187500
vt 0.718750 0.187500
vt 0.750000 0.625000
vt 0.718750 0.625000
vt 0.750000 0.125000
vt 0.718750 0.125000
vt 0.750000 0.562500
vt 0.718750 0.562500
vt 0.750000 0.062500
vt 0.718750 0.062500
vt 0.750000 0.500000
vt 0.718750 0.500000
vt 0.750000 0.937500
vt 0.734375 1.000000
vt 0.718750 0.937500
vt 0.734375 0.000000
vt 0.703125 0.000000
vt 0.687500 0.062500
vt 0.687500 0.500000
vt 0.687500 0.437500
vt 0.687500 0.937500
vt 0.687500 0.875000
vt 0.687500 0.375000
vt 0.687500 0.812500
vt 0.687500 0.312500
vt 0.687500 0.750000
vt 0.687500 0.250000
vt 0.687500 0.687500
vt 0.687500 0.187500
vt 0.687500 0.625000
vt 0.687500 0.125000
vt 0.687500 0.562500
vt 0.703125 1.000000
vt 0.656250 0.250000
vt 0.656250 0.187500
vt 0.656250 0.687500
vt 0.656250 0.625000
vt 0.656250 0.125000
vt 0.656250 0.562500
vt 0.656250 0.062500
vt 0.656250 0.500000
vt 0.671875 1.000000
vt 0.656250 0.937500
vt 0.671875 0.000000
vt 0.656250 0.437500
vt 0.656250 0.875000
vt 0.656250 0.375000
vt 0.656250 0.812500
vt 0.656250 0.312500
vt 0.656250 0.750000
vt 0.625000 0.937500
vt 0.625000 0.875000
vt 0.625000 0.437500
vt 0.625000 0.375000
vt 0.625000 0.812500
vt 0.625000 0.312500
vt 0.625000 0.750000
vt 0.625000 0.250000
vt 0.625000 0.687500
vt 0.625000 0.187500
vt 0.625000 0.625000
vt 0.625000 0.125000
vt 0.625000 0.562500
vt 0.625000 0.062500
vt 0.625000 0.500000
vt 0.640625 1.000000
vt 0.640625 0.000000
vt 0.593750 0.687500
vt 0.593750 0.625000
vt 0.593750 0.187500
vt 0.593750 0.125000
vt 0.593750 0.562500
vt 0.593750 0.062500
vt 0.593750 0.500000
vt 0.609375 1.000000
vt 0.593750 0.937500
vt 0.609375 0.000000
vt 0.593750 0.437500
vt 0.593750 0.875000
vt 0.593750 0.375000
vt 0.593750 0.812500
vt 0.593750 0.312500
vt 0.593750 0.750000
vt 0.593750 0.250000
vt 0.562500 0.437500
vt 0.562500 0.375000
vt 0.562500 0.875000
vt 0.562500 0.812500
vt 0.562500 0.312500
vt 0.562500 0.750000
vt 0.562500 0.250000
vt 0.562500 0.687500
vt 0.562500 0.187500
vt 0.562500 0.625000
vt 0.562500 0.125000
vt 0.562500 0.562500
vt 0.562500 0.062500
vt 0.562500 0.500000
vt 0.578125 1.000000
vt 0.562500 0.937500
vt 0.578125 0.000000
vt 0.531250 0.187500
vt 0.531250 0.125000
vt 0.531250 0.625000
vt 0.531250 0.562500
vt 0.531250 0.062500
vt 0.531250 0.500000
vt 0.546875 1.000000
vt 0.531250 0.937500
vt 0.546875 0.000000
vt 0.531250 0.437500
vt 0.531250 0.875000
vt 0.531250 0.375000
vt 0.531250 0.812500
vt 0.531250 0.312500
vt 0.531250 0.750000
vt 0.531250 0.250000
vt 0.531250 0.687500
vt 0.500000 0.875000
vt 0.500000 0.812500
vt 0.500000 0.375000
vt 0.500000 0.312500
vt 0.500000 0.750000
vt 0.500000 0.250000
vt 0.500000 0.687500
vt 0.500000 0.187500
vt 0.500000 0.625000
vt 0.500000 0.125000
vt 0.500000 0.562500
vt 0.500000 0.062500
vt 0.500000 0.500000
vt 0.515625 1.000000
vt 0.500000 0.937500
vt 0.515625 0.000000
vt 0.500000 0.437500
vt 0.468750 0.625000
vt 0.468750 0.562500
vt 0.468750 0.125000
vt 0.468750 0.062500
vt 0.468750 0.500000
vt 0.484375 1.000000
vt 0.468750 0.937500
vt 0.484375 0.000000
vt 0.468750 0.437500
vt 0.468750 0.875000
vt 0.468750 0.375000
vt 0.468750 0.812500
vt 0.468750 0.312500
vt 0.468750 0.750000
vt 0.468750 0.250000
vt 0.468750 0.687500
vt 0.468750 0.187500
vt 0.437500 0.375000
vt 0.437500 0.312500
vt 0.437500 0.812500
vt 0.437500 0.750000
vt 0.437500 0.250000
vt 0.437500 0.687500
vt 0.437500 0.187500
vt 0.437500 0.625000
vt 0.437500 0.125000
vt 0.437500 0.562500
vt 0.437500 0.062500
vt 0.437500 0.500000
vt 0.453125 1.000000
vt 0.437500 0.937500
vt 0.453125 0.000000
vt 0.437500 0.437500
vt 0.437500 0.875000
vt 0.406250 0.125000
vt 0.406250 0.062500
vt 0.406250 0.562500
vt 0.406250 0.500000
vt 0.421875 1.000000
vt 0.406250 0.937500
vt 0.421875 0.000000
vt 0.406250 0.437500
vt 0.406250 0.875000
vt 0.406250 0.375000
vt 0.406250 0.812500
vt 0.406250 0.312500
vt 0.406250 0.750000
vt 0.406250 0.250000
vt 0.406250 0.687500
vt 0.406250 0.187500
vt 0.406250 0.625000
vt 0.375000 0.312500
vt 0.375000 0.250000
vt 0.375000 0.750000
vt 0.375000 0.687500
vt 0.375000 0.187500
vt 0.375000 0.625000
vt 0.375000 0.125000
vt 0.375000 0.562500
vt 0.375000 0.062500
vt 0.375000 0.500000
vt 0.390625 1.000000
vt 0.375000 0.937500
vt 0.390625 0.000000
vt 0.375000 0.437500
vt 0.375000 0.875000
vt 0.375000 0.375000
vt 0.375000 0.812500
vt 0.359375 1.000000
vt 0.343750 0.937500
vt 0.359375 0.000000
vt 0.343750 0.062500
vt 0.343750 0.500000
vt 0.343750 0.437500
vt 0.343750 0.875000
vt 0.343750 0.375000
vt 0.343750 0.812500
vt 0.343750 0.312500
vt 0.343750 0.750000
vt 0.343750 0.250000
vt 0.343750 0.687500
vt 0.343750 0.187500
vt 0.343750 0.625000
vt 0.343750 0.125000
vt 0.343750 0.562500
vt 0.312500 0.750000
vt 0.312500 0.687500
vt 0.312500 0.250000
vt 0.312500 0.187500
vt 0.312500 0.625000
vt 0.312500 0.125000
vt 0.312500 0.562500
vt 0.312500 0.062500
vt 0.312500 0.500000
vt 0.328125 1.000000
vt 0.312500 0.937500
vt 0.328125 0.000000
vt 0.312500 0.437500
vt 0.312500 0.875000
vt 0.312500 0.375000
vt 0.312500 0.812500
vt 0.312500 0.312500
vt 0.281250 0.500000
vt 0.281250 0.437500
vt 0.281250 0.937500
vt 0.281250 0.875000
vt 0.281250 0.375000
vt 0.281250 0.812500
vt 0.281250 0.312500
vt 0.281250 0.750000
vt 0.281250 0.250000
vt 0.281250 0.687500
vt 0.281250 0.187500
vt 0.281250 0.625000
vt 0.281250 0.125000
vt 0.281250 0.562500
vt 0.281250 0.062500
vt 0.296875 1.000000
vt 0.296875 0.000000
vt 0.250000 0.187500
vt 0.250000 0.687500
vt 0.250000 0.625000
vt 0.250000 0.125000
vt 0.250000 0.562500
vt 0.250000 0.062500
vt 0.250000 0.500000
vt 0.265625 1.000000
vt 0.250000 0.937500
vt 0.265625 0.000000
vt 0.250000 0.437500
vt 0.250000 0.875000
vt 0.250000 0.375000
vt 0.250000 0.812500
vt 0.250000 0.312500
vt 0.250000 0.750000
vt 0.218750 0.937500
vt 0.218750 0.875000
vt 0.218750 0.437500
vt 0.218750 0.375000
vt 0.218750 0.812500
vt 0.218750 0.312500
vt 0.218750 0.750000
vt 0.218750 0.250000
vt 0.218750 0.687500
vt 0.218750 0.187500
vt 0.218750 0.625000
vt 0.218750 0.125000
vt 0.218750 0.562500
vt 0.218750 0.062500
vt 0.218750 0.500000
vt 0.234375 1.000000
vt 0.234375 0.000000
vt 0.187500 0.687500
vt 0.187500 0.625000
vt 0.187500 0.187500
vt 0.187500 0.125000
vt 0.187500 0.562500
vt 0.187500 0.062500
vt 0.187500 0.500000
vt 0.203125 1.000000
vt 0.187500 0.937500
vt 0.203125 0.000000
vt 0.187500 0.437500
vt 0.187500 0.875000
vt 0.187500 0.375000
vt 0.187500 0.812500
vt 0.187500 0.312500
vt 0.187500 0.750000
vt 0.187500 0.250000
vt 0.156250 0.437500
vt 0.156250 0.375000
vt 0.156250 0.875000
vt 0.156250 0.812500
vt 0.156250 0.312500
vt 0.156250 0.750000
vt 0.156250 0.250000
vt 0.156250 0.687500
vt 0.156250 0.187500
vt 0.156250 0.625000
vt 0.156250 0.125000
vt 0.156250 0.562500
vt 0.156250 0.062500
vt 0.156250 0.500000
vt 0.171875 1.000000
vt 0.156250 0.937500
vt 0.171875 0.000000
vt 0.125000 0.187500
vt 0.125000 0.125000
vt 0.125000 0.625000
vt 0.125000 0.562500
vt 0.125000 0.062500
vt 0.125000 0.500000
vt 0.140625 1.000000
vt 0.125000 0.937500
vt 0.140625 0.000000
vt 0.125000 0.437500
vt 0.125000 0.875000
vt 0.125000 0.375000
vt 0.125000 0.812500
vt 0.125000 0.312500
vt 0.125000 0.750000
vt 0.125000 0.250000
vt 0.125000 0.687500
vt 0.093750 0.375000
vt 0.093750 0.312500
vt 0.093750 0.812500
vt 0.093750 0.750000
vt 0.093750 0.250000
vt 0.093750 0.687500
vt 0.093750 0.187500
vt 0.093750 0.625000
vt 0.093750 0.125000
vt 0.093750 0.562500
vt 0.093750 0.062500
vt 0.093750 0.500000
vt 0.109375 1.000000
vt 0.093750 0.937500
vt 0.109375 0.000000
vt 0.093750 0.437500
vt 0.093750 0.875000
vt 0.062500 0.125000
vt 0.062500 0.062500
vt 0.062500 0.562500
vt 0.062500 0.500000
vt 0.078125 1.000000
vt 0.062500 0.937500
vt 0.078125 0.000000
vt 0.062500 0.437500
vt 0.062500 0.875000
vt 0.062500 0.375000
vt 0.062500 0.812500
vt 0.062500 0.312500
vt 0.062500 0.750000
vt 0.062500 0.250000
vt 0.062500 0.687500
vt 0.062500 0.187500
vt 0.062500 0.625000
vt 0.031250 0.812500
vt 0.031250 0.750000
vt 0.031250 0.312500
vt 0.031250 0.250000
vt 0.031250 0.687500
vt 0.031250 0.187500
vt 0.031250 0.625000
vt 0.031250 0.125000
vt 0.031250 0.562500
vt 0.031250 0.062500
vt 0.031250 0.500000
vt 0.046875 1.000000
vt 0.031250 0.937500
vt 0.046875 0.000000
vt 0.031250 0.437500
vt 0.031250 0.875000
vt 0.031250 0.375000
vt 0.000000 0.562500
vt 0.000000 0.500000
vt 0.015625 1.000000
vt 0.000000 0.937500
vt 0.015625 0.000000
vt 0.000000 0.062500
vt 0.000000 0.437500
vt 0.000000 0.875000
vt 0.000000 0.375000
vt 0.000000 0.812500
vt 0.000000 0.312500
vt 0.000000 0.750000
vt 0.000000 0.250000
vt 0.000000 0.687500
vt 0.000000 0.187500
vt 0.000000 0.625000
vt 0.000000 0.125000
vt 1.000000 0.250000
vt 1.000000 0.312500
vt 0.968750 0.312500
vt 0.968750 0.250000
vt 1.000000 0.687500
vt 1.000000 0.750000
vt 0.968750 0.750000
vt 0.968750 0.687500
vt 1.000000 0.187500
vt 0.968750 0.187500
vt 1.000000 0.625000
vt 0.968750 0.625000
vt 1.000000 0.125000
vt 0.968750 0.125000
vt 1.000000 0.562500
vt 0.968750 0.562500
vt 1.000000 0.062500
vt 0.968750 0.062500
vt 1.000000 0.500000
vt 0.968750 0.500000
vt 1.000000 0.937500
vt 0.984375 1.000000
vt 0.968750 0.937500
vt 0.984375 0.000000
vt 1.000000 0.437500
vt 0.968750 0.437500
vt 1.000000 0.875000
vt 0.968750 0.875000
vt 1.000000 0.375000
vt 0.968750 0.375000
vt 1.000000 0.812500
vt 0.968750 0.812500
vt 0.953125 1.000000
vt 0.937500 0.937500
vt 0.953125 0.000000
vt 0.937500 0.062500
vt 0.937500 0.500000
vt 0.937500 0.437500
vt 0.937500 0.875000
vt 0.937500 0.375000
vt 0.937500 0.812500
vt 0.937500 0.312500
vt 0.937500 0.750000
vt 0.937500 0.250000
vt 0.937500 0.687500
vt 0.937500 0.187500
vt 0.937500 0.625000
vt 0.937500 0.125000
vt 0.937500 0.562500
vt 0.906250 0.750000
vt 0.906250 0.687500
vt 0.906250 0.250000
vt 0.906250 0.187500
vt 0.906250 0.625000
vt 0.906250 0.125000
vt 0.906250 0.562500
vt 0.906250 0.062500
vt 0.906250 0.500000
vt 0.921875 1.000000
vt 0.906250 0.937500
vt 0.921875 0.000000
vt 0.906250 0.437500
vt 0.906250 0.875000
vt 0.906250 0.375000
vt 0.906250 0.812500
vt 0.906250 0.312500
vt 0.875000 0.500000
vt 0.875000 0.437500
vt 0.875000 0.937500
vt 0.875000 0.875000
vt 0.875000 0.375000
vt 0.875000 0.812500
vt 0.875000 0.312500
vt 0.875000 0.750000
vt 0.875000 0.250000
vt 0.875000 0.687500
vt 0.875000 0.187500
vt 0.875000 0.625000
vt 0.875000 0.125000
vt 0.875000 0.562500
vt 0.875000 0.062500
vt 0.890625 1.000000
vt 0.890625 0.000000
vt 0.843750 0.250000
vt 0.843750 0.187500
vt 0.843750 0.687500
vt 0.843750 0.625000
vt 0.843750 0.125000
vt 0.843750 0.562500
vt 0.843750 0.062500
vt 0.843750 0.500000
vt 0.859375 1.000000
vt 0.843750 0.937500
vt 0.859375 0.000000
vt 0.843750 0.437500
vt 0.843750 0.875000
vt 0.843750 0.375000
vt 0.843750 0.812500
vt 0.843750 0.312500
vt 0.843750 0.750000
vt 0.812500 0.437500
vt 0.812500 0.375000
vt 0.812500 0.875000
vt 0.812500 0.812500
vt 0.812500 0.312500
vt 0.812500 0.750000
vt 0.812500 0.250000
vt 0.812500 0.687500
vt 0.812500 0.187500
vt 0.812500 0.625000
vt 0.812500 0.125000
vt 0.812500 0.562500
vt 0.812500 0.062500
vt 0.812500 0.500000
vt 0.828125 1.000000
vt 0.812500 0.937500
vt 0.828125 0.000000
vt 0.781250 0.187500
vt 0.781250 0.125000
vt 0.781250 0.625000
vt 0.781250 0.562500
vt 0.781250 0.062500
vt 0.781250 0.500000
vt 0.796875 1.000000
vt 0.781250 0.937500
vt 0.796875 0.000000
vt 0.781250 0.437500
vt 0.781250 0.875000
vt 0.781250 0.375000
vt 0.781250 0.812500
vt 0.781250 0.312500
vt 0.781250 0.750000
vt 0.781250 0.250000
vt 0.781250 0.687500
vt 0.765625 1.000000
vt 0.765625 0.000000
vt 0.375000 0.000000
vt 0.625000 0.000000
vt 0.375000 0.500000
vt 0.625000 1.000000
vt 0.375000 1.000000
vt 0.125000 0.500000
vt 0.875000 0.500000
vt 0.875000 0.750000
s 0
usemtl oeil.001
f 1/1/1 33/2/1 2/3/1
f 2/3/2 33/2/2 3/4/2
f 3/4/3 33/2/3 4/5/3
f 4/5/4 33/2/4 5/6/4
f 5/6/5 33/2/5 6/7/5
f 6/7/6 33/2/6 7/8/6
f 7/8/7 33/2/7 8/9/7
f 8/9/8 33/2/8 9/10/8
f 9/10/9 33/2/9 10/11/9
f 10/11/10 33/2/10 11/12/10
f 11/12/11 33/2/11 12/13/11
f 12/13/12 33/2/12 13/14/12
f 13/14/13 33/2/13 14/15/13
f 14/15/14 33/2/14 15/16/14
f 15/16/15 33/2/15 16/17/15
f 16/17/16 33/2/16 17/18/16
f 17/18/17 33/2/17 18/19/17
f 18/19/18 33/2/18 19/20/18
f 19/20/19 33/2/19 20/21/19
f 20/21/20 33/2/20 21/22/20
f 21/22/21 33/2/21 22/23/21
f 22/23/22 33/2/22 23/24/22
f 23/24/23 33/2/23 24/25/23
f 24/25/24 33/2/24 25/26/24
f 25/26/25 33/2/25 26/27/25
f 26/27/26 33/2/26 27/28/26
f 27/28/27 33/2/27 28/29/27
f 28/29/28 33/2/28 29/30/28
f 29/30/29 33/2/29 30/31/29
f 30/31/30 33/2/30 31/32/30
f 1/33/31 2/34/31 3/35/31 4/36/31 5/37/31 6/38/31 7/39/31 8/40/31 9/41/31 10/42/31 11/43/31 12/44/31 13/45/31 14/46/31 15/47/31 16/48/31 17/49/31 18/50/31 19/51/31 20/52/31 21/53/31 22/54/31 23/55/31 24/56/31 25/57/31 26/58/31 27/59/31 28/60/31 29/61/31 30/62/31 31/63/31 32/64/31
f 31/32/32 33/2/32 32/65/32
f 32/65/33 33/2/33 1/1/33
s 1
usemtl bidou
f 511/66/34 38/67/35 48/68/36 49/69/37
f 34/70/38 508/71/39 41/72/40 42/73/41
f 39/74/42 511/66/34 49/69/37 50/75/43
f 509/76/44 34/70/38 42/73/41 43/77/45
f 512/78/46 39/74/42 50/75/43 51/79/47
f 35/80/48 509/76/44 43/77/45 44/81/49
f 513/82/50 512/78/46 51/79/47 52/83/51
f 510/84/52 35/80/48 44/81/49 45/85/53
f 514/86/54 513/82/50 52/83/51 53/87/55
f 36/88/56 510/84/52 45/85/53 46/89/57
f 515/90/58 514/86/54 53/87/55 54/91/59
f 37/92/60 36/88/56 46/89/57 47/93/61
f 507/94/62 115/95/63 40/96/64
f 341/97/31 515/90/58 54/91/59
f 38/67/35 37/92/60 47/93/61 48/68/36
f 508/71/39 507/94/62 40/96/64 41/72/40
f 341/98/31 54/91/59 69/99/65
f 48/68/36 47/93/61 62/100/66 63/101/67
f 41/72/40 40/96/64 55/102/68 56/103/69
f 49/69/37 48/68/36 63/101/67 64/104/70
f 42/73/41 41/72/40 56/103/69 57/105/71
f 50/75/43 49/69/37 64/104/70 65/106/72
f 43/77/45 42/73/41 57/105/71 58/107/73
f 51/79/47 50/75/43 65/106/72 66/108/74
f 44/81/49 43/77/45 58/107/73 59/109/75
f 52/83/51 51/79/47 66/108/74 67/110/76
f 45/85/53 44/81/49 59/109/75 60/111/77
f 53/87/55 52/83/51 67/110/76 68/112/78
f 46/89/57 45/85/53 60/111/77 61/113/79
f 54/91/59 53/87/55 68/112/78 69/99/65
f 47/93/61 46/89/57 61/113/79 62/100/66
f 40/96/64 115/114/63 55/102/68
f 67/110/76 66/108/74 81/115/80 82/116/81
f 60/111/77 59/109/75 74/117/82 75/118/83
f 68/112/78 67/110/76 82/116/81 83/119/84
f 61/113/79 60/111/77 75/118/83 76/120/85
f 69/99/65 68/112/78 83/119/84 84/121/86
f 62/100/66 61/113/79 76/120/85 77/122/87
f 55/102/68 115/123/63 70/124/88
f 341/125/31 69/99/65 84/121/86
f 63/101/67 62/100/66 77/122/87 78/126/89
f 56/103/69 55/102/68 70/124/88 71/127/90
f 64/104/70 63/101/67 78/126/89 79/128/91
f 57/105/71 56/103/69 71/127/90 72/129/92
f 65/106/72 64/104/70 79/128/91 80/130/93
f 58/107/73 57/105/71 72/129/92 73/131/94
f 66/108/74 65/106/72 80/130/93 81/115/80
f 59/109/75 58/107/73 73/131/94 74/117/82
f 71/127/90 70/124/88 85/132/95 86/133/96
f 79/128/91 78/126/89 93/134/97 94/135/98
f 72/129/92 71/127/90 86/133/96 87/136/99
f 80/130/93 79/128/91 94/135/98 95/137/100
f 73/131/94 72/129/92 87/136/99 88/138/101
f 81/115/80 80/130/93 95/137/100 96/139/102
f 74/117/82 73/131/94 88/138/101 89/140/103
f 82/116/81 81/115/80 96/139/102 97/141/104
f 75/118/83 74/117/82 89/140/103 90/142/105
f 83/119/84 82/116/81 97/141/104 98/143/106
f 76/120/85 75/118/83 90/142/105 91/144/107
f 84/121/86 83/119/84 98/143/106 99/145/108
f 77/122/87 76/120/85 91/144/107 92/146/109
f 70/124/88 115/147/63 85/132/95
f 341/148/31 84/121/86 99/145/108
f 78/126/89 77/122/87 92/146/109 93/134/97
f 90/142/105 89/140/103 104/149/110 105/150/111
f 98/143/106 97/141/104 112/151/112 113/152/113
f 91/144/107 90/142/105 105/150/111 106/153/114
f 99/145/108 98/143/106 113/152/113 114/154/115
f 92/146/109 91/144/107 106/153/114 107/155/116
f 85/132/95 115/156/63 100/157/117
f 341/158/31 99/145/108 114/154/115
f 93/134/97 92/146/109 107/155/116 108/159/118
f 86/133/96 85/132/95 100/157/117 101/160/119
f 94/135/98 93/134/97 108/159/118 109/161/120
f 87/136/99 86/133/96 101/160/119 102/162/121
f 95/137/100 94/135/98 109/161/120 110/163/122
f 88/138/101 87/136/99 102/162/121 103/164/123
f 96/139/102 95/137/100 110/163/122 111/165/124
f 89/140/103 88/138/101 103/164/123 104/149/110
f 97/141/104 96/139/102 111/165/124 112/151/112
f 109/161/120 108/159/118 124/166/125 125/167/126
f 102/162/121 101/160/119 117/168/127 118/169/128
f 110/163/122 109/161/120 125/167/126 126/170/129
f 103/164/123 102/162/121 118/169/128 119/171/130
f 111/165/124 110/163/122 126/170/129 127/172/131
f 104/149/110 103/164/123 119/171/130 120/173/132
f 112/151/112 111/165/124 127/172/131 128/174/133
f 105/150/111 104/149/110 120/173/132 121/175/134
f 113/152/113 112/151/112 128/174/133 129/176/135
f 106/153/114 105/150/111 121/175/134 122/177/136
f 114/154/115 113/152/113 129/176/135 130/178/137
f 107/155/116 106/153/114 122/177/136 123/179/138
f 100/157/117 115/180/63 116/181/139
f 341/182/31 114/154/115 130/178/137
f 108/159/118 107/155/116 123/179/138 124/166/125
f 101/160/119 100/157/117 116/181/139 117/168/127
f 129/176/135 128/174/133 143/183/140 144/184/141
f 122/177/136 121/175/134 136/185/142 137/186/143
f 130/178/137 129/176/135 144/184/141 145/187/144
f 123/179/138 122/177/136 137/186/143 138/188/145
f 116/181/139 115/189/63 131/190/146
f 341/191/31 130/178/137 145/187/144
f 124/166/125 123/179/138 138/188/145 139/192/147
f 117/168/127 116/181/139 131/190/146 132/193/148
f 125/167/126 124/166/125 139/192/147 140/194/149
f 118/169/128 117/168/127 132/193/148 133/195/150
f 126/170/129 125/167/126 140/194/149 141/196/151
f 119/171/130 118/169/128 133/195/150 134/197/152
f 127/172/131 126/170/129 141/196/151 142/198/153
f 120/173/132 119/171/130 134/197/152 135/199/154
f 128/174/133 127/172/131 142/198/153 143/183/140
f 121/175/134 120/173/132 135/199/154 136/185/142
f 133/195/150 132/193/148 147/200/155 148/201/156
f 141/196/151 140/194/149 155/202/157 156/203/158
f 134/197/152 133/195/150 148/201/156 149/204/159
f 142/198/153 141/196/151 156/203/158 157/205/160
f 135/199/154 134/197/152 149/204/159 150/206/161
f 143/183/140 142/198/153 157/205/160 158/207/162
f 136/185/142 135/199/154 150/206/161 151/208/163
f 144/184/141 143/183/140 158/207/162 159/209/164
f 137/186/143 136/185/142 151/208/163 152/210/165
f 145/187/144 144/184/141 159/209/164 160/211/166
f 138/188/145 137/186/143 152/210/165 153/212/167
f 131/190/146 115/213/63 146/214/168
f 341/215/31 145/187/144 160/211/166
f 139/192/147 138/188/145 153/212/167 154/216/169
f 132/193/148 131/190/146 146/214/168 147/200/155
f 140/194/149 139/192/147 154/216/169 155/202/157
f 152/210/165 151/208/163 166/217/170 167/218/171
f 160/211/166 159/209/164 174/219/172 175/220/173
f 153/212/167 152/210/165 167/218/171 168/221/174
f 146/214/168 115/222/63 161/223/175
f 341/224/31 160/211/166 175/220/173
f 154/216/169 153/212/167 168/221/174 169/225/176
f 147/200/155 146/214/168 161/223/175 162/226/177
f 155/202/157 154/216/169 169/225/176 170/227/178
f 148/201/156 147/200/155 162/226/177 163/228/179
f 156/203/158 155/202/157 170/227/178 171/229/180
f 149/204/159 148/201/156 163/228/179 164/230/181
f 157/205/160 156/203/158 171/229/180 172/231/182
f 150/206/161 149/204/159 164/230/181 165/232/183
f 158/207/162 157/205/160 172/231/182 173/233/184
f 151/208/163 150/206/161 165/232/183 166/217/170
f 159/209/164 158/207/162 173/233/184 174/219/172
f 171/229/180 170/227/178 185/234/185 186/235/186
f 164/230/181 163/228/179 178/236/187 179/237/188
f 172/231/182 171/229/180 186/235/186 187/238/189
f 165/232/183 164/230/181 179/237/188 180/239/190
f 173/233/184 172/231/182 187/238/189 188/240/191
f 166/217/170 165/232/183 180/239/190 181/241/192
f 174/219/172 173/233/184 188/240/191 189/242/193
f 167/218/171 166/217/170 181/241/192 182/243/194
f 175/220/173 174/219/172 189/242/193 190/244/195
f 168/221/174 167/218/171 182/243/194 183/245/196
f 161/223/175 115/246/63 176/247/197
f 341/248/31 175/220/173 190/244/195
f 169/225/176 168/221/174 183/245/196 184/249/198
f 162/226/177 161/223/175 176/247/197 177/250/199
f 170/227/178 169/225/176 184/249/198 185/234/185
f 163/228/179 162/226/177 177/250/199 178/236/187
f 190/244/195 189/242/193 204/251/200 205/252/201
f 183/245/196 182/243/194 197/253/202 198/254/203
f 176/247/197 115/255/63 191/256/204
f 341/257/31 190/244/195 205/252/201
f 184/249/198 183/245/196 198/254/203 199/258/205
f 177/250/199 176/247/197 191/256/204 192/259/206
f 185/234/185 184/249/198 199/258/205 200/260/207
f 178/236/187 177/250/199 192/259/206 193/261/208
f 186/235/186 185/234/185 200/260/207 201/262/209
f 179/237/188 178/236/187 193/261/208 194/263/210
f 187/238/189 186/235/186 201/262/209 202/264/211
f 180/239/190 179/237/188 194/263/210 195/265/212
f 188/240/191 187/238/189 202/264/211 203/266/213
f 181/241/192 180/239/190 195/265/212 196/267/214
f 189/242/193 188/240/191 203/266/213 204/251/200
f 182/243/194 181/241/192 196/267/214 197/253/202
f 202/264/211 201/262/209 216/268/215 217/269/216
f 195/265/212 194/263/210 209/270/217 210/271/218
f 203/266/213 202/264/211 217/269/216 218/272/219
f 196/267/214 195/265/212 210/271/218 211/273/220
f 204/251/200 203/266/213 218/272/219 219/274/221
f 197/253/202 196/267/214 211/273/220 212/275/222
f 205/252/201 204/251/200 219/274/221 220/276/223
f 198/254/203 197/253/202 212/275/222 213/277/224
f 191/256/204 115/278/63 206/279/225
f 341/280/31 205/252/201 220/276/223
f 199/258/205 198/254/203 213/277/224 214/281/226
f 192/259/206 191/256/204 206/279/225 207/282/227
f 200/260/207 199/258/205 214/281/226 215/283/228
f 193/261/208 192/259/206 207/282/227 208/284/229
f 201/262/209 200/260/207 215/283/228 216/268/215
f 194/263/210 193/261/208 208/284/229 209/270/217
f 206/279/225 115/285/63 221/286/230
f 341/287/31 220/276/223 235/288/231
f 214/281/226 213/277/224 228/289/232 229/290/233
f 207/282/227 206/279/225 221/286/230 222/291/234
f 215/283/228 214/281/226 229/290/233 230/292/235
f 208/284/229 207/282/227 222/291/234 223/293/236
f 216/268/215 215/283/228 230/292/235 231/294/237
f 209/270/217 208/284/229 223/293/236 224/295/238
f 217/269/216 216/268/215 231/294/237 232/296/239
f 210/271/218 209/270/217 224/295/238 225/297/240
f 218/272/219 217/269/216 232/296/239 233/298/241
f 211/273/220 210/271/218 225/297/240 226/299/242
f 219/274/221 218/272/219 233/298/241 234/300/243
f 212/275/222 211/273/220 226/299/242 227/301/244
f 220/276/223 219/274/221 234/300/243 235/288/231
f 213/277/224 212/275/222 227/301/244 228/289/232
f 225/297/240 224/295/238 239/302/245 240/303/246
f 233/298/241 232/296/239 247/304/247 248/305/248
f 226/299/242 225/297/240 240/303/246 241/306/249
f 234/300/243 233/298/241 248/305/248 249/307/250
f 227/301/244 226/299/242 241/306/249 242/308/251
f 235/288/231 234/300/243 249/307/250 250/309/252
f 228/289/232 227/301/244 242/308/251 243/310/253
f 221/286/230 115/311/63 236/312/254
f 341/313/31 235/288/231 250/309/252
f 229/290/233 228/289/232 243/310/253 244/314/255
f 222/291/234 221/286/230 236/312/254 237/315/256
f 230/292/235 229/290/233 244/314/255 245/316/257
f 223/293/236 222/291/234 237/315/256 238/317/258
f 231/294/237 230/292/235 245/316/257 246/318/259
f 224/295/238 223/293/236 238/317/258 239/302/245
f 232/296/239 231/294/237 246/318/259 247/304/247
f 244/314/255 243/310/253 258/319/260 259/320/261
f 237/315/256 236/312/254 251/321/262 252/322/263
f 245/316/257 244/314/255 259/320/261 260/323/264
f 238/317/258 237/315/256 252/322/263 253/324/265
f 246/318/259 245/316/257 260/323/264 261/325/266
f 239/302/245 238/317/258 253/324/265 254/326/267
f 247/304/247 246/318/259 261/325/266 262/327/268
f 240/303/246 239/302/245 254/326/267 255/328/269
f 248/305/248 247/304/247 262/327/268 263/329/270
f 241/306/249 240/303/246 255/328/269 256/330/271
f 249/307/250 248/305/248 263/329/270 264/331/272
f 242/308/251 241/306/249 256/330/271 257/332/273
f 250/309/252 249/307/250 264/331/272 265/333/274
f 243/310/253 242/308/251 257/332/273 258/319/260
f 236/312/254 115/334/63 251/321/262
f 341/335/31 250/309/252 265/333/274
f 263/329/270 262/327/268 277/2/275 278/336/276
f 256/330/271 255/328/269 270/337/277 271/338/278
f 264/331/272 263/329/270 278/336/276 279/339/279
f 257/332/273 256/330/271 271/338/278 272/340/280
f 265/333/274 264/331/272 279/339/279 280/341/281
f 258/319/260 257/332/273 272/340/280 273/342/282
f 251/321/262 115/343/63 266/344/283
f 341/345/31 265/333/274 280/341/281
f 259/320/261 258/319/260 273/342/282 274/346/284
f 252/322/263 251/321/262 266/344/283 267/347/285
f 260/323/264 259/320/261 274/346/284 275/348/286
f 253/324/265 252/322/263 267/347/285 268/349/287
f 261/325/266 260/323/264 275/348/286 276/350/288
f 254/326/267 253/324/265 268/349/287 269/351/289
f 262/327/268 261/325/266 276/350/288 277/2/275
f 255/328/269 254/326/267 269/351/289 270/337/277
f 267/347/285 266/344/283 281/352/290 282/353/291
f 275/348/286 274/346/284 289/354/292 290/355/293
f 268/349/287 267/347/285 282/353/291 283/356/294
f 276/350/288 275/348/286 290/355/293 291/357/295
f 269/351/289 268/349/287 283/356/294 284/358/296
f 277/2/275 276/350/288 291/357/295 292/359/297
f 270/337/277 269/351/289 284/358/296 285/360/298
f 278/336/276 277/2/275 292/359/297 293/361/299
f 271/338/278 270/337/277 285/360/298 286/362/300
f 279/339/279 278/336/276 293/361/299 294/363/301
f 272/340/280 271/338/278 286/362/300 287/364/302
f 280/341/281 279/339/279 294/363/301 295/365/303
f 273/342/282 272/340/280 287/364/302 288/366/304
f 266/344/283 115/367/63 281/352/290
f 341/368/31 280/341/281 295/365/303
f 274/346/284 273/342/282 288/366/304 289/354/292
f 286/362/300 285/360/298 300/369/305 301/370/306
f 294/363/301 293/361/299 308/371/307 309/372/308
f 287/364/302 286/362/300 301/370/306 302/373/309
f 295/365/303 294/363/301 309/372/308 310/374/310
f 288/366/304 287/364/302 302/373/309 303/375/311
f 281/352/290 115/376/63 296/377/312
f 341/378/31 295/365/303 310/374/310
f 289/354/292 288/366/304 303/375/311 304/379/313
f 282/353/291 281/352/290 296/377/312 297/380/314
f 290/355/293 289/354/292 304/379/313 305/381/315
f 283/356/294 282/353/291 297/380/314 298/382/316
f 291/357/295 290/355/293 305/381/315 306/383/317
f 284/358/296 283/356/294 298/382/316 299/384/318
f 292/359/297 291/357/295 306/383/317 307/385/319
f 285/360/298 284/358/296 299/384/318 300/369/305
f 293/361/299 292/359/297 307/385/319 308/371/307
f 305/381/315 304/379/313 319/386/320 320/387/321
f 298/382/316 297/380/314 312/388/322 313/389/323
f 306/383/317 305/381/315 320/387/321 321/390/324
f 299/384/318 298/382/316 313/389/323 314/391/325
f 307/385/319 306/383/317 321/390/324 322/392/326
f 300/369/305 299/384/318 314/391/325 315/393/327
f 308/371/307 307/385/319 322/392/326 323/394/328
f 301/370/306 300/369/305 315/393/327 316/395/329
f 309/372/308 308/371/307 323/394/328 324/396/330
f 302/373/309 301/370/306 316/395/329 317/397/331
f 310/374/310 309/372/308 324/396/330 325/398/332
f 303/375/311 302/373/309 317/397/331 318/399/333
f 296/377/312 115/400/63 311/401/334
f 341/402/31 310/374/310 325/398/332
f 304/379/313 303/375/311 318/399/333 319/386/320
f 297/380/314 296/377/312 311/401/334 312/388/322
f 324/396/330 323/394/328 338/403/335 339/404/336
f 317/397/331 316/395/329 331/405/337 332/406/338
f 325/398/332 324/396/330 339/404/336 340/407/339
f 318/399/333 317/397/331 332/406/338 333/408/340
f 311/401/334 115/409/63 326/410/341
f 341/411/31 325/398/332 340/407/339
f 319/386/320 318/399/333 333/408/340 334/412/342
f 312/388/322 311/401/334 326/410/341 327/413/343
f 320/387/321 319/386/320 334/412/342 335/414/344
f 313/389/323 312/388/322 327/413/343 328/415/345
f 321/390/324 320/387/321 335/414/344 336/416/346
f 314/391/325 313/389/323 328/415/345 329/417/347
f 322/392/326 321/390/324 336/416/346 337/418/348
f 315/393/327 314/391/325 329/417/347 330/419/349
f 323/394/328 322/392/326 337/418/348 338/403/335
f 316/395/329 315/393/327 330/419/349 331/405/337
f 336/416/346 335/414/344 351/420/350 352/421/351
f 329/417/347 328/415/345 344/422/352 345/423/353
f 337/418/348 336/416/346 352/421/351 353/424/354
f 330/419/349 329/417/347 345/423/353 346/425/355
f 338/403/335 337/418/348 353/424/354 354/426/356
f 331/405/337 330/419/349 346/425/355 347/427/357
f 339/404/336 338/403/335 354/426/356 355/428/358
f 332/406/338 331/405/337 347/427/357 348/429/359
f 340/407/339 339/404/336 355/428/358 356/430/360
f 333/408/340 332/406/338 348/429/359 349/431/361
f 326/410/341 115/432/63 342/433/362
f 341/434/31 340/407/339 356/430/360
f 334/412/342 333/408/340 349/431/361 350/435/363
f 327/413/343 326/410/341 342/433/362 343/436/364
f 335/414/344 334/412/342 350/435/363 351/420/350
f 328/415/345 327/413/343 343/436/364 344/422/352
f 356/430/360 355/428/358 370/437/365 371/438/366
f 349/431/361 348/429/359 363/439/367 364/440/368
f 342/433/362 115/441/63 357/442/369
f 341/443/31 356/430/360 371/438/366
f 350/435/363 349/431/361 364/440/368 365/444/370
f 343/436/364 342/433/362 357/442/369 358/445/371
f 351/420/350 350/435/363 365/444/370 366/446/372
f 344/422/352 343/436/364 358/445/371 359/447/373
f 352/421/351 351/420/350 366/446/372 367/448/374
f 345/423/353 344/422/352 359/447/373 360/449/375
f 353/424/354 352/421/351 367/448/374 368/450/376
f 346/425/355 345/423/353 360/449/375 361/451/377
f 354/426/356 353/424/354 368/450/376 369/452/378
f 347/427/357 346/425/355 361/451/377 362/453/379
f 355/428/358 354/426/356 369/452/378 370/437/365
f 348/429/359 347/427/357 362/453/379 363/439/367
f 360/449/375 359/447/373 374/454/380 375/455/381
f 368/450/376 367/448/374 382/456/382 383/457/383
f 361/451/377 360/449/375 375/455/381 376/458/384
f 369/452/378 368/450/376 383/457/383 384/459/385
f 362/453/379 361/451/377 376/458/384 377/460/386
f 370/437/365 369/452/378 384/459/385 385/461/387
f 363/439/367 362/453/379 377/460/386 378/462/388
f 371/438/366 370/437/365 385/461/387 386/463/389
f 364/440/368 363/439/367 378/462/388 379/464/390
f 357/442/369 115/465/63 372/466/391
f 341/467/31 371/438/366 386/463/389
f 365/444/370 364/440/368 379/464/390 380/468/392
f 358/445/371 357/442/369 372/466/391 373/469/393
f 366/446/372 365/444/370 380/468/392 381/470/394
f 359/447/373 358/445/371 373/469/393 374/454/380
f 367/448/374 366/446/372 381/470/394 382/456/382
f 379/464/390 378/462/388 393/471/395 394/472/396
f 372/466/391 115/473/63 387/474/397
f 341/475/31 386/463/389 401/476/398
f 380/468/392 379/464/390 394/472/396 395/477/399
f 373/469/393 372/466/391 387/474/397 388/478/400
f 381/470/394 380/468/392 395/477/399 396/479/401
f 374/454/380 373/469/393 388/478/400 389/480/402
f 382/456/382 381/470/394 396/479/401 397/481/403
f 375/455/381 374/454/380 389/480/402 390/482/404
f 383/457/383 382/456/382 397/481/403 398/483/405
f 376/458/384 375/455/381 390/482/404 391/484/406
f 384/459/385 383/457/383 398/483/405 399/485/407
f 377/460/386 376/458/384 391/484/406 392/486/408
f 385/461/387 384/459/385 399/485/407 400/487/409
f 378/462/388 377/460/386 392/486/408 393/471/395
f 386/463/389 385/461/387 400/487/409 401/476/398
f 398/488/405 397/489/403 412/490/410 413/491/411
f 391/492/406 390/493/404 405/494/412 406/495/413
f 399/496/407 398/488/405 413/491/411 414/497/414
f 392/498/408 391/492/406 406/495/413 407/499/415
f 400/500/409 399/496/407 414/497/414 415/501/416
f 393/502/395 392/498/408 407/499/415 408/503/417
f 401/504/398 400/500/409 415/501/416 416/505/418
f 394/506/396 393/502/395 408/503/417 409/507/419
f 387/508/397 115/509/63 402/510/420
f 341/511/31 401/504/398 416/505/418
f 395/512/399 394/506/396 409/507/419 410/513/421
f 388/514/400 387/508/397 402/510/420 403/515/422
f 396/516/401 395/512/399 410/513/421 411/517/423
f 389/518/402 388/514/400 403/515/422 404/519/424
f 397/489/403 396/516/401 411/517/423 412/490/410
f 390/493/404 389/518/402 404/519/424 405/494/412
f 402/510/420 115/520/63 417/521/425
f 341/522/31 416/505/418 431/523/426
f 410/513/421 409/507/419 424/524/427 425/525/428
f 403/515/422 402/510/420 417/521/425 418/526/429
f 411/517/423 410/513/421 425/525/428 426/527/430
f 404/519/424 403/515/422 418/526/429 419/528/431
f 412/490/410 411/517/423 426/527/430 427/529/432
f 405/494/412 404/519/424 419/528/431 420/530/433
f 413/491/411 412/490/410 427/529/432 428/531/434
f 406/495/413 405/494/412 420/530/433 421/532/435
f 414/497/414 413/491/411 428/531/434 429/533/436
f 407/499/415 406/495/413 421/532/435 422/534/437
f 415/501/416 414/497/414 429/533/436 430/535/438
f 408/503/417 407/499/415 422/534/437 423/536/439
f 416/505/418 415/501/416 430/535/438 431/523/426
f 409/507/419 408/503/417 423/536/439 424/524/427
f 421/532/435 420/530/433 435/537/440 436/538/441
f 429/533/436 428/531/434 443/539/442 444/540/443
f 422/534/437 421/532/435 436/538/441 437/541/444
f 430/535/438 429/533/436 444/540/443 445/542/445
f 423/536/439 422/534/437 437/541/444 438/543/446
f 431/523/426 430/535/438 445/542/445 446/544/447
f 424/524/427 423/536/439 438/543/446 439/545/448
f 417/521/425 115/546/63 432/547/449
f 341/548/31 431/523/426 446/544/447
f 425/525/428 424/524/427 439/545/448 440/549/450
f 418/526/429 417/521/425 432/547/449 433/550/451
f 426/527/430 425/525/428 440/549/450 441/551/452
f 419/528/431 418/526/429 433/550/451 434/552/453
f 427/529/432 426/527/430 441/551/452 442/553/454
f 420/530/433 419/528/431 434/552/453 435/537/440
f 428/531/434 427/529/432 442/553/454 443/539/442
f 440/549/450 439/545/448 454/554/455 455/555/456
f 433/550/451 432/547/449 447/556/457 448/557/458
f 441/551/452 440/549/450 455/555/456 456/558/459
f 434/552/453 433/550/451 448/557/458 449/559/460
f 442/553/454 441/551/452 456/558/459 457/560/461
f 435/537/440 434/552/453 449/559/460 450/561/462
f 443/539/442 442/553/454 457/560/461 458/562/463
f 436/538/441 435/537/440 450/561/462 451/563/464
f 444/540/443 443/539/442 458/562/463 459/564/465
f 437/541/444 436/538/441 451/563/464 452/565/466
f 445/542/445 444/540/443 459/564/465 460/566/467
f 438/543/446 437/541/444 452/565/466 453/567/468
f 446/544/447 445/542/445 460/566/467 461/568/469
f 439/545/448 438/543/446 453/567/468 454/554/455
f 432/547/449 115/569/63 447/556/457
f 341/570/31 446/544/447 461/568/469
f 459/564/465 458/562/463 473/571/470 474/572/471
f 452/565/466 451/563/464 466/573/472 467/574/473
f 460/566/467 459/564/465 474/572/471 475/575/474
f 453/567/468 452/565/466 467/574/473 468/576/475
f 461/568/469 460/566/467 475/575/474 476/577/476
f 454/554/455 453/567/468 468/576/475 469/578/477
f 447/556/457 115/579/63 462/580/478
f 341/581/31 461/568/469 476/577/476
f 455/555/456 454/554/455 469/578/477 470/582/479
f 448/557/458 447/556/457 462/580/478 463/583/480
f 456/558/459 455/555/456 470/582/479 471/584/481
f 449/559/460 448/557/458 463/583/480 464/585/482
f 457/560/461 456/558/459 471/584/481 472/586/483
f 450/561/462 449/559/460 464/585/482 465/587/484
f 458/562/463 457/560/461 472/586/483 473/571/470
f 451/563/464 450/561/462 465/587/484 466/573/472
f 471/584/481 470/582/479 485/588/485 486/589/486
f 464/585/482 463/583/480 478/590/487 479/591/488
f 472/586/483 471/584/481 486/589/486 487/592/489
f 465/587/484 464/585/482 479/591/488 480/593/490
f 473/571/470 472/586/483 487/592/489 488/594/491
f 466/573/472 465/587/484 480/593/490 481/595/492
f 474/572/471 473/571/470 488/594/491 489/596/493
f 467/574/473 466/573/472 481/595/492 482/597/494
f 475/575/474 474/572/471 489/596/493 490/598/495
f 468/576/475 467/574/473 482/597/494 483/599/496
f 476/577/476 475/575/474 490/598/495 491/600/497
f 469/578/477 468/576/475 483/599/496 484/601/498
f 462/580/478 115/602/63 477/603/499
f 341/604/31 476/577/476 491/600/497
f 470/582/479 469/578/477 484/601/498 485/588/485
f 463/583/480 462/580/478 477/603/499 478/590/487
f 490/598/495 489/596/493 504/605/500 505/606/501
f 483/599/496 482/597/494 497/607/502 498/608/503
f 491/600/497 490/598/495 505/606/501 506/609/504
f 484/601/498 483/599/496 498/608/503 499/610/505
f 477/603/499 115/611/63 492/612/506
f 341/613/31 491/600/497 506/609/504
f 485/588/485 484/601/498 499/610/505 500/614/507
f 478/590/487 477/603/499 492/612/506 493/615/508
f 486/589/486 485/588/485 500/614/507 501/616/509
f 479/591/488 478/590/487 493/615/508 494/617/510
f 487/592/489 486/589/486 501/616/509 502/618/511
f 480/593/490 479/591/488 494/617/510 495/619/512
f 488/594/491 487/592/489 502/618/511 503/620/513
f 481/595/492 480/593/490 495/619/512 496/621/514
f 489/596/493 488/594/491 503/620/513 504/605/500
f 482/597/494 481/595/492 496/621/514 497/607/502
f 494/617/510 493/615/508 508/71/39 34/70/38
f 502/618/511 501/616/509 511/66/34 39/74/42
f 495/619/512 494/617/510 34/70/38 509/76/44
f 503/620/513 502/618/511 39/74/42 512/78/46
f 496/621/514 495/619/512 509/76/44 35/80/48
f 504/605/500 503/620/513 512/78/46 513/82/50
f 497/607/502 496/621/514 35/80/48 510/84/52
f 505/606/501 504/605/500 513/82/50 514/86/54
f 498/608/503 497/607/502 510/84/52 36/88/56
f 506/609/504 505/606/501 514/86/54 515/90/58
f 499/610/505 498/608/503 36/88/56 37/92/60
f 492/612/506 115/622/63 507/94/62
f 341/623/31 506/609/504 515/90/58
f 500/614/507 499/610/505 37/92/60 38/67/35
f 493/615/508 492/612/506 507/94/62 508/71/39
f 501/616/509 500/614/507 38/67/35 511/66/34
usemtl pied
f 520/67/35 519/92/60 529/93/61 530/68/36
f 990/71/39 989/94/62 522/96/64 523/72/40
f 993/66/34 520/67/35 530/68/36 531/69/37
f 516/70/38 990/71/39 523/72/40 524/73/41
f 521/74/42 993/66/34 531/69/37 532/75/43
f 991/76/44 516/70/38 524/73/41 525/77/45
f 994/78/46 521/74/42 532/75/43 533/79/47
f 517/80/48 991/76/44 525/77/45 526/81/49
f 995/82/50 994/78/46 533/79/47 534/83/51
f 992/84/52 517/80/48 526/81/49 527/85/53
f 996/86/54 995/82/50 534/83/51 535/87/55
f 518/88/56 992/84/52 527/85/53 528/89/57
f 997/90/58 996/86/54 535/87/55 536/91/59
f 519/92/60 518/88/56 528/89/57 529/93/61
f 989/94/62 597/95/63 522/96/64
f 823/97/31 997/90/58 536/91/59
f 536/91/59 535/87/55 550/112/78 551/99/65
f 529/93/61 528/89/57 543/113/79 544/100/66
f 522/96/64 597/114/63 537/102/68
f 823/98/31 536/91/59 551/99/65
f 530/68/36 529/93/61 544/100/66 545/101/67
f 523/72/40 522/96/64 537/102/68 538/103/69
f 531/69/37 530/68/36 545/101/67 546/104/70
f 524/73/41 523/72/40 538/103/69 539/105/71
f 532/75/43 531/69/37 546/104/70 547/106/72
f 525/77/45 524/73/41 539/105/71 540/107/73
f 533/79/47 532/75/43 547/106/72 548/108/74
f 526/81/49 525/77/45 540/107/73 541/109/75
f 534/83/51 533/79/47 548/108/74 549/110/76
f 527/85/53 526/81/49 541/109/75 542/111/77
f 535/87/55 534/83/51 549/110/76 550/112/78
f 528/89/57 527/85/53 542/111/77 543/113/79
f 548/108/74 547/106/72 562/130/93 563/115/80
f 541/109/75 540/107/73 555/131/94 556/117/82
f 549/110/76 548/108/74 563/115/80 564/116/515
f 542/111/77 541/109/75 556/117/82 557/118/83
f 550/112/78 549/110/76 564/116/515 565/119/84
f 543/113/79 542/111/77 557/118/83 558/120/85
f 551/99/65 550/112/78 565/119/84 566/121/86
f 544/100/66 543/113/79 558/120/85 559/122/87
f 537/102/68 597/123/63 552/124/88
f 823/125/31 551/99/65 566/121/86
f 545/101/67 544/100/66 559/122/87 560/126/89
f 538/103/69 537/102/68 552/124/88 553/127/90
f 546/104/70 545/101/67 560/126/89 561/128/91
f 539/105/71 538/103/69 553/127/90 554/129/516
f 547/106/72 546/104/70 561/128/91 562/130/93
f 540/107/73 539/105/71 554/129/516 555/131/94
f 552/124/88 597/147/63 567/132/95
f 823/148/31 566/121/86 581/145/108
f 560/126/89 559/122/87 574/146/109 575/134/97
f 553/127/90 552/124/88 567/132/95 568/133/96
f 561/128/91 560/126/89 575/134/97 576/135/98
f 554/129/516 553/127/90 568/133/96 569/136/99
f 562/130/93 561/128/91 576/135/98 577/137/100
f 555/131/94 554/129/516 569/136/99 570/138/101
f 563/115/80 562/130/93 577/137/100 578/139/102
f 556/117/82 555/131/94 570/138/101 571/140/103
f 564/116/515 563/115/80 578/139/102 579/141/104
f 557/118/83 556/117/82 571/140/103 572/142/105
f 565/119/84 564/116/515 579/141/104 580/143/106
f 558/120/85 557/118/83 572/142/105 573/144/107
f 566/121/86 565/119/84 580/143/106 581/145/108
f 559/122/87 558/120/85 573/144/107 574/146/109
f 571/140/103 570/138/101 585/164/123 586/149/110
f 579/141/104 578/139/102 593/165/124 594/151/112
f 572/142/105 571/140/103 586/149/110 587/150/111
f 580/143/106 579/141/104 594/151/112 595/152/113
f 573/144/107 572/142/105 587/150/111 588/153/114
f 581/145/108 580/143/106 595/152/113 596/154/115
f 574/146/109 573/144/107 588/153/114 589/155/116
f 567/132/95 597/156/63 582/157/117
f 823/158/31 581/145/108 596/154/115
f 575/134/97 574/146/109 589/155/116 590/159/118
f 568/133/96 567/132/95 582/157/117 583/160/119
f 576/135/98 575/134/97 590/159/118 591/161/120
f 569/136/99 568/133/96 583/160/119 584/162/121
f 577/137/100 576/135/98 591/161/120 592/163/122
f 570/138/101 569/136/99 584/162/121 585/164/123
f 578/139/102 577/137/100 592/163/122 593/165/124
f 590/159/118 589/155/116 605/179/138 606/166/125
f 583/160/119 582/157/117 598/181/139 599/168/127
f 591/161/120 590/159/118 606/166/125 607/167/126
f 584/162/121 583/160/119 599/168/127 600/169/128
f 592/163/122 591/161/120 607/167/126 608/170/129
f 585/164/123 584/162/121 600/169/128 601/171/130
f 593/165/124 592/163/122 608/170/129 609/172/131
f 586/149/110 585/164/123 601/171/130 602/173/132
f 594/151/112 593/165/124 609/172/131 610/174/133
f 587/150/111 586/149/110 602/173/132 603/175/134
f 595/152/113 594/151/112 610/174/133 611/176/135
f 588/153/114 587/150/111 603/175/134 604/177/136
f 596/154/115 595/152/113 611/176/135 612/178/137
f 589/155/116 588/153/114 604/177/136 605/179/138
f 582/157/117 597/180/63 598/181/139
f 823/182/31 596/154/115 612/178/137
f 610/174/133 609/172/131 624/198/153 625/183/140
f 603/175/134 602/173/132 617/199/154 618/185/142
f 611/176/135 610/174/133 625/183/140 626/184/141
f 604/177/136 603/175/134 618/185/142 619/186/143
f 612/178/137 611/176/135 626/184/141 627/187/144
f 605/179/138 604/177/136 619/186/143 620/188/145
f 598/181/139 597/189/63 613/190/146
f 823/191/31 612/178/137 627/187/144
f 606/166/125 605/179/138 620/188/145 621/192/147
f 599/168/127 598/181/139 613/190/146 614/193/148
f 607/167/126 606/166/125 621/192/147 622/194/149
f 600/169/128 599/168/127 614/193/148 615/195/150
f 608/170/129 607/167/126 622/194/149 623/196/151
f 601/171/130 600/169/128 615/195/150 616/197/152
f 609/172/131 608/170/129 623/196/151 624/198/153
f 602/173/132 601/171/130 616/197/152 617/199/154
f 614/193/148 613/190/146 628/214/168 629/200/155
f 622/194/149 621/192/147 636/216/169 637/202/157
f 615/195/150 614/193/148 629/200/155 630/201/156
f 623/196/151 622/194/149 637/202/157 638/203/158
f 616/197/152 615/195/150 630/201/156 631/204/159
f 624/198/153 623/196/151 638/203/158 639/205/160
f 617/199/154 616/197/152 631/204/159 632/206/161
f 625/183/140 624/198/153 639/205/160 640/207/162
f 618/185/142 617/199/154 632/206/161 633/208/163
f 626/184/141 625/183/140 640/207/162 641/209/164
f 619/186/143 618/185/142 633/208/163 634/210/165
f 627/187/144 626/184/141 641/209/164 642/211/166
f 620/188/145 619/186/143 634/210/165 635/212/167
f 613/190/146 597/213/63 628/214/168
f 823/215/31 627/187/144 642/211/166
f 621/192/147 620/188/145 635/212/167 636/216/169
f 633/208/163 632/206/161 647/232/183 648/217/170
f 641/209/164 640/207/162 655/233/184 656/219/172
f 634/210/165 633/208/163 648/217/170 649/218/171
f 642/211/166 641/209/164 656/219/172 657/220/173
f 635/212/167 634/210/165 649/218/171 650/221/174
f 628/214/168 597/222/63 643/223/175
f 823/224/31 642/211/166 657/220/173
f 636/216/169 635/212/167 650/221/174 651/225/176
f 629/200/155 628/214/168 643/223/175 644/226/177
f 637/202/157 636/216/169 651/225/176 652/227/178
f 630/201/156 629/200/155 644/226/177 645/228/179
f 638/203/158 637/202/157 652/227/178 653/229/180
f 631/204/159 630/201/156 645/228/179 646/230/181
f 639/205/160 638/203/158 653/229/180 654/231/182
f 632/206/161 631/204/159 646/230/181 647/232/183
f 640/207/162 639/205/160 654/231/182 655/233/184
f 652/227/178 651/225/176 666/249/198 667/234/185
f 645/228/179 644/226/177 659/250/199 660/236/187
f 653/229/180 652/227/178 667/234/185 668/235/186
f 646/230/181 645/228/179 660/236/187 661/237/188
f 654/231/182 653/229/180 668/235/186 669/238/189
f 647/232/183 646/230/181 661/237/188 662/239/190
f 655/233/184 654/231/182 669/238/189 670/240/191
f 648/217/170 647/232/183 662/239/190 663/241/192
f 656/219/172 655/233/184 670/240/191 671/242/193
f 649/218/171 648/217/170 663/241/192 664/243/194
f 657/220/173 656/219/172 671/242/193 672/244/195
f 650/221/174 649/218/171 664/243/194 665/245/196
f 643/223/175 597/246/63 658/247/197
f 823/248/31 657/220/173 672/244/195
f 651/225/176 650/221/174 665/245/196 666/249/198
f 644/226/177 643/223/175 658/247/197 659/250/199
f 671/242/193 670/240/191 685/266/213 686/251/200
f 664/243/194 663/241/192 678/267/214 679/253/202
f 672/244/195 671/242/193 686/251/200 687/252/201
f 665/245/196 664/243/194 679/253/202 680/254/203
f 658/247/197 597/255/63 673/256/204
f 823/257/31 672/244/195 687/252/201
f 666/249/198 665/245/196 680/254/203 681/258/205
f 659/250/199 658/247/197 673/256/204 674/259/206
f 667/234/185 666/249/198 681/258/205 682/260/207
f 660/236/187 659/250/199 674/259/206 675/261/208
f 668/235/186 667/234/185 682/260/207 683/262/209
f 661/237/188 660/236/187 675/261/208 676/263/210
f 669/238/189 668/235/186 683/262/209 684/264/211
f 662/239/190 661/237/188 676/263/210 677/265/212
f 670/240/191 669/238/189 684/264/211 685/266/213
f 663/241/192 662/239/190 677/265/212 678/267/214
f 683/262/209 682/260/207 697/283/228 698/268/215
f 676/263/210 675/261/208 690/284/229 691/270/217
f 684/264/211 683/262/209 698/268/215 699/269/216
f 677/265/212 676/263/210 691/270/217 692/271/218
f 685/266/213 684/264/211 699/269/216 700/272/219
f 678/267/214 677/265/212 692/271/218 693/273/220
f 686/251/200 685/266/213 700/272/219 701/274/221
f 679/253/202 678/267/214 693/273/220 694/275/222
f 687/252/201 686/251/200 701/274/221 702/276/223
f 680/254/203 679/253/202 694/275/222 695/277/224
f 673/256/204 597/278/63 688/279/225
f 823/280/31 687/252/201 702/276/223
f 681/258/205 680/254/203 695/277/224 696/281/226
f 674/259/206 673/256/204 688/279/225 689/282/227
f 682/260/207 681/258/205 696/281/226 697/283/228
f 675/261/208 674/259/206 689/282/227 690/284/229
f 702/276/223 701/274/221 716/300/243 717/288/231
f 695/277/224 694/275/222 709/301/244 710/289/232
f 688/279/225 597/285/63 703/286/230
f 823/287/31 702/276/223 717/288/231
f 696/281/226 695/277/224 710/289/232 711/290/233
f 689/282/227 688/279/225 703/286/230 704/291/234
f 697/283/228 696/281/226 711/290/233 712/292/235
f 690/284/229 689/282/227 704/291/234 705/293/236
f 698/268/215 697/283/228 712/292/235 713/294/237
f 691/270/217 690/284/229 705/293/236 706/295/238
f 699/269/216 698/268/215 713/294/237 714/296/239
f 692/271/218 691/270/217 706/295/238 707/297/240
f 700/272/219 699/269/216 714/296/239 715/298/241
f 693/273/220 692/271/218 707/297/240 708/299/242
f 701/274/221 700/272/219 715/298/241 716/300/243
f 694/275/222 693/273/220 708/299/242 709/301/244
f 706/295/238 705/293/236 720/317/258 721/302/245
f 714/296/239 713/294/237 728/318/259 729/304/247
f 707/297/240 706/295/238 721/302/245 722/303/246
f 715/298/241 714/296/239 729/304/247 730/305/248
f 708/299/242 707/297/240 722/303/246 723/306/249
f 716/300/243 715/298/241 730/305/248 731/307/250
f 709/301/244 708/299/242 723/306/249 724/308/251
f 717/288/231 716/300/243 731/307/250 732/309/252
f 710/289/232 709/301/244 724/308/251 725/310/253
f 703/286/230 597/311/63 718/312/254
f 823/313/31 717/288/231 732/309/252
f 711/290/233 710/289/232 725/310/253 726/314/255
f 704/291/234 703/286/230 718/312/254 719/315/256
f 712/292/235 711/290/233 726/314/255 727/316/257
f 705/293/236 704/291/234 719/315/256 720/317/258
f 713/294/237 712/292/235 727/316/257 728/318/259
f 725/310/253 724/308/251 739/332/273 740/319/260
f 718/312/254 597/334/63 733/321/262
f 823/335/31 732/309/252 747/333/274
f 726/314/255 725/310/253 740/319/260 741/320/261
f 719/315/256 718/312/254 733/321/262 734/322/263
f 727/316/257 726/314/255 741/320/261 742/323/264
f 720/317/258 719/315/256 734/322/263 735/324/265
f 728/318/259 727/316/257 742/323/264 743/325/266
f 721/302/245 720/317/258 735/324/265 736/326/267
f 729/304/247 728/318/259 743/325/266 744/327/268
f 722/303/246 721/302/245 736/326/267 737/328/269
f 730/305/248 729/304/247 744/327/268 745/329/270
f 723/306/249 722/303/246 737/328/269 738/330/271
f 731/307/250 730/305/248 745/329/270 746/331/272
f 724/308/251 723/306/249 738/330/271 739/332/273
f 732/309/252 731/307/250 746/331/272 747/333/274
f 744/327/268 743/325/266 758/350/288 759/2/275
f 737/328/269 736/326/267 751/351/289 752/337/277
f 745/329/270 744/327/268 759/2/275 760/336/276
f 738/330/271 737/328/269 752/337/277 753/338/278
f 746/331/272 745/329/270 760/336/276 761/339/279
f 739/332/273 738/330/271 753/338/278 754/340/280
f 747/333/274 746/331/272 761/339/279 762/341/281
f 740/319/260 739/332/273 754/340/280 755/342/282
f 733/321/262 597/343/63 748/344/283
f 823/345/31 747/333/274 762/341/281
f 741/320/261 740/319/260 755/342/282 756/346/284
f 734/322/263 733/321/262 748/344/283 749/347/285
f 742/323/264 741/320/261 756/346/284 757/348/286
f 735/324/265 734/322/263 749/347/285 750/349/287
f 743/325/266 742/323/264 757/348/286 758/350/288
f 736/326/267 735/324/265 750/349/287 751/351/289
f 748/344/283 597/367/63 763/352/290
f 823/368/31 762/341/281 777/365/303
f 756/346/284 755/342/282 770/366/304 771/354/292
f 749/347/285 748/344/283 763/352/290 764/353/291
f 757/348/286 756/346/284 771/354/292 772/355/293
f 750/349/287 749/347/285 764/353/291 765/356/294
f 758/350/288 757/348/286 772/355/293 773/357/295
f 751/351/289 750/349/287 765/356/294 766/358/296
f 759/2/275 758/350/288 773/357/295 774/359/297
f 752/337/277 751/351/289 766/358/296 767/360/298
f 760/336/276 759/2/275 774/359/297 775/361/299
f 753/338/278 752/337/277 767/360/298 768/362/300
f 761/339/279 760/336/276 775/361/299 776/363/301
f 754/340/280 753/338/278 768/362/300 769/364/302
f 762/341/281 761/339/279 776/363/301 777/365/303
f 755/342/282 754/340/280 769/364/302 770/366/304
f 767/360/298 766/358/296 781/384/318 782/369/305
f 775/361/299 774/359/297 789/385/319 790/371/307
f 768/362/300 767/360/298 782/369/305 783/370/306
f 776/363/301 775/361/299 790/371/307 791/372/308
f 769/364/302 768/362/300 783/370/306 784/373/309
f 777/365/303 776/363/301 791/372/308 792/374/310
f 770/366/304 769/364/302 784/373/309 785/375/311
f 763/352/290 597/376/63 778/377/312
f 823/378/31 777/365/303 792/374/310
f 771/354/292 770/366/304 785/375/311 786/379/313
f 764/353/291 763/352/290 778/377/312 779/380/314
f 772/355/293 771/354/292 786/379/313 787/381/315
f 765/356/294 764/353/291 779/380/314 780/382/316
f 773/357/295 772/355/293 787/381/315 788/383/317
f 766/358/296 765/356/294 780/382/316 781/384/318
f 774/359/297 773/357/295 788/383/317 789/385/319
f 786/379/313 785/375/311 800/399/333 801/386/320
f 779/380/314 778/377/312 793/401/334 794/388/322
f 787/381/315 786/379/313 801/386/320 802/387/321
f 780/382/316 779/380/314 794/388/322 795/389/517
f 788/383/317 787/381/315 802/387/321 803/390/324
f 781/384/318 780/382/316 795/389/517 796/391/325
f 789/385/319 788/383/317 803/390/324 804/392/326
f 782/369/305 781/384/318 796/391/325 797/393/327
f 790/371/307 789/385/319 804/392/326 805/394/328
f 783/370/306 782/369/305 797/393/327 798/395/329
f 791/372/308 790/371/307 805/394/328 806/396/330
f 784/373/309 783/370/306 798/395/329 799/397/331
f 792/374/310 791/372/308 806/396/330 807/398/332
f 785/375/311 784/373/309 799/397/331 800/399/333
f 778/377/312 597/400/63 793/401/334
f 823/402/31 792/374/310 807/398/332
f 805/394/328 804/392/326 819/418/348 820/403/335
f 798/395/329 797/393/327 812/419/349 813/405/337
f 806/396/330 805/394/328 820/403/335 821/404/336
f 799/397/331 798/395/329 813/405/337 814/406/338
f 807/398/332 806/396/330 821/404/336 822/407/339
f 800/399/333 799/397/331 814/406/338 815/408/340
f 793/401/334 597/409/63 808/410/341
f 823/411/31 807/398/332 822/407/339
f 801/386/320 800/399/333 815/408/340 816/412/342
f 794/388/322 793/401/334 808/410/341 809/413/343
f 802/387/321 801/386/320 816/412/342 817/414/344
f 795/389/517 794/388/322 809/413/343 810/415/345
f 803/390/324 802/387/321 817/414/344 818/416/346
f 796/391/325 795/389/517 810/415/345 811/417/347
f 804/392/326 803/390/324 818/416/346 819/418/348
f 797/393/327 796/391/325 811/417/347 812/419/349
f 817/414/344 816/412/342 832/435/363 833/420/350
f 810/415/345 809/413/343 825/436/364 826/422/352
f 818/416/346 817/414/344 833/420/350 834/421/351
f 811/417/347 810/415/345 826/422/352 827/423/353
f 819/418/348 818/416/346 834/421/351 835/424/354
f 812/419/349 811/417/347 827/423/353 828/425/355
f 820/403/335 819/418/348 835/424/354 836/426/356
f 813/405/337 812/419/349 828/425/355 829/427/357
f 821/404/336 820/403/335 836/426/356 837/428/358
f 814/406/338 813/405/337 829/427/357 830/429/359
f 822/407/339 821/404/336 837/428/358 838/430/360
f 815/408/340 814/406/338 830/429/359 831/431/361
f 808/410/341 597/432/63 824/433/362
f 823/434/31 822/407/339 838/430/360
f 816/412/342 815/408/340 831/431/361 832/435/363
f 809/413/343 808/410/341 824/433/362 825/436/364
f 837/428/358 836/426/356 851/452/378 852/437/365
f 830/429/359 829/427/357 844/453/379 845/439/367
f 838/430/360 837/428/358 852/437/365 853/438/366
f 831/431/361 830/429/359 845/439/367 846/440/368
f 824/433/362 597/441/63 839/442/369
f 823/443/31 838/430/360 853/438/366
f 832/435/363 831/431/361 846/440/368 847/444/370
f 825/436/364 824/433/362 839/442/369 840/445/371
f 833/420/350 832/435/363 847/444/370 848/446/372
f 826/422/352 825/436/364 840/445/371 841/447/373
f 834/421/351 833/420/350 848/446/372 849/448/374
f 827/423/353 826/422/352 841/447/373 842/449/375
f 835/424/354 834/421/351 849/448/374 850/450/376
f 828/425/355 827/423/353 842/449/375 843/451/377
f 836/426/356 835/424/354 850/450/376 851/452/378
f 829/427/357 828/425/355 843/451/377 844/453/379
f 841/447/373 840/445/371 855/469/393 856/454/380
f 849/448/374 848/446/372 863/470/394 864/456/382
f 842/449/375 841/447/373 856/454/380 857/455/381
f 850/450/376 849/448/374 864/456/382 865/457/383
f 843/451/377 842/449/375 857/455/381 858/458/384
f 851/452/378 850/450/376 865/457/383 866/459/385
f 844/453/379 843/451/377 858/458/384 859/460/386
f 852/437/365 851/452/378 866/459/385 867/461/387
f 845/439/367 844/453/379 859/460/386 860/462/388
f 853/438/366 852/437/365 867/461/387 868/463/389
f 846/440/368 845/439/367 860/462/388 861/464/390
f 839/442/369 597/465/63 854/466/391
f 823/467/31 853/438/366 868/463/389
f 847/444/370 846/440/368 861/464/390 862/468/392
f 840/445/371 839/442/369 854/466/391 855/469/393
f 848/446/372 847/444/370 862/468/392 863/470/394
f 860/462/388 859/460/386 874/486/408 875/471/395
f 868/463/389 867/461/387 882/487/409 883/476/398
f 861/464/390 860/462/388 875/471/395 876/472/396
f 854/466/391 597/473/63 869/474/397
f 823/475/31 868/463/389 883/476/398
f 862/468/392 861/464/390 876/472/396 877/477/399
f 855/469/393 854/466/391 869/474/397 870/478/400
f 863/470/394 862/468/392 877/477/399 878/479/401
f 856/454/380 855/469/393 870/478/400 871/480/402
f 864/456/382 863/470/394 878/479/401 879/481/403
f 857/455/381 856/454/380 871/480/402 872/482/404
f 865/457/383 864/456/382 879/481/403 880/483/405
f 858/458/384 857/455/381 872/482/404 873/484/406
f 866/459/385 865/457/383 880/483/405 881/485/407
f 859/460/386 858/458/384 873/484/406 874/486/408
f 867/461/387 866/459/385 881/485/407 882/487/409
f 879/489/403 878/516/401 893/517/423 894/490/410
f 872/493/404 871/518/402 886/519/424 887/494/412
f 880/488/405 879/489/403 894/490/410 895/491/411
f 873/492/406 872/493/404 887/494/412 888/495/413
f 881/496/407 880/488/405 895/491/411 896/497/414
f 874/498/408 873/492/406 888/495/413 889/499/415
f 882/500/409 881/496/407 896/497/414 897/501/416
f 875/502/395 874/498/408 889/499/415 890/503/417
f 883/504/398 882/500/409 897/501/416 898/505/418
f 876/506/396 875/502/395 890/503/417 891/507/419
f 869/508/397 597/509/63 884/510/420
f 823/511/31 883/504/398 898/505/418
f 877/512/399 876/506/396 891/507/419 892/513/421
f 870/514/400 869/508/397 884/510/420 885/515/422
f 878/516/401 877/512/399 892/513/421 893/517/423
f 871/518/402 870/514/400 885/515/422 886/519/424
f 898/505/418 897/501/416 912/535/438 913/523/426
f 891/507/419 890/503/417 905/536/439 906/524/427
f 884/510/420 597/520/63 899/521/425
f 823/522/31 898/505/418 913/523/426
f 892/513/421 891/507/419 906/524/427 907/525/428
f 885/515/422 884/510/420 899/521/425 900/526/429
f 893/517/423 892/513/421 907/525/428 908/527/430
f 886/519/424 885/515/422 900/526/429 901/528/431
f 894/490/410 893/517/423 908/527/430 909/529/432
f 887/494/412 886/519/424 901/528/431 902/530/433
f 895/491/411 894/490/410 909/529/432 910/531/434
f 888/495/413 887/494/412 902/530/433 903/532/435
f 896/497/414 895/491/411 910/531/434 911/533/436
f 889/499/415 888/495/413 903/532/435 904/534/437
f 897/501/416 896/497/414 911/533/436 912/535/438
f 890/503/417 889/499/415 904/534/437 905/536/439
f 902/530/433 901/528/431 916/552/518 917/537/440
f 910/531/434 909/529/432 924/553/454 925/539/442
f 903/532/435 902/530/433 917/537/440 918/538/441
f 911/533/436 910/531/434 925/539/442 926/540/443
f 904/534/437 903/532/435 918/538/441 919/541/444
f 912/535/438 911/533/436 926/540/443 927/542/445
f 905/536/439 904/534/437 919/541/444 920/543/446
f 913/523/426 912/535/438 927/542/445 928/544/447
f 906/524/427 905/536/439 920/543/446 921/545/448
f 899/521/425 597/546/63 914/547/449
f 823/548/31 913/523/426 928/544/447
f 907/525/428 906/524/427 921/545/448 922/549/450
f 900/526/429 899/521/425 914/547/449 915/550/451
f 908/527/430 907/525/428 922/549/450 923/551/452
f 901/528/431 900/526/429 915/550/451 916/552/518
f 909/529/432 908/527/430 923/551/452 924/553/454
f 921/545/448 920/543/446 935/567/468 936/554/455
f 914/547/449 597/569/63 929/556/457
f 823/570/31 928/544/447 943/568/469
f 922/549/450 921/545/448 936/554/455 937/555/456
f 915/550/451 914/547/449 929/556/457 930/557/458
f 923/551/452 922/549/450 937/555/456 938/558/459
f 916/552/518 915/550/451 930/557/458 931/559/460
f 924/553/454 923/551/452 938/558/459 939/560/461
f 917/537/440 916/552/518 931/559/460 932/561/462
f 925/539/442 924/553/454 939/560/461 940/562/463
f 918/538/441 917/537/440 932/561/462 933/563/464
f 926/540/443 925/539/442 940/562/463 941/564/465
f 919/541/444 918/538/441 933/563/464 934/565/466
f 927/542/445 926/540/443 941/564/465 942/566/467
f 920/543/446 919/541/444 934/565/466 935/567/468
f 928/544/447 927/542/445 942/566/467 943/568/469
f 940/562/463 939/560/461 954/586/483 955/571/470
f 933/563/464 932/561/462 947/587/484 948/573/472
f 941/564/465 940/562/463 955/571/470 956/572/471
f 934/565/466 933/563/464 948/573/472 949/574/473
f 942/566/467 941/564/465 956/572/471 957/575/474
f 935/567/468 934/565/466 949/574/473 950/576/475
f 943/568/469 942/566/467 957/575/474 958/577/476
f 936/554/455 935/567/468 950/576/475 951/578/477
f 929/556/457 597/579/63 944/580/478
f 823/581/31 943/568/469 958/577/476
f 937/555/456 936/554/455 951/578/477 952/582/479
f 930/557/458 929/556/457 944/580/478 945/583/480
f 938/558/459 937/555/456 952/582/479 953/584/481
f 931/559/460 930/557/458 945/583/480 946/585/482
f 939/560/461 938/558/459 953/584/481 954/586/483
f 932/561/462 931/559/460 946/585/482 947/587/484
f 823/604/31 958/577/476 973/600/497
f 952/582/479 951/578/477 966/601/498 967/588/485
f 945/583/480 944/580/478 959/603/499 960/590/487
f 953/584/481 952/582/479 967/588/485 968/589/486
f 946/585/482 945/583/480 960/590/487 961/591/488
f 954/586/483 953/584/481 968/589/486 969/592/489
f 947/587/484 946/585/482 961/591/488 962/593/490
f 955/571/470 954/586/483 969/592/489 970/594/491
f 948/573/472 947/587/484 962/593/490 963/595/492
f 956/572/471 955/571/470 970/594/491 971/596/493
f 949/574/473 948/573/472 963/595/492 964/597/494
f 957/575/474 956/572/471 971/596/493 972/598/495
f 950/576/475 949/574/473 964/597/494 965/599/496
f 958/577/476 957/575/474 972/598/495 973/600/497
f 951/578/477 950/576/475 965/599/496 966/601/498
f 944/580/478 597/602/63 959/603/499
f 971/596/493 970/594/491 985/620/513 986/605/500
f 964/597/494 963/595/492 978/621/514 979/607/502
f 972/598/495 971/596/493 986/605/500 987/606/501
f 965/599/496 964/597/494 979/607/502 980/608/503
f 973/600/497 972/598/495 987/606/501 988/609/504
f 966/601/498 965/599/496 980/608/503 981/610/505
f 959/603/499 597/611/63 974/612/506
f 823/613/31 973/600/497 988/609/504
f 967/588/485 966/601/498 981/610/505 982/614/507
f 960/590/487 959/603/499 974/612/506 975/615/508
f 968/589/486 967/588/485 982/614/507 983/616/509
f 961/591/488 960/590/487 975/615/508 976/617/510
f 969/592/489 968/589/486 983/616/509 984/618/511
f 962/593/490 961/591/488 976/617/510 977/619/512
f 970/594/491 969/592/489 984/618/511 985/620/513
f 963/595/492 962/593/490 977/619/512 978/621/514
f 975/615/508 974/612/506 989/94/62 990/71/39
f 983/616/509 982/614/507 520/67/35 993/66/34
f 976/617/510 975/615/508 990/71/39 516/70/38
f 984/618/511 983/616/509 993/66/34 521/74/42
f 977/619/512 976/617/510 516/70/38 991/76/44
f 985/620/513 984/618/511 521/74/42 994/78/46
f 978/621/514 977/619/512 991/76/44 517/80/48
f 986/605/500 985/620/513 994/78/46 995/82/50
f 979/607/502 978/621/514 517/80/48 992/84/52
f 987/606/501 986/605/500 995/82/50 996/86/54
f 980/608/503 979/607/502 992/84/52 518/88/56
f 988/609/504 987/606/501 996/86/54 997/90/58
f 981/610/505 980/608/503 518/88/56 519/92/60
f 974/612/506 597/622/63 989/94/62
f 823/623/31 988/609/504 997/90/58
f 982/614/507 981/610/505 519/92/60 520/67/35
f 1002/67/35 1001/92/60 1011/93/61 1012/68/36
f 1472/71/39 1471/94/62 1004/96/64 1005/72/40
f 1475/66/34 1002/67/35 1012/68/36 1013/69/37
f 998/70/38 1472/71/39 1005/72/40 1006/73/41
f 1003/74/42 1475/66/34 1013/69/37 1014/75/43
f 1473/76/44 998/70/38 1006/73/41 1007/77/45
f 1476/78/46 1003/74/42 1014/75/43 1015/79/47
f 999/80/48 1473/76/44 1007/77/45 1008/81/49
f 1477/82/50 1476/78/46 1015/79/47 1016/83/51
f 1474/84/52 999/80/48 1008/81/49 1009/85/53
f 1478/86/54 1477/82/50 1016/83/51 1017/87/55
f 1000/88/56 1474/84/52 1009/85/53 1010/89/57
f 1479/90/58 1478/86/54 1017/87/55 1018/91/59
f 1001/92/60 1000/88/56 1010/89/57 1011/93/61
f 1471/94/62 1079/95/63 1004/96/64
f 1305/97/31 1479/90/58 1018/91/59
f 1018/91/59 1017/87/55 1032/112/78 1033/99/65
f 1011/93/61 1010/89/57 1025/113/79 1026/100/66
f 1004/96/64 1079/114/63 1019/102/68
f 1305/98/31 1018/91/59 1033/99/65
f 1012/68/36 1011/93/61 1026/100/66 1027/101/67
f 1005/72/40 1004/96/64 1019/102/68 1020/103/69
f 1013/69/37 1012/68/36 1027/101/67 1028/104/70
f 1006/73/41 1005/72/40 1020/103/69 1021/105/71
f 1014/75/43 1013/69/37 1028/104/70 1029/106/72
f 1007/77/45 1006/73/41 1021/105/71 1022/107/73
f 1015/79/47 1014/75/43 1029/106/72 1030/108/74
f 1008/81/49 1007/77/45 1022/107/73 1023/109/75
f 1016/83/51 1015/79/47 1030/108/74 1031/110/76
f 1009/85/53 1008/81/49 1023/109/75 1024/111/77
f 1017/87/55 1016/83/51 1031/110/76 1032/112/78
f 1010/89/57 1009/85/53 1024/111/77 1025/113/79
f 1030/108/74 1029/106/72 1044/130/93 1045/115/80
f 1023/109/75 1022/107/73 1037/131/94 1038/117/82
f 1031/110/76 1030/108/74 1045/115/80 1046/116/81
f 1024/111/77 1023/109/75 1038/117/82 1039/118/83
f 1032/112/78 1031/110/76 1046/116/81 1047/119/84
f 1025/113/79 1024/111/77 1039/118/83 1040/120/85
f 1033/99/65 1032/112/78 1047/119/84 1048/121/86
f 1026/100/66 1025/113/79 1040/120/85 1041/122/87
f 1019/102/68 1079/123/63 1034/124/88
f 1305/125/31 1033/99/65 1048/121/86
f 1027/101/67 1026/100/66 1041/122/87 1042/126/89
f 1020/103/69 1019/102/68 1034/124/88 1035/127/90
f 1028/104/70 1027/101/67 1042/126/89 1043/128/91
f 1021/105/71 1020/103/69 1035/127/90 1036/129/516
f 1029/106/72 1028/104/70 1043/128/91 1044/130/93
f 1022/107/73 1021/105/71 1036/129/516 1037/131/94
f 1034/124/88 1079/147/63 1049/132/95
f 1305/148/31 1048/121/86 1063/145/108
f 1042/126/89 1041/122/87 1056/146/109 1057/134/97
f 1035/127/90 1034/124/88 1049/132/95 1050/133/96
f 1043/128/91 1042/126/89 1057/134/97 1058/135/98
f 1036/129/516 1035/127/90 1050/133/96 1051/136/99
f 1044/130/93 1043/128/91 1058/135/98 1059/137/100
f 1037/131/94 1036/129/516 1051/136/99 1052/138/101
f 1045/115/80 1044/130/93 1059/137/100 1060/139/102
f 1038/117/82 1037/131/94 1052/138/101 1053/140/103
f 1046/116/81 1045/115/80 1060/139/102 1061/141/104
f 1039/118/83 1038/117/82 1053/140/103 1054/142/105
f 1047/119/84 1046/116/81 1061/141/104 1062/143/106
f 1040/120/85 1039/118/83 1054/142/105 1055/144/107
f 1048/121/86 1047/119/84 1062/143/106 1063/145/108
f 1041/122/87 1040/120/85 1055/144/107 1056/146/109
f 1053/140/103 1052/138/101 1067/164/123 1068/149/110
f 1061/141/104 1060/139/102 1075/165/124 1076/151/112
f 1054/142/105 1053/140/103 1068/149/110 1069/150/111
f 1062/143/106 1061/141/104 1076/151/112 1077/152/113
f 1055/144/107 1054/142/105 1069/150/111 1070/153/114
f 1063/145/108 1062/143/106 1077/152/113 1078/154/115
f 1056/146/109 1055/144/107 1070/153/114 1071/155/116
f 1049/132/95 1079/156/63 1064/157/117
f 1305/158/31 1063/145/108 1078/154/115
f 1057/134/97 1056/146/109 1071/155/116 1072/159/118
f 1050/133/96 1049/132/95 1064/157/117 1065/160/119
f 1058/135/98 1057/134/97 1072/159/118 1073/161/120
f 1051/136/99 1050/133/96 1065/160/119 1066/162/121
f 1059/137/100 1058/135/98 1073/161/120 1074/163/122
f 1052/138/101 1051/136/99 1066/162/121 1067/164/123
f 1060/139/102 1059/137/100 1074/163/122 1075/165/124
f 1072/159/118 1071/155/116 1087/179/138 1088/166/125
f 1065/160/119 1064/157/117 1080/181/139 1081/168/127
f 1073/161/120 1072/159/118 1088/166/125 1089/167/126
f 1066/162/121 1065/160/119 1081/168/127 1082/169/128
f 1074/163/122 1073/161/120 1089/167/126 1090/170/129
f 1067/164/123 1066/162/121 1082/169/128 1083/171/130
f 1075/165/124 1074/163/122 1090/170/129 1091/172/131
f 1068/149/110 1067/164/123 1083/171/130 1084/173/132
f 1076/151/112 1075/165/124 1091/172/131 1092/174/133
f 1069/150/111 1068/149/110 1084/173/132 1085/175/134
f 1077/152/113 1076/151/112 1092/174/133 1093/176/135
f 1070/153/114 1069/150/111 1085/175/134 1086/177/136
f 1078/154/115 1077/152/113 1093/176/135 1094/178/137
f 1071/155/116 1070/153/114 1086/177/136 1087/179/138
f 1064/157/117 1079/180/63 1080/181/139
f 1305/182/31 1078/154/115 1094/178/137
f 1092/174/133 1091/172/131 1106/198/153 1107/183/140
f 1085/175/134 1084/173/132 1099/199/154 1100/185/142
f 1093/176/135 1092/174/133 1107/183/140 1108/184/141
f 1086/177/136 1085/175/134 1100/185/142 1101/186/143
f 1094/178/137 1093/176/135 1108/184/141 1109/187/144
f 1087/179/138 1086/177/136 1101/186/143 1102/188/145
f 1080/181/139 1079/189/63 1095/190/146
f 1305/191/31 1094/178/137 1109/187/144
f 1088/166/125 1087/179/138 1102/188/145 1103/192/147
f 1081/168/127 1080/181/139 1095/190/146 1096/193/148
f 1089/167/126 1088/166/125 1103/192/147 1104/194/149
f 1082/169/128 1081/168/127 1096/193/148 1097/195/150
f 1090/170/129 1089/167/126 1104/194/149 1105/196/151
f 1083/171/130 1082/169/128 1097/195/150 1098/197/152
f 1091/172/131 1090/170/129 1105/196/151 1106/198/153
f 1084/173/132 1083/171/130 1098/197/152 1099/199/154
f 1096/193/148 1095/190/146 1110/214/168 1111/200/155
f 1104/194/149 1103/192/147 1118/216/169 1119/202/157
f 1097/195/150 1096/193/148 1111/200/155 1112/201/156
f 1105/196/151 1104/194/149 1119/202/157 1120/203/158
f 1098/197/152 1097/195/150 1112/201/156 1113/204/159
f 1106/198/153 1105/196/151 1120/203/158 1121/205/160
f 1099/199/154 1098/197/152 1113/204/159 1114/206/161
f 1107/183/140 1106/198/153 1121/205/160 1122/207/162
f 1100/185/142 1099/199/154 1114/206/161 1115/208/163
f 1108/184/141 1107/183/140 1122/207/162 1123/209/164
f 1101/186/143 1100/185/142 1115/208/163 1116/210/165
f 1109/187/144 1108/184/141 1123/209/164 1124/211/166
f 1102/188/145 1101/186/143 1116/210/165 1117/212/167
f 1095/190/146 1079/213/63 1110/214/168
f 1305/215/31 1109/187/144 1124/211/166
f 1103/192/147 1102/188/145 1117/212/167 1118/216/169
f 1115/208/163 1114/206/161 1129/232/183 1130/217/170
f 1123/209/164 1122/207/162 1137/233/184 1138/219/172
f 1116/210/165 1115/208/163 1130/217/170 1131/218/171
f 1124/211/166 1123/209/164 1138/219/172 1139/220/173
f 1117/212/167 1116/210/165 1131/218/171 1132/221/174
f 1110/214/168 1079/222/63 1125/223/175
f 1305/224/31 1124/211/166 1139/220/173
f 1118/216/169 1117/212/167 1132/221/174 1133/225/176
f 1111/200/155 1110/214/168 1125/223/175 1126/226/177
f 1119/202/157 1118/216/169 1133/225/176 1134/227/178
f 1112/201/156 1111/200/155 1126/226/177 1127/228/179
f 1120/203/158 1119/202/157 1134/227/178 1135/229/180
f 1113/204/159 1112/201/156 1127/228/179 1128/230/181
f 1121/205/160 1120/203/158 1135/229/180 1136/231/182
f 1114/206/161 1113/204/159 1128/230/181 1129/232/183
f 1122/207/162 1121/205/160 1136/231/182 1137/233/184
f 1134/227/178 1133/225/176 1148/249/198 1149/234/185
f 1127/228/179 1126/226/177 1141/250/199 1142/236/187
f 1135/229/180 1134/227/178 1149/234/185 1150/235/186
f 1128/230/181 1127/228/179 1142/236/187 1143/237/188
f 1136/231/182 1135/229/180 1150/235/186 1151/238/189
f 1129/232/183 1128/230/181 1143/237/188 1144/239/190
f 1137/233/184 1136/231/182 1151/238/189 1152/240/191
f 1130/217/170 1129/232/183 1144/239/190 1145/241/192
f 1138/219/172 1137/233/184 1152/240/191 1153/242/193
f 1131/218/171 1130/217/170 1145/241/192 1146/243/194
f 1139/220/173 1138/219/172 1153/242/193 1154/244/195
f 1132/221/174 1131/218/171 1146/243/194 1147/245/196
f 1125/223/175 1079/246/63 1140/247/197
f 1305/248/31 1139/220/173 1154/244/195
f 1133/225/176 1132/221/174 1147/245/196 1148/249/198
f 1126/226/177 1125/223/175 1140/247/197 1141/250/199
f 1153/242/193 1152/240/191 1167/266/213 1168/251/200
f 1146/243/194 1145/241/192 1160/267/214 1161/253/202
f 1154/244/195 1153/242/193 1168/251/200 1169/252/201
f 1147/245/196 1146/243/194 1161/253/202 1162/254/203
f 1140/247/197 1079/255/63 1155/256/204
f 1305/257/31 1154/244/195 1169/252/201
f 1148/249/198 1147/245/196 1162/254/203 1163/258/205
f 1141/250/199 1140/247/197 1155/256/204 1156/259/206
f 1149/234/185 1148/249/198 1163/258/205 1164/260/207
f 1142/236/187 1141/250/199 1156/259/206 1157/261/519
f 1150/235/186 1149/234/185 1164/260/207 1165/262/209
f 1143/237/188 1142/236/187 1157/261/519 1158/263/210
f 1151/238/189 1150/235/186 1165/262/209 1166/264/211
f 1144/239/190 1143/237/188 1158/263/210 1159/265/212
f 1152/240/191 1151/238/189 1166/264/211 1167/266/213
f 1145/241/192 1144/239/190 1159/265/212 1160/267/214
f 1165/262/209 1164/260/207 1179/283/228 1180/268/215
f 1158/263/210 1157/261/519 1172/284/229 1173/270/217
f 1166/264/211 1165/262/209 1180/268/215 1181/269/216
f 1159/265/212 1158/263/210 1173/270/217 1174/271/218
f 1167/266/213 1166/264/211 1181/269/216 1182/272/219
f 1160/267/214 1159/265/212 1174/271/218 1175/273/220
f 1168/251/200 1167/266/213 1182/272/219 1183/274/221
f 1161/253/202 1160/267/214 1175/273/220 1176/275/222
f 1169/252/201 1168/251/200 1183/274/221 1184/276/223
f 1162/254/203 1161/253/202 1176/275/222 1177/277/224
f 1155/256/204 1079/278/63 1170/279/225
f 1305/280/31 1169/252/201 1184/276/223
f 1163/258/205 1162/254/203 1177/277/224 1178/281/226
f 1156/259/206 1155/256/204 1170/279/225 1171/282/227
f 1164/260/207 1163/258/205 1178/281/226 1179/283/228
f 1157/261/519 1156/259/206 1171/282/227 1172/284/229
f 1184/276/223 1183/274/221 1198/300/243 1199/288/231
f 1177/277/224 1176/275/222 1191/301/244 1192/289/232
f 1170/279/225 1079/285/63 1185/286/230
f 1305/287/31 1184/276/223 1199/288/231
f 1178/281/226 1177/277/224 1192/289/232 1193/290/233
f 1171/282/227 1170/279/225 1185/286/230 1186/291/234
f 1179/283/228 1178/281/226 1193/290/233 1194/292/235
f 1172/284/229 1171/282/227 1186/291/234 1187/293/236
f 1180/268/215 1179/283/228 1194/292/235 1195/294/237
f 1173/270/217 1172/284/229 1187/293/236 1188/295/238
f 1181/269/216 1180/268/215 1195/294/237 1196/296/239
f 1174/271/218 1173/270/217 1188/295/238 1189/297/240
f 1182/272/219 1181/269/216 1196/296/239 1197/298/241
f 1175/273/220 1174/271/218 1189/297/240 1190/299/242
f 1183/274/221 1182/272/219 1197/298/241 1198/300/243
f 1176/275/222 1175/273/220 1190/299/242 1191/301/244
f 1188/295/238 1187/293/236 1202/317/258 1203/302/245
f 1196/296/239 1195/294/237 1210/318/259 1211/304/247
f 1189/297/240 1188/295/238 1203/302/245 1204/303/246
f 1197/298/241 1196/296/239 1211/304/247 1212/305/248
f 1190/299/242 1189/297/240 1204/303/246 1205/306/249
f 1198/300/243 1197/298/241 1212/305/248 1213/307/250
f 1191/301/244 1190/299/242 1205/306/249 1206/308/251
f 1199/288/231 1198/300/243 1213/307/250 1214/309/252
f 1192/289/232 1191/301/244 1206/308/251 1207/310/253
f 1185/286/230 1079/311/63 1200/312/254
f 1305/313/31 1199/288/231 1214/309/252
f 1193/290/233 1192/289/232 1207/310/253 1208/314/255
f 1186/291/234 1185/286/230 1200/312/254 1201/315/256
f 1194/292/235 1193/290/233 1208/314/255 1209/316/257
f 1187/293/236 1186/291/234 1201/315/256 1202/317/258
f 1195/294/237 1194/292/235 1209/316/257 1210/318/259
f 1207/310/253 1206/308/251 1221/332/273 1222/319/260
f 1200/312/254 1079/334/63 1215/321/262
f 1305/335/31 1214/309/252 1229/333/274
f 1208/314/255 1207/310/253 1222/319/260 1223/320/261
f 1201/315/256 1200/312/254 1215/321/262 1216/322/263
f 1209/316/257 1208/314/255 1223/320/261 1224/323/264
f 1202/317/258 1201/315/256 1216/322/263 1217/324/265
f 1210/318/259 1209/316/257 1224/323/264 1225/325/266
f 1203/302/245 1202/317/258 1217/324/265 1218/326/267
f 1211/304/247 1210/318/259 1225/325/266 1226/327/268
f 1204/303/246 1203/302/245 1218/326/267 1219/328/269
f 1212/305/248 1211/304/247 1226/327/268 1227/329/270
f 1205/306/249 1204/303/246 1219/328/269 1220/330/271
f 1213/307/250 1212/305/248 1227/329/270 1228/331/272
f 1206/308/251 1205/306/249 1220/330/271 1221/332/273
f 1214/309/252 1213/307/250 1228/331/272 1229/333/274
f 1226/327/268 1225/325/266 1240/350/288 1241/2/275
f 1219/328/269 1218/326/267 1233/351/289 1234/337/277
f 1227/329/270 1226/327/268 1241/2/275 1242/336/276
f 1220/330/271 1219/328/269 1234/337/277 1235/338/278
f 1228/331/272 1227/329/270 1242/336/276 1243/339/279
f 1221/332/273 1220/330/271 1235/338/278 1236/340/280
f 1229/333/274 1228/331/272 1243/339/279 1244/341/281
f 1222/319/260 1221/332/273 1236/340/280 1237/342/282
f 1215/321/262 1079/343/63 1230/344/283
f 1305/345/31 1229/333/274 1244/341/281
f 1223/320/261 1222/319/260 1237/342/282 1238/346/284
f 1216/322/263 1215/321/262 1230/344/283 1231/347/285
f 1224/323/264 1223/320/261 1238/346/284 1239/348/286
f 1217/324/265 1216/322/263 1231/347/285 1232/349/287
f 1225/325/266 1224/323/264 1239/348/286 1240/350/288
f 1218/326/267 1217/324/265 1232/349/287 1233/351/289
f 1230/344/283 1079/367/63 1245/352/290
f 1305/368/31 1244/341/281 1259/365/303
f 1238/346/284 1237/342/282 1252/366/304 1253/354/292
f 1231/347/285 1230/344/283 1245/352/290 1246/353/291
f 1239/348/286 1238/346/284 1253/354/292 1254/355/293
f 1232/349/287 1231/347/285 1246/353/291 1247/356/294
f 1240/350/288 1239/348/286 1254/355/293 1255/357/295
f 1233/351/289 1232/349/287 1247/356/294 1248/358/296
f 1241/2/275 1240/350/288 1255/357/295 1256/359/297
f 1234/337/277 1233/351/289 1248/358/296 1249/360/298
f 1242/336/276 1241/2/275 1256/359/297 1257/361/299
f 1235/338/278 1234/337/277 1249/360/298 1250/362/300
f 1243/339/279 1242/336/276 1257/361/299 1258/363/301
f 1236/340/280 1235/338/278 1250/362/300 1251/364/302
f 1244/341/281 1243/339/279 1258/363/301 1259/365/303
f 1237/342/282 1236/340/280 1251/364/302 1252/366/304
f 1249/360/298 1248/358/296 1263/384/318 1264/369/305
f 1257/361/299 1256/359/297 1271/385/319 1272/371/307
f 1250/362/300 1249/360/298 1264/369/305 1265/370/306
f 1258/363/301 1257/361/299 1272/371/307 1273/372/308
f 1251/364/302 1250/362/300 1265/370/306 1266/373/309
f 1259/365/303 1258/363/301 1273/372/308 1274/374/310
f 1252/366/304 1251/364/302 1266/373/309 1267/375/311
f 1245/352/290 1079/376/63 1260/377/312
f 1305/378/31 1259/365/303 1274/374/310
f 1253/354/292 1252/366/304 1267/375/311 1268/379/313
f 1246/353/291 1245/352/290 1260/377/312 1261/380/314
f 1254/355/293 1253/354/292 1268/379/313 1269/381/315
f 1247/356/294 1246/353/291 1261/380/314 1262/382/316
f 1255/357/295 1254/355/293 1269/381/315 1270/383/317
f 1248/358/296 1247/356/294 1262/382/316 1263/384/318
f 1256/359/297 1255/357/295 1270/383/317 1271/385/319
f 1268/379/313 1267/375/311 1282/399/333 1283/386/320
f 1261/380/314 1260/377/312 1275/401/334 1276/388/322
f 1269/381/315 1268/379/313 1283/386/320 1284/387/321
f 1262/382/316 1261/380/314 1276/388/322 1277/389/517
f 1270/383/317 1269/381/315 1284/387/321 1285/390/324
f 1263/384/318 1262/382/316 1277/389/517 1278/391/325
f 1271/385/319 1270/383/317 1285/390/324 1286/392/326
f 1264/369/305 1263/384/318 1278/391/325 1279/393/327
f 1272/371/307 1271/385/319 1286/392/326 1287/394/328
f 1265/370/306 1264/369/305 1279/393/327 1280/395/329
f 1273/372/308 1272/371/307 1287/394/328 1288/396/330
f 1266/373/309 1265/370/306 1280/395/329 1281/397/331
f 1274/374/310 1273/372/308 1288/396/330 1289/398/332
f 1267/375/311 1266/373/309 1281/397/331 1282/399/333
f 1260/377/312 1079/400/63 1275/401/334
f 1305/402/31 1274/374/310 1289/398/332
f 1287/394/328 1286/392/326 1301/418/348 1302/403/335
f 1280/395/329 1279/393/327 1294/419/349 1295/405/337
f 1288/396/330 1287/394/328 1302/403/335 1303/404/336
f 1281/397/331 1280/395/329 1295/405/337 1296/406/338
f 1289/398/332 1288/396/330 1303/404/336 1304/407/339
f 1282/399/333 1281/397/331 1296/406/338 1297/408/340
f 1275/401/334 1079/409/63 1290/410/341
f 1305/411/31 1289/398/332 1304/407/339
f 1283/386/320 1282/399/333 1297/408/340 1298/412/342
f 1276/388/322 1275/401/334 1290/410/341 1291/413/343
f 1284/387/321 1283/386/320 1298/412/342 1299/414/344
f 1277/389/517 1276/388/322 1291/413/343 1292/415/345
f 1285/390/324 1284/387/321 1299/414/344 1300/416/346
f 1278/391/325 1277/389/517 1292/415/345 1293/417/347
f 1286/392/326 1285/390/324 1300/416/346 1301/418/348
f 1279/393/327 1278/391/325 1293/417/347 1294/419/349
f 1299/414/344 1298/412/342 1314/435/363 1315/420/350
f 1292/415/345 1291/413/343 1307/436/364 1308/422/352
f 1300/416/346 1299/414/344 1315/420/350 1316/421/351
f 1293/417/347 1292/415/345 1308/422/352 1309/423/353
f 1301/418/348 1300/416/346 1316/421/351 1317/424/354
f 1294/419/349 1293/417/347 1309/423/353 1310/425/355
f 1302/403/335 1301/418/348 1317/424/354 1318/426/356
f 1295/405/337 1294/419/349 1310/425/355 1311/427/357
f 1303/404/336 1302/403/335 1318/426/356 1319/428/358
f 1296/406/338 1295/405/337 1311/427/357 1312/429/359
f 1304/407/339 1303/404/336 1319/428/358 1320/430/360
f 1297/408/340 1296/406/338 1312/429/359 1313/431/361
f 1290/410/341 1079/432/63 1306/433/362
f 1305/434/31 1304/407/339 1320/430/360
f 1298/412/342 1297/408/340 1313/431/361 1314/435/363
f 1291/413/343 1290/410/341 1306/433/362 1307/436/364
f 1319/428/358 1318/426/356 1333/452/378 1334/437/365
f 1312/429/359 1311/427/357 1326/453/379 1327/439/367
f 1320/430/360 1319/428/358 1334/437/365 1335/438/366
f 1313/431/361 1312/429/359 1327/439/367 1328/440/368
f 1306/433/362 1079/441/63 1321/442/369
f 1305/443/31 1320/430/360 1335/438/366
f 1314/435/363 1313/431/361 1328/440/368 1329/444/370
f 1307/436/364 1306/433/362 1321/442/369 1322/445/371
f 1315/420/350 1314/435/363 1329/444/370 1330/446/372
f 1308/422/352 1307/436/364 1322/445/371 1323/447/373
f 1316/421/351 1315/420/350 1330/446/372 1331/448/374
f 1309/423/353 1308/422/352 1323/447/373 1324/449/375
f 1317/424/354 1316/421/351 1331/448/374 1332/450/376
f 1310/425/355 1309/423/353 1324/449/375 1325/451/377
f 1318/426/356 1317/424/354 1332/450/376 1333/452/378
f 1311/427/357 1310/425/355 1325/451/377 1326/453/379
f 1323/447/373 1322/445/371 1337/469/393 1338/454/380
f 1331/448/374 1330/446/372 1345/470/394 1346/456/382
f 1324/449/375 1323/447/373 1338/454/380 1339/455/381
f 1332/450/376 1331/448/374 1346/456/382 1347/457/383
f 1325/451/377 1324/449/375 1339/455/381 1340/458/384
f 1333/452/378 1332/450/376 1347/457/383 1348/459/385
f 1326/453/379 1325/451/377 1340/458/384 1341/460/386
f 1334/437/365 1333/452/378 1348/459/385 1349/461/387
f 1327/439/367 1326/453/379 1341/460/386 1342/462/388
f 1335/438/366 1334/437/365 1349/461/387 1350/463/389
f 1328/440/368 1327/439/367 1342/462/388 1343/464/390
f 1321/442/369 1079/465/63 1336/466/391
f 1305/467/31 1335/438/366 1350/463/389
f 1329/444/370 1328/440/368 1343/464/390 1344/468/392
f 1322/445/371 1321/442/369 1336/466/391 1337/469/393
f 1330/446/372 1329/444/370 1344/468/392 1345/470/394
f 1342/462/388 1341/460/386 1356/486/408 1357/471/395
f 1350/463/389 1349/461/387 1364/487/409 1365/476/398
f 1343/464/390 1342/462/388 1357/471/395 1358/472/396
f 1336/466/391 1079/473/63 1351/474/397
f 1305/475/31 1350/463/389 1365/476/398
f 1344/468/392 1343/464/390 1358/472/396 1359/477/399
f 1337/469/393 1336/466/391 1351/474/397 1352/478/400
f 1345/470/394 1344/468/392 1359/477/399 1360/479/401
f 1338/454/380 1337/469/393 1352/478/400 1353/480/402
f 1346/456/382 1345/470/394 1360/479/401 1361/481/403
f 1339/455/381 1338/454/380 1353/480/402 1354/482/404
f 1347/457/383 1346/456/382 1361/481/403 1362/483/405
f 1340/458/384 1339/455/381 1354/482/404 1355/484/406
f 1348/459/385 1347/457/383 1362/483/405 1363/485/407
f 1341/460/386 1340/458/384 1355/484/406 1356/486/408
f 1349/461/387 1348/459/385 1363/485/407 1364/487/409
f 1361/489/403 1360/516/401 1375/517/423 1376/490/410
f 1354/493/404 1353/518/402 1368/519/424 1369/494/412
f 1362/488/405 1361/489/403 1376/490/410 1377/491/411
f 1355/492/406 1354/493/404 1369/494/412 1370/495/413
f 1363/496/407 1362/488/405 1377/491/411 1378/497/414
f 1356/498/408 1355/492/406 1370/495/413 1371/499/415
f 1364/500/409 1363/496/407 1378/497/414 1379/501/416
f 1357/502/395 1356/498/408 1371/499/415 1372/503/417
f 1365/504/398 1364/500/409 1379/501/416 1380/505/418
f 1358/506/396 1357/502/395 1372/503/417 1373/507/419
f 1351/508/397 1079/509/63 1366/510/420
f 1305/511/31 1365/504/398 1380/505/418
f 1359/512/399 1358/506/396 1373/507/419 1374/513/421
f 1352/514/400 1351/508/397 1366/510/420 1367/515/422
f 1360/516/401 1359/512/399 1374/513/421 1375/517/423
f 1353/518/402 1352/514/400 1367/515/422 1368/519/424
f 1380/505/418 1379/501/416 1394/535/438 1395/523/426
f 1373/507/419 1372/503/417 1387/536/439 1388/524/427
f 1366/510/420 1079/520/63 1381/521/425
f 1305/522/31 1380/505/418 1395/523/426
f 1374/513/421 1373/507/419 1388/524/427 1389/525/428
f 1367/515/422 1366/510/420 1381/521/425 1382/526/429
f 1375/517/423 1374/513/421 1389/525/428 1390/527/430
f 1368/519/424 1367/515/422 1382/526/429 1383/528/431
f 1376/490/410 1375/517/423 1390/527/430 1391/529/432
f 1369/494/412 1368/519/424 1383/528/431 1384/530/433
f 1377/491/411 1376/490/410 1391/529/432 1392/531/434
f 1370/495/413 1369/494/412 1384/530/433 1385/532/435
f 1378/497/414 1377/491/411 1392/531/434 1393/533/436
f 1371/499/415 1370/495/413 1385/532/435 1386/534/437
f 1379/501/416 1378/497/414 1393/533/436 1394/535/438
f 1372/503/417 1371/499/415 1386/534/437 1387/536/439
f 1384/530/433 1383/528/431 1398/552/453 1399/537/440
f 1392/531/434 1391/529/432 1406/553/454 1407/539/442
f 1385/532/435 1384/530/433 1399/537/440 1400/538/441
f 1393/533/436 1392/531/434 1407/539/442 1408/540/443
f 1386/534/437 1385/532/435 1400/538/441 1401/541/444
f 1394/535/438 1393/533/436 1408/540/443 1409/542/445
f 1387/536/439 1386/534/437 1401/541/444 1402/543/446
f 1395/523/426 1394/535/438 1409/542/445 1410/544/447
f 1388/524/427 1387/536/439 1402/543/446 1403/545/448
f 1381/521/425 1079/546/63 1396/547/449
f 1305/548/31 1395/523/426 1410/544/447
f 1389/525/428 1388/524/427 1403/545/448 1404/549/450
f 1382/526/429 1381/521/425 1396/547/449 1397/550/451
f 1390/527/430 1389/525/428 1404/549/450 1405/551/452
f 1383/528/431 1382/526/429 1397/550/451 1398/552/453
f 1391/529/432 1390/527/430 1405/551/452 1406/553/454
f 1403/545/448 1402/543/446 1417/567/468 1418/554/455
f 1396/547/449 1079/569/63 1411/556/457
f 1305/570/31 1410/544/447 1425/568/469
f 1404/549/450 1403/545/448 1418/554/455 1419/555/456
f 1397/550/451 1396/547/449 1411/556/457 1412/557/458
f 1405/551/452 1404/549/450 1419/555/456 1420/558/459
f 1398/552/453 1397/550/451 1412/557/458 1413/559/460
f 1406/553/454 1405/551/452 1420/558/459 1421/560/461
f 1399/537/440 1398/552/453 1413/559/460 1414/561/462
f 1407/539/442 1406/553/454 1421/560/461 1422/562/463
f 1400/538/441 1399/537/440 1414/561/462 1415/563/464
f 1408/540/443 1407/539/442 1422/562/463 1423/564/465
f 1401/541/444 1400/538/441 1415/563/464 1416/565/466
f 1409/542/445 1408/540/443 1423/564/465 1424/566/467
f 1402/543/446 1401/541/444 1416/565/466 1417/567/468
f 1410/544/447 1409/542/445 1424/566/467 1425/568/469
f 1422/562/463 1421/560/461 1436/586/483 1437/571/470
f 1415/563/464 1414/561/462 1429/587/484 1430/573/472
f 1423/564/465 1422/562/463 1437/571/470 1438/572/471
f 1416/565/466 1415/563/464 1430/573/472 1431/574/473
f 1424/566/467 1423/564/465 1438/572/471 1439/575/474
f 1417/567/468 1416/565/466 1431/574/473 1432/576/475
f 1425/568/469 1424/566/467 1439/575/474 1440/577/476
f 1418/554/455 1417/567/468 1432/576/475 1433/578/477
f 1411/556/457 1079/579/63 1426/580/478
f 1305/581/31 1425/568/469 1440/577/476
f 1419/555/456 1418/554/455 1433/578/477 1434/582/479
f 1412/557/458 1411/556/457 1426/580/478 1427/583/480
f 1420/558/459 1419/555/456 1434/582/479 1435/584/481
f 1413/559/460 1412/557/458 1427/583/480 1428/585/482
f 1421/560/461 1420/558/459 1435/584/481 1436/586/483
f 1414/561/462 1413/559/460 1428/585/482 1429/587/484
f 1305/604/31 1440/577/476 1455/600/497
f 1434/582/479 1433/578/477 1448/601/498 1449/588/485
f 1427/583/480 1426/580/478 1441/603/499 1442/590/487
f 1435/584/481 1434/582/479 1449/588/485 1450/589/486
f 1428/585/482 1427/583/480 1442/590/487 1443/591/488
f 1436/586/483 1435/584/481 1450/589/486 1451/592/489
f 1429/587/484 1428/585/482 1443/591/488 1444/593/490
f 1437/571/470 1436/586/483 1451/592/489 1452/594/491
f 1430/573/472 1429/587/484 1444/593/490 1445/595/492
f 1438/572/471 1437/571/470 1452/594/491 1453/596/493
f 1431/574/473 1430/573/472 1445/595/492 1446/597/494
f 1439/575/474 1438/572/471 1453/596/493 1454/598/495
f 1432/576/475 1431/574/473 1446/597/494 1447/599/496
f 1440/577/476 1439/575/474 1454/598/495 1455/600/497
f 1433/578/477 1432/576/475 1447/599/496 1448/601/498
f 1426/580/478 1079/602/63 1441/603/499
f 1453/596/493 1452/594/491 1467/620/513 1468/605/500
f 1446/597/494 1445/595/492 1460/621/514 1461/607/502
f 1454/598/495 1453/596/493 1468/605/500 1469/606/501
f 1447/599/496 1446/597/494 1461/607/502 1462/608/503
f 1455/600/497 1454/598/495 1469/606/501 1470/609/504
f 1448/601/498 1447/599/496 1462/608/503 1463/610/505
f 1441/603/499 1079/611/63 1456/612/506
f 1305/613/31 1455/600/497 1470/609/504
f 1449/588/485 1448/601/498 1463/610/505 1464/614/507
f 1442/590/487 1441/603/499 1456/612/506 1457/615/508
f 1450/589/486 1449/588/485 1464/614/507 1465/616/509
f 1443/591/488 1442/590/487 1457/615/508 1458/617/510
f 1451/592/489 1450/589/486 1465/616/509 1466/618/511
f 1444/593/490 1443/591/488 1458/617/510 1459/619/512
f 1452/594/491 1451/592/489 1466/618/511 1467/620/513
f 1445/595/492 1444/593/490 1459/619/512 1460/621/514
f 1457/615/508 1456/612/506 1471/94/62 1472/71/39
f 1465/616/509 1464/614/507 1002/67/35 1475/66/34
f 1458/617/510 1457/615/508 1472/71/39 998/70/38
f 1466/618/511 1465/616/509 1475/66/34 1003/74/42
f 1459/619/512 1458/617/510 998/70/38 1473/76/44
f 1467/620/513 1466/618/511 1003/74/42 1476/78/46
f 1460/621/514 1459/619/512 1473/76/44 999/80/48
f 1468/605/500 1467/620/513 1476/78/46 1477/82/50
f 1461/607/502 1460/621/514 999/80/48 1474/84/52
f 1469/606/501 1468/605/500 1477/82/50 1478/86/54
f 1462/608/503 1461/607/502 1474/84/52 1000/88/56
f 1470/609/504 1469/606/501 1478/86/54 1479/90/58
f 1463/610/505 1462/608/503 1000/88/56 1001/92/60
f 1456/612/506 1079/622/63 1471/94/62
f 1305/623/31 1470/609/504 1479/90/58
f 1464/614/507 1463/610/505 1001/92/60 1002/67/35
usemtl tete.002
f 1957/66/34 1484/67/35 1494/68/36 1495/69/37
f 1480/70/38 1954/71/39 1487/72/40 1488/73/41
f 1485/74/42 1957/66/34 1495/69/37 1496/75/43
f 1955/76/44 1480/70/38 1488/73/41 1489/77/45
f 1958/78/46 1485/74/42 1496/75/43 1497/79/47
f 1481/80/48 1955/76/44 1489/77/45 1490/81/49
f 1959/82/50 1958/78/46 1497/79/47 1498/83/51
f 1956/84/52 1481/80/48 1490/81/49 1491/85/53
f 1960/86/54 1959/82/50 1498/83/51 1499/87/55
f 1482/88/56 1956/84/52 1491/85/53 1492/89/57
f 1961/90/58 1960/86/54 1499/87/55 1500/91/59
f 1483/92/60 1482/88/56 1492/89/57 1493/93/61
f 1953/94/62 1561/95/63 1486/96/64
f 1787/97/31 1961/90/58 1500/91/59
f 1484/67/35 1483/92/60 1493/93/61 1494/68/36
f 1954/71/39 1953/94/62 1486/96/64 1487/72/40
f 1787/98/31 1500/91/59 1515/99/65
f 1494/68/36 1493/93/61 1508/100/66 1509/101/67
f 1487/72/40 1486/96/64 1501/102/68 1502/103/69
f 1495/69/37 1494/68/36 1509/101/67 1510/104/70
f 1488/73/41 1487/72/40 1502/103/69 1503/105/71
f 1496/75/43 1495/69/37 1510/104/70 1511/106/72
f 1489/77/45 1488/73/41 1503/105/71 1504/107/73
f 1497/79/47 1496/75/43 1511/106/72 1512/108/74
f 1490/81/49 1489/77/45 1504/107/73 1505/109/75
f 1498/83/51 1497/79/47 1512/108/74 1513/110/76
f 1491/85/53 1490/81/49 1505/109/75 1506/111/77
f 1499/87/55 1498/83/51 1513/110/76 1514/112/78
f 1492/89/57 1491/85/53 1506/111/77 1507/113/79
f 1500/91/59 1499/87/55 1514/112/78 1515/99/65
f 1493/93/61 1492/89/57 1507/113/79 1508/100/66
f 1486/96/64 1561/114/63 1501/102/68
f 1513/110/76 1512/108/74 1527/115/80 1528/116/81
f 1506/111/77 1505/109/75 1520/117/82 1521/118/83
f 1514/112/78 1513/110/76 1528/116/81 1529/119/84
f 1507/113/79 1506/111/77 1521/118/83 1522/120/85
f 1515/99/65 1514/112/78 1529/119/84 1530/121/86
f 1508/100/66 1507/113/79 1522/120/85 1523/122/87
f 1501/102/68 1561/123/63 1516/124/88
f 1787/125/31 1515/99/65 1530/121/86
f 1509/101/67 1508/100/66 1523/122/87 1524/126/89
f 1502/103/69 1501/102/68 1516/124/88 1517/127/90
f 1510/104/70 1509/101/67 1524/126/89 1525/128/91
f 1503/105/71 1502/103/69 1517/127/90 1518/129/92
f 1511/106/72 1510/104/70 1525/128/91 1526/130/93
f 1504/107/73 1503/105/71 1518/129/92 1519/131/94
f 1512/108/74 1511/106/72 1526/130/93 1527/115/80
f 1505/109/75 1504/107/73 1519/131/94 1520/117/82
f 1517/127/90 1516/124/88 1531/132/95 1532/133/96
f 1525/128/91 1524/126/89 1539/134/97 1540/135/98
f 1518/129/92 1517/127/90 1532/133/96 1533/136/99
f 1526/130/93 1525/128/91 1540/135/98 1541/137/100
f 1519/131/94 1518/129/92 1533/136/99 1534/138/101
f 1527/115/80 1526/130/93 1541/137/100 1542/139/102
f 1520/117/82 1519/131/94 1534/138/101 1535/140/103
f 1528/116/81 1527/115/80 1542/139/102 1543/141/104
f 1521/118/83 1520/117/82 1535/140/103 1536/142/105
f 1529/119/84 1528/116/81 1543/141/104 1544/143/106
f 1522/120/85 1521/118/83 1536/142/105 1537/144/107
f 1530/121/86 1529/119/84 1544/143/106 1545/145/108
f 1523/122/87 1522/120/85 1537/144/107 1538/146/109
f 1516/124/88 1561/147/63 1531/132/95
f 1787/148/31 1530/121/86 1545/145/108
f 1524/126/89 1523/122/87 1538/146/109 1539/134/97
f 1536/142/105 1535/140/103 1550/149/110 1551/150/111
f 1544/143/106 1543/141/104 1558/151/112 1559/152/113
f 1537/144/107 1536/142/105 1551/150/111 1552/153/114
f 1545/145/108 1544/143/106 1559/152/113 1560/154/115
f 1538/146/109 1537/144/107 1552/153/114 1553/155/116
f 1531/132/95 1561/156/63 1546/157/117
f 1787/158/31 1545/145/108 1560/154/115
f 1539/134/97 1538/146/109 1553/155/116 1554/159/118
f 1532/133/96 1531/132/95 1546/157/117 1547/160/119
f 1540/135/98 1539/134/97 1554/159/118 1555/161/120
f 1533/136/99 1532/133/96 1547/160/119 1548/162/121
f 1541/137/100 1540/135/98 1555/161/120 1556/163/122
f 1534/138/101 1533/136/99 1548/162/121 1549/164/123
f 1542/139/102 1541/137/100 1556/163/122 1557/165/124
f 1535/140/103 1534/138/101 1549/164/123 1550/149/110
f 1543/141/104 1542/139/102 1557/165/124 1558/151/112
f 1555/161/120 1554/159/118 1570/166/125 1571/167/126
f 1548/162/121 1547/160/119 1563/168/127 1564/169/128
f 1556/163/122 1555/161/120 1571/167/126 1572/170/129
f 1549/164/123 1548/162/121 1564/169/128 1565/171/130
f 1557/165/124 1556/163/122 1572/170/129 1573/172/131
f 1550/149/110 1549/164/123 1565/171/130 1566/173/132
f 1558/151/112 1557/165/124 1573/172/131 1574/174/133
f 1551/150/111 1550/149/110 1566/173/132 1567/175/134
f 1559/152/113 1558/151/112 1574/174/133 1575/176/135
f 1552/153/114 1551/150/111 1567/175/134 1568/177/136
f 1560/154/115 1559/152/113 1575/176/135 1576/178/137
f 1553/155/116 1552/153/114 1568/177/136 1569/179/138
f 1546/157/117 1561/180/63 1562/181/139
f 1787/182/31 1560/154/115 1576/178/137
f 1554/159/118 1553/155/116 1569/179/138 1570/166/125
f 1547/160/119 1546/157/117 1562/181/139 1563/168/127
f 1575/176/135 1574/174/133 1589/183/140 1590/184/141
f 1568/177/136 1567/175/134 1582/185/142 1583/186/143
f 1576/178/137 1575/176/135 1590/184/141 1591/187/144
f 1569/179/138 1568/177/136 1583/186/143 1584/188/145
f 1562/181/139 1561/189/63 1577/190/146
f 1787/191/31 1576/178/137 1591/187/144
f 1570/166/125 1569/179/138 1584/188/145 1585/192/147
f 1563/168/127 1562/181/139 1577/190/146 1578/193/148
f 1571/167/126 1570/166/125 1585/192/147 1586/194/149
f 1564/169/128 1563/168/127 1578/193/148 1579/195/150
f 1572/170/129 1571/167/126 1586/194/149 1587/196/151
f 1565/171/130 1564/169/128 1579/195/150 1580/197/152
f 1573/172/131 1572/170/129 1587/196/151 1588/198/153
f 1566/173/132 1565/171/130 1580/197/152 1581/199/154
f 1574/174/133 1573/172/131 1588/198/153 1589/183/140
f 1567/175/134 1566/173/132 1581/199/154 1582/185/142
f 1579/195/150 1578/193/148 1593/200/155 1594/201/156
f 1587/196/151 1586/194/149 1601/202/157 1602/203/158
f 1580/197/152 1579/195/150 1594/201/156 1595/204/159
f 1588/198/153 1587/196/151 1602/203/158 1603/205/160
f 1581/199/154 1580/197/152 1595/204/159 1596/206/161
f 1589/183/140 1588/198/153 1603/205/160 1604/207/162
f 1582/185/142 1581/199/154 1596/206/161 1597/208/163
f 1590/184/141 1589/183/140 1604/207/162 1605/209/164
f 1583/186/143 1582/185/142 1597/208/163 1598/210/165
f 1591/187/144 1590/184/141 1605/209/164 1606/211/166
f 1584/188/145 1583/186/143 1598/210/165 1599/212/167
f 1577/190/146 1561/213/63 1592/214/168
f 1787/215/31 1591/187/144 1606/211/166
f 1585/192/147 1584/188/145 1599/212/167 1600/216/169
f 1578/193/148 1577/190/146 1592/214/168 1593/200/155
f 1586/194/149 1585/192/147 1600/216/169 1601/202/157
f 1598/210/165 1597/208/163 1612/217/170 1613/218/171
f 1606/211/166 1605/209/164 1620/219/172 1621/220/173
f 1599/212/167 1598/210/165 1613/218/171 1614/221/174
f 1592/214/168 1561/222/63 1607/223/175
f 1787/224/31 1606/211/166 1621/220/173
f 1600/216/169 1599/212/167 1614/221/174 1615/225/176
f 1593/200/155 1592/214/168 1607/223/175 1608/226/177
f 1601/202/157 1600/216/169 1615/225/176 1616/227/178
f 1594/201/156 1593/200/155 1608/226/177 1609/228/179
f 1602/203/158 1601/202/157 1616/227/178 1617/229/180
f 1595/204/159 1594/201/156 1609/228/179 1610/230/181
f 1603/205/160 1602/203/158 1617/229/180 1618/231/182
f 1596/206/161 1595/204/159 1610/230/181 1611/232/183
f 1604/207/162 1603/205/160 1618/231/182 1619/233/184
f 1597/208/163 1596/206/161 1611/232/183 1612/217/170
f 1605/209/164 1604/207/162 1619/233/184 1620/219/172
f 1617/229/180 1616/227/178 1631/234/185 1632/235/186
f 1610/230/181 1609/228/179 1624/236/187 1625/237/188
f 1618/231/182 1617/229/180 1632/235/186 1633/238/189
f 1611/232/183 1610/230/181 1625/237/188 1626/239/190
f 1619/233/184 1618/231/182 1633/238/189 1634/240/191
f 1612/217/170 1611/232/183 1626/239/190 1627/241/192
f 1620/219/172 1619/233/184 1634/240/191 1635/242/193
f 1613/218/171 1612/217/170 1627/241/192 1628/243/194
f 1621/220/173 1620/219/172 1635/242/193 1636/244/195
f 1614/221/174 1613/218/171 1628/243/194 1629/245/196
f 1607/223/175 1561/246/63 1622/247/197
f 1787/248/31 1621/220/173 1636/244/195
f 1615/225/176 1614/221/174 1629/245/196 1630/249/198
f 1608/226/177 1607/223/175 1622/247/197 1623/250/199
f 1616/227/178 1615/225/176 1630/249/198 1631/234/185
f 1609/228/179 1608/226/177 1623/250/199 1624/236/187
f 1636/244/195 1635/242/193 1650/251/200 1651/252/201
f 1629/245/196 1628/243/194 1643/253/202 1644/254/203
f 1622/247/197 1561/255/63 1637/256/204
f 1787/257/31 1636/244/195 1651/252/201
f 1630/249/198 1629/245/196 1644/254/203 1645/258/205
f 1623/250/199 1622/247/197 1637/256/204 1638/259/206
f 1631/234/185 1630/249/198 1645/258/205 1646/260/207
f 1624/236/187 1623/250/199 1638/259/206 1639/261/208
f 1632/235/186 1631/234/185 1646/260/207 1647/262/209
f 1625/237/188 1624/236/187 1639/261/208 1640/263/210
f 1633/238/189 1632/235/186 1647/262/209 1648/264/211
f 1626/239/190 1625/237/188 1640/263/210 1641/265/212
f 1634/240/191 1633/238/189 1648/264/211 1649/266/213
f 1627/241/192 1626/239/190 1641/265/212 1642/267/214
f 1635/242/193 1634/240/191 1649/266/213 1650/251/200
f 1628/243/194 1627/241/192 1642/267/214 1643/253/202
f 1648/264/211 1647/262/209 1662/268/215 1663/269/216
f 1641/265/212 1640/263/210 1655/270/217 1656/271/218
f 1649/266/213 1648/264/211 1663/269/216 1664/272/219
f 1642/267/214 1641/265/212 1656/271/218 1657/273/220
f 1650/251/200 1649/266/213 1664/272/219 1665/274/221
f 1643/253/202 1642/267/214 1657/273/220 1658/275/222
f 1651/252/201 1650/251/200 1665/274/221 1666/276/223
f 1644/254/203 1643/253/202 1658/275/222 1659/277/224
f 1637/256/204 1561/278/63 1652/279/225
f 1787/280/31 1651/252/201 1666/276/223
f 1645/258/205 1644/254/203 1659/277/224 1660/281/226
f 1638/259/206 1637/256/204 1652/279/225 1653/282/227
f 1646/260/207 1645/258/205 1660/281/226 1661/283/228
f 1639/261/208 1638/259/206 1653/282/227 1654/284/229
f 1647/262/209 1646/260/207 1661/283/228 1662/268/215
f 1640/263/210 1639/261/208 1654/284/229 1655/270/217
f 1652/279/225 1561/285/63 1667/286/230
f 1787/287/31 1666/276/223 1681/288/231
f 1660/281/226 1659/277/224 1674/289/232 1675/290/233
f 1653/282/227 1652/279/225 1667/286/230 1668/291/234
f 1661/283/228 1660/281/226 1675/290/233 1676/292/235
f 1654/284/229 1653/282/227 1668/291/234 1669/293/236
f 1662/268/215 1661/283/228 1676/292/235 1677/294/237
f 1655/270/217 1654/284/229 1669/293/236 1670/295/238
f 1663/269/216 1662/268/215 1677/294/237 1678/296/239
f 1656/271/218 1655/270/217 1670/295/238 1671/297/240
f 1664/272/219 1663/269/216 1678/296/239 1679/298/241
f 1657/273/220 1656/271/218 1671/297/240 1672/299/242
f 1665/274/221 1664/272/219 1679/298/241 1680/300/243
f 1658/275/222 1657/273/220 1672/299/242 1673/301/244
f 1666/276/223 1665/274/221 1680/300/243 1681/288/231
f 1659/277/224 1658/275/222 1673/301/244 1674/289/232
f 1671/297/240 1670/295/238 1685/302/245 1686/303/246
f 1679/298/241 1678/296/239 1693/304/247 1694/305/248
f 1672/299/242 1671/297/240 1686/303/246 1687/306/249
f 1680/300/243 1679/298/241 1694/305/248 1695/307/250
f 1673/301/244 1672/299/242 1687/306/249 1688/308/251
f 1681/288/231 1680/300/243 1695/307/250 1696/309/252
f 1674/289/232 1673/301/244 1688/308/251 1689/310/253
f 1667/286/230 1561/311/63 1682/312/254
f 1787/313/31 1681/288/231 1696/309/252
f 1675/290/233 1674/289/232 1689/310/253 1690/314/255
f 1668/291/234 1667/286/230 1682/312/254 1683/315/256
f 1676/292/235 1675/290/233 1690/314/255 1691/316/257
f 1669/293/236 1668/291/234 1683/315/256 1684/317/258
f 1677/294/237 1676/292/235 1691/316/257 1692/318/259
f 1670/295/238 1669/293/236 1684/317/258 1685/302/245
f 1678/296/239 1677/294/237 1692/318/259 1693/304/247
f 1690/314/255 1689/310/253 1704/319/260 1705/320/261
f 1683/315/256 1682/312/254 1697/321/262 1698/322/263
f 1691/316/257 1690/314/255 1705/320/261 1706/323/264
f 1684/317/258 1683/315/256 1698/322/263 1699/324/265
f 1692/318/259 1691/316/257 1706/323/264 1707/325/266
f 1685/302/245 1684/317/258 1699/324/265 1700/326/267
f 1693/304/247 1692/318/259 1707/325/266 1708/327/268
f 1686/303/246 1685/302/245 1700/326/267 1701/328/269
f 1694/305/248 1693/304/247 1708/327/268 1709/329/270
f 1687/306/249 1686/303/246 1701/328/269 1702/330/271
f 1695/307/250 1694/305/248 1709/329/270 1710/331/272
f 1688/308/251 1687/306/249 1702/330/271 1703/332/273
f 1696/309/252 1695/307/250 1710/331/272 1711/333/274
f 1689/310/253 1688/308/251 1703/332/273 1704/319/260
f 1682/312/254 1561/334/63 1697/321/262
f 1787/335/31 1696/309/252 1711/333/274
f 1709/329/270 1708/327/268 1723/2/275 1724/336/276
f 1702/330/271 1701/328/269 1716/337/277 1717/338/278
f 1710/331/272 1709/329/270 1724/336/276 1725/339/279
f 1703/332/273 1702/330/271 1717/338/278 1718/340/280
f 1711/333/274 1710/331/272 1725/339/279 1726/341/281
f 1704/319/260 1703/332/273 1718/340/280 1719/342/282
f 1697/321/262 1561/343/63 1712/344/283
f 1787/345/31 1711/333/274 1726/341/281
f 1705/320/261 1704/319/260 1719/342/282 1720/346/284
f 1698/322/263 1697/321/262 1712/344/283 1713/347/285
f 1706/323/264 1705/320/261 1720/346/284 1721/348/286
f 1699/324/265 1698/322/263 1713/347/285 1714/349/287
f 1707/325/266 1706/323/264 1721/348/286 1722/350/288
f 1700/326/267 1699/324/265 1714/349/287 1715/351/289
f 1708/327/268 1707/325/266 1722/350/288 1723/2/275
f 1701/328/269 1700/326/267 1715/351/289 1716/337/277
f 1713/347/285 1712/344/283 1727/352/290 1728/353/291
f 1721/348/286 1720/346/284 1735/354/292 1736/355/293
f 1714/349/287 1713/347/285 1728/353/291 1729/356/294
f 1722/350/288 1721/348/286 1736/355/293 1737/357/295
f 1715/351/289 1714/349/287 1729/356/294 1730/358/296
f 1723/2/275 1722/350/288 1737/357/295 1738/359/297
f 1716/337/277 1715/351/289 1730/358/296 1731/360/298
f 1724/336/276 1723/2/275 1738/359/297 1739/361/299
f 1717/338/278 1716/337/277 1731/360/298 1732/362/300
f 1725/339/279 1724/336/276 1739/361/299 1740/363/301
f 1718/340/280 1717/338/278 1732/362/300 1733/364/302
f 1726/341/281 1725/339/279 1740/363/301 1741/365/303
f 1719/342/282 1718/340/280 1733/364/302 1734/366/304
f 1712/344/283 1561/367/63 1727/352/290
f 1787/368/31 1726/341/281 1741/365/303
f 1720/346/284 1719/342/282 1734/366/304 1735/354/292
f 1732/362/300 1731/360/298 1746/369/305 1747/370/306
f 1740/363/301 1739/361/299 1754/371/307 1755/372/308
f 1733/364/302 1732/362/300 1747/370/306 1748/373/309
f 1741/365/303 1740/363/301 1755/372/308 1756/374/310
f 1734/366/304 1733/364/302 1748/373/309 1749/375/311
f 1727/352/290 1561/376/63 1742/377/312
f 1787/378/31 1741/365/303 1756/374/310
f 1735/354/292 1734/366/304 1749/375/311 1750/379/313
f 1728/353/291 1727/352/290 1742/377/312 1743/380/314
f 1736/355/293 1735/354/292 1750/379/313 1751/381/315
f 1729/356/294 1728/353/291 1743/380/314 1744/382/316
f 1737/357/295 1736/355/293 1751/381/315 1752/383/317
f 1730/358/296 1729/356/294 1744/382/316 1745/384/318
f 1738/359/297 1737/357/295 1752/383/317 1753/385/319
f 1731/360/298 1730/358/296 1745/384/318 1746/369/305
f 1739/361/299 1738/359/297 1753/385/319 1754/371/307
f 1751/381/315 1750/379/313 1765/386/320 1766/387/321
f 1744/382/316 1743/380/314 1758/388/322 1759/389/517
f 1752/383/317 1751/381/315 1766/387/321 1767/390/324
f 1745/384/318 1744/382/316 1759/389/517 1760/391/325
f 1753/385/319 1752/383/317 1767/390/324 1768/392/326
f 1746/369/305 1745/384/318 1760/391/325 1761/393/327
f 1754/371/307 1753/385/319 1768/392/326 1769/394/328
f 1747/370/306 1746/369/305 1761/393/327 1762/395/329
f 1755/372/308 1754/371/307 1769/394/328 1770/396/330
f 1748/373/309 1747/370/306 1762/395/329 1763/397/331
f 1756/374/310 1755/372/308 1770/396/330 1771/398/332
f 1749/375/311 1748/373/309 1763/397/331 1764/399/333
f 1742/377/312 1561/400/63 1757/401/334
f 1787/402/31 1756/374/310 1771/398/332
f 1750/379/313 1749/375/311 1764/399/333 1765/386/320
f 1743/380/314 1742/377/312 1757/401/334 1758/388/322
f 1770/396/330 1769/394/328 1784/403/335 1785/404/336
f 1763/397/331 1762/395/329 1777/405/337 1778/406/338
f 1771/398/332 1770/396/330 1785/404/336 1786/407/339
f 1764/399/333 1763/397/331 1778/406/338 1779/408/340
f 1757/401/334 1561/409/63 1772/410/341
f 1787/411/31 1771/398/332 1786/407/339
f 1765/386/320 1764/399/333 1779/408/340 1780/412/342
f 1758/388/322 1757/401/334 1772/410/341 1773/413/343
f 1766/387/321 1765/386/320 1780/412/342 1781/414/344
f 1759/389/517 1758/388/322 1773/413/343 1774/415/345
f 1767/390/324 1766/387/321 1781/414/344 1782/416/346
f 1760/391/325 1759/389/517 1774/415/345 1775/417/347
f 1768/392/326 1767/390/324 1782/416/346 1783/418/348
f 1761/393/327 1760/391/325 1775/417/347 1776/419/349
f 1769/394/328 1768/392/326 1783/418/348 1784/403/335
f 1762/395/329 1761/393/327 1776/419/349 1777/405/337
f 1782/416/346 1781/414/344 1797/420/350 1798/421/351
f 1775/417/347 1774/415/345 1790/422/352 1791/423/353
f 1783/418/348 1782/416/346 1798/421/351 1799/424/354
f 1776/419/349 1775/417/347 1791/423/353 1792/425/355
f 1784/403/335 1783/418/348 1799/424/354 1800/426/356
f 1777/405/337 1776/419/349 1792/425/355 1793/427/357
f 1785/404/336 1784/403/335 1800/426/356 1801/428/358
f 1778/406/338 1777/405/337 1793/427/357 1794/429/359
f 1786/407/339 1785/404/336 1801/428/358 1802/430/360
f 1779/408/340 1778/406/338 1794/429/359 1795/431/361
f 1772/410/341 1561/432/63 1788/433/362
f 1787/434/31 1786/407/339 1802/430/360
f 1780/412/342 1779/408/340 1795/431/361 1796/435/363
f 1773/413/343 1772/410/341 1788/433/362 1789/436/364
f 1781/414/344 1780/412/342 1796/435/363 1797/420/350
f 1774/415/345 1773/413/343 1789/436/364 1790/422/352
f 1802/430/360 1801/428/358 1816/437/365 1817/438/366
f 1795/431/361 1794/429/359 1809/439/367 1810/440/368
f 1788/433/362 1561/441/63 1803/442/369
f 1787/443/31 1802/430/360 1817/438/366
f 1796/435/363 1795/431/361 1810/440/368 1811/444/370
f 1789/436/364 1788/433/362 1803/442/369 1804/445/371
f 1797/420/350 1796/435/363 1811/444/370 1812/446/372
f 1790/422/352 1789/436/364 1804/445/371 1805/447/373
f 1798/421/351 1797/420/350 1812/446/372 1813/448/374
f 1791/423/353 1790/422/352 1805/447/373 1806/449/375
f 1799/424/354 1798/421/351 1813/448/374 1814/450/376
f 1792/425/355 1791/423/353 1806/449/375 1807/451/377
f 1800/426/356 1799/424/354 1814/450/376 1815/452/378
f 1793/427/357 1792/425/355 1807/451/377 1808/453/379
f 1801/428/358 1800/426/356 1815/452/378 1816/437/365
f 1794/429/359 1793/427/357 1808/453/379 1809/439/367
f 1806/449/375 1805/447/373 1820/454/380 1821/455/381
f 1814/450/376 1813/448/374 1828/456/382 1829/457/383
f 1807/451/377 1806/449/375 1821/455/381 1822/458/384
f 1815/452/378 1814/450/376 1829/457/383 1830/459/385
f 1808/453/379 1807/451/377 1822/458/384 1823/460/386
f 1816/437/365 1815/452/378 1830/459/385 1831/461/387
f 1809/439/367 1808/453/379 1823/460/386 1824/462/388
f 1817/438/366 1816/437/365 1831/461/387 1832/463/389
f 1810/440/368 1809/439/367 1824/462/388 1825/464/390
f 1803/442/369 1561/465/63 1818/466/391
f 1787/467/31 1817/438/366 1832/463/389
f 1811/444/370 1810/440/368 1825/464/390 1826/468/392
f 1804/445/371 1803/442/369 1818/466/391 1819/469/393
f 1812/446/372 1811/444/370 1826/468/392 1827/470/394
f 1805/447/373 1804/445/371 1819/469/393 1820/454/380
f 1813/448/374 1812/446/372 1827/470/394 1828/456/382
f 1825/464/390 1824/462/388 1839/471/395 1840/472/396
f 1818/466/391 1561/473/63 1833/474/397
f 1787/475/31 1832/463/389 1847/476/398
f 1826/468/392 1825/464/390 1840/472/396 1841/477/399
f 1819/469/393 1818/466/391 1833/474/397 1834/478/400
f 1827/470/394 1826/468/392 1841/477/399 1842/479/401
f 1820/454/380 1819/469/393 1834/478/400 1835/480/402
f 1828/456/382 1827/470/394 1842/479/401 1843/481/403
f 1821/455/381 1820/454/380 1835/480/402 1836/482/404
f 1829/457/383 1828/456/382 1843/481/403 1844/483/405
f 1822/458/384 1821/455/381 1836/482/404 1837/484/406
f 1830/459/385 1829/457/383 1844/483/405 1845/485/407
f 1823/460/386 1822/458/384 1837/484/406 1838/486/408
f 1831/461/387 1830/459/385 1845/485/407 1846/487/409
f 1824/462/388 1823/460/386 1838/486/408 1839/471/395
f 1832/463/389 1831/461/387 1846/487/409 1847/476/398
f 1844/488/405 1843/489/403 1858/490/410 1859/491/411
f 1837/492/406 1836/493/404 1851/494/412 1852/495/413
f 1845/496/407 1844/488/405 1859/491/411 1860/497/414
f 1838/498/408 1837/492/406 1852/495/413 1853/499/415
f 1846/500/409 1845/496/407 1860/497/414 1861/501/416
f 1839/502/395 1838/498/408 1853/499/415 1854/503/417
f 1847/504/398 1846/500/409 1861/501/416 1862/505/418
f 1840/506/396 1839/502/395 1854/503/417 1855/507/419
f 1833/508/397 1561/509/63 1848/510/420
f 1787/511/31 1847/504/398 1862/505/418
f 1841/512/399 1840/506/396 1855/507/419 1856/513/421
f 1834/514/400 1833/508/397 1848/510/420 1849/515/422
f 1842/516/401 1841/512/399 1856/513/421 1857/517/423
f 1835/518/402 1834/514/400 1849/515/422 1850/519/424
f 1843/489/403 1842/516/401 1857/517/423 1858/490/410
f 1836/493/404 1835/518/402 1850/519/424 1851/494/412
f 1848/510/420 1561/520/63 1863/521/425
f 1787/522/31 1862/505/418 1877/523/426
f 1856/513/421 1855/507/419 1870/524/427 1871/525/428
f 1849/515/422 1848/510/420 1863/521/425 1864/526/429
f 1857/517/423 1856/513/421 1871/525/428 1872/527/430
f 1850/519/424 1849/515/422 1864/526/429 1865/528/431
f 1858/490/410 1857/517/423 1872/527/430 1873/529/432
f 1851/494/412 1850/519/424 1865/528/431 1866/530/433
f 1859/491/411 1858/490/410 1873/529/432 1874/531/434
f 1852/495/413 1851/494/412 1866/530/433 1867/532/435
f 1860/497/414 1859/491/411 1874/531/434 1875/533/436
f 1853/499/415 1852/495/413 1867/532/435 1868/534/437
f 1861/501/416 1860/497/414 1875/533/436 1876/535/438
f 1854/503/417 1853/499/415 1868/534/437 1869/536/439
f 1862/505/418 1861/501/416 1876/535/438 1877/523/426
f 1855/507/419 1854/503/417 1869/536/439 1870/524/427
f 1867/532/435 1866/530/433 1881/537/440 1882/538/441
f 1875/533/436 1874/531/434 1889/539/442 1890/540/443
f 1868/534/437 1867/532/435 1882/538/441 1883/541/444
f 1876/535/438 1875/533/436 1890/540/443 1891/542/445
f 1869/536/439 1868/534/437 1883/541/444 1884/543/446
f 1877/523/426 1876/535/438 1891/542/445 1892/544/447
f 1870/524/427 1869/536/439 1884/543/446 1885/545/448
f 1863/521/425 1561/546/63 1878/547/449
f 1787/548/31 1877/523/426 1892/544/447
f 1871/525/428 1870/524/427 1885/545/448 1886/549/450
f 1864/526/429 1863/521/425 1878/547/449 1879/550/451
f 1872/527/430 1871/525/428 1886/549/450 1887/551/452
f 1865/528/431 1864/526/429 1879/550/451 1880/552/518
f 1873/529/432 1872/527/430 1887/551/452 1888/553/454
f 1866/530/433 1865/528/431 1880/552/518 1881/537/440
f 1874/531/434 1873/529/432 1888/553/454 1889/539/442
f 1886/549/450 1885/545/448 1900/554/455 1901/555/456
f 1879/550/451 1878/547/449 1893/556/457 1894/557/458
f 1887/551/452 1886/549/450 1901/555/456 1902/558/459
f 1880/552/518 1879/550/451 1894/557/458 1895/559/460
f 1888/553/454 1887/551/452 1902/558/459 1903/560/461
f 1881/537/440 1880/552/518 1895/559/460 1896/561/462
f 1889/539/442 1888/553/454 1903/560/461 1904/562/463
f 1882/538/441 1881/537/440 1896/561/462 1897/563/464
f 1890/540/443 1889/539/442 1904/562/463 1905/564/465
f 1883/541/444 1882/538/441 1897/563/464 1898/565/466
f 1891/542/445 1890/540/443 1905/564/465 1906/566/467
f 1884/543/446 1883/541/444 1898/565/466 1899/567/468
f 1892/544/447 1891/542/445 1906/566/467 1907/568/469
f 1885/545/448 1884/543/446 1899/567/468 1900/554/455
f 1878/547/449 1561/569/63 1893/556/457
f 1787/570/31 1892/544/447 1907/568/469
f 1905/564/465 1904/562/463 1919/571/470 1920/572/471
f 1898/565/466 1897/563/464 1912/573/472 1913/574/473
f 1906/566/467 1905/564/465 1920/572/471 1921/575/474
f 1899/567/468 1898/565/466 1913/574/473 1914/576/475
f 1907/568/469 1906/566/467 1921/575/474 1922/577/476
f 1900/554/455 1899/567/468 1914/576/475 1915/578/477
f 1893/556/457 1561/579/63 1908/580/478
f 1787/581/31 1907/568/469 1922/577/476
f 1901/555/456 1900/554/455 1915/578/477 1916/582/479
f 1894/557/458 1893/556/457 1908/580/478 1909/583/480
f 1902/558/459 1901/555/456 1916/582/479 1917/584/481
f 1895/559/460 1894/557/458 1909/583/480 1910/585/482
f 1903/560/461 1902/558/459 1917/584/481 1918/586/483
f 1896/561/462 1895/559/460 1910/585/482 1911/587/484
f 1904/562/463 1903/560/461 1918/586/483 1919/571/470
f 1897/563/464 1896/561/462 1911/587/484 1912/573/472
f 1917/584/481 1916/582/479 1931/588/485 1932/589/486
f 1910/585/482 1909/583/480 1924/590/487 1925/591/488
f 1918/586/483 1917/584/481 1932/589/486 1933/592/489
f 1911/587/484 1910/585/482 1925/591/488 1926/593/490
f 1919/571/470 1918/586/483 1933/592/489 1934/594/491
f 1912/573/472 1911/587/484 1926/593/490 1927/595/492
f 1920/572/471 1919/571/470 1934/594/491 1935/596/493
f 1913/574/473 1912/573/472 1927/595/492 1928/597/494
f 1921/575/474 1920/572/471 1935/596/493 1936/598/495
f 1914/576/475 1913/574/473 1928/597/494 1929/599/496
f 1922/577/476 1921/575/474 1936/598/495 1937/600/497
f 1915/578/477 1914/576/475 1929/599/496 1930/601/498
f 1908/580/478 1561/602/63 1923/603/499
f 1787/604/31 1922/577/476 1937/600/497
f 1916/582/479 1915/578/477 1930/601/498 1931/588/485
f 1909/583/480 1908/580/478 1923/603/499 1924/590/487
f 1936/598/495 1935/596/493 1950/605/500 1951/606/501
f 1929/599/496 1928/597/494 1943/607/502 1944/608/503
f 1937/600/497 1936/598/495 1951/606/501 1952/609/504
f 1930/601/498 1929/599/496 1944/608/503 1945/610/520
f 1923/603/499 1561/611/63 1938/612/506
f 1787/613/31 1937/600/497 1952/609/504
f 1931/588/485 1930/601/498 1945/610/520 1946/614/507
f 1924/590/487 1923/603/499 1938/612/506 1939/615/508
f 1932/589/486 1931/588/485 1946/614/507 1947/616/509
f 1925/591/488 1924/590/487 1939/615/508 1940/617/510
f 1933/592/489 1932/589/486 1947/616/509 1948/618/511
f 1926/593/490 1925/591/488 1940/617/510 1941/619/512
f 1934/594/491 1933/592/489 1948/618/511 1949/620/513
f 1927/595/492 1926/593/490 1941/619/512 1942/621/514
f 1935/596/493 1934/594/491 1949/620/513 1950/605/500
f 1928/597/494 1927/595/492 1942/621/514 1943/607/502
f 1940/617/510 1939/615/508 1954/71/39 1480/70/38
f 1948/618/511 1947/616/509 1957/66/34 1485/74/42
f 1941/619/512 1940/617/510 1480/70/38 1955/76/44
f 1949/620/513 1948/618/511 1485/74/42 1958/78/46
f 1942/621/514 1941/619/512 1955/76/44 1481/80/48
f 1950/605/500 1949/620/513 1958/78/46 1959/82/50
f 1943/607/502 1942/621/514 1481/80/48 1956/84/52
f 1951/606/501 1950/605/500 1959/82/50 1960/86/54
f 1944/608/503 1943/607/502 1956/84/52 1482/88/56
f 1952/609/504 1951/606/501 1960/86/54 1961/90/58
f 1945/610/520 1944/608/503 1482/88/56 1483/92/60
f 1938/612/506 1561/622/63 1953/94/62
f 1787/623/31 1952/609/504 1961/90/58
f 1946/614/507 1945/610/520 1483/92/60 1484/67/35
f 1939/615/508 1938/612/506 1953/94/62 1954/71/39
f 1947/616/509 1946/614/507 1484/67/35 1957/66/34
f 3405/82/521 3404/78/522 2943/79/523 2944/83/524
f 3402/84/525 2927/80/526 2936/81/527 2937/85/528
f 3406/86/529 3405/82/521 2944/83/524 2945/87/530
f 2928/88/531 3402/84/525 2937/85/528 2938/89/532
f 3407/90/533 3406/86/529 2945/87/530 2946/91/534
f 2929/92/535 2928/88/531 2938/89/532 2939/93/536
f 3399/94/537 3007/95/538 2932/96/539
f 3233/97/540 3407/90/533 2946/91/534
f 2930/67/541 2929/92/535 2939/93/536 2940/68/542
f 3400/71/543 3399/94/537 2932/96/539 2933/72/544
f 3403/66/545 2930/67/541 2940/68/542 2941/69/546
f 2926/70/547 3400/71/543 2933/72/544 2934/73/548
f 2931/74/549 3403/66/545 2941/69/546 2942/75/550
f 3401/76/551 2926/70/547 2934/73/548 2935/77/552
f 3404/78/522 2931/74/549 2942/75/550 2943/79/523
f 2927/80/526 3401/76/551 2935/77/552 2936/81/527
f 2943/79/523 2942/75/550 2957/106/553 2958/108/554
f 2936/81/527 2935/77/552 2950/107/555 2951/109/556
f 2944/83/524 2943/79/523 2958/108/554 2959/110/557
f 2937/85/528 2936/81/527 2951/109/556 2952/111/558
f 2945/87/530 2944/83/524 2959/110/557 2960/112/559
f 2938/89/532 2937/85/528 2952/111/558 2953/113/560
f 2946/91/534 2945/87/530 2960/112/559 2961/99/561
f 2939/93/536 2938/89/532 2953/113/560 2954/100/562
f 2932/96/539 3007/114/538 2947/102/563
f 3233/98/540 2946/91/534 2961/99/561
f 2940/68/542 2939/93/536 2954/100/562 2955/101/564
f 2933/72/544 2932/96/539 2947/102/563 2948/103/565
f 2941/69/546 2940/68/542 2955/101/564 2956/104/566
f 2934/73/548 2933/72/544 2948/103/565 2949/105/567
f 2942/75/550 2941/69/546 2956/104/566 2957/106/553
f 2935/77/552 2934/73/548 2949/105/567 2950/107/555
f 2947/102/563 3007/123/538 2962/124/568
f 3233/125/540 2961/99/561 2976/121/569
f 2955/101/564 2954/100/562 2969/122/570 2970/126/571
f 2948/103/565 2947/102/563 2962/124/568 2963/127/572
f 2956/104/566 2955/101/564 2970/126/571 2971/128/573
f 2949/105/567 2948/103/565 2963/127/572 2964/129/574
f 2957/106/553 2956/104/566 2971/128/573 2972/130/575
f 2950/107/555 2949/105/567 2964/129/574 2965/131/576
f 2958/108/554 2957/106/553 2972/130/575 2973/115/577
f 2951/109/556 2950/107/555 2965/131/576 2966/117/578
f 2959/110/557 2958/108/554 2973/115/577 2974/116/579
f 2952/111/558 2951/109/556 2966/117/578 2967/118/580
f 2960/112/559 2959/110/557 2974/116/579 2975/119/581
f 2953/113/560 2952/111/558 2967/118/580 2968/120/582
f 2961/99/561 2960/112/559 2975/119/581 2976/121/569
f 2954/100/562 2953/113/560 2968/120/582 2969/122/570
f 2966/117/578 2965/131/576 2980/138/583 2981/140/584
f 2974/116/579 2973/115/577 2988/139/585 2989/141/586
f 2967/118/580 2966/117/578 2981/140/584 2982/142/587
f 2975/119/581 2974/116/579 2989/141/586 2990/143/588
f 2968/120/582 2967/118/580 2982/142/587 2983/144/589
f 2976/121/569 2975/119/581 2990/143/588 2991/145/590
f 2969/122/570 2968/120/582 2983/144/589 2984/146/591
f 2962/124/568 3007/147/538 2977/132/592
f 3233/148/540 2976/121/569 2991/145/590
f 2970/126/571 2969/122/570 2984/146/591 2985/134/593
f 2963/127/572 2962/124/568 2977/132/592 2978/133/594
f 2971/128/573 2970/126/571 2985/134/593 2986/135/595
f 2964/129/574 2963/127/572 2978/133/594 2979/136/596
f 2972/130/575 2971/128/573 2986/135/595 2987/137/597
f 2965/131/576 2964/129/574 2979/136/596 2980/138/583
f 2973/115/577 2972/130/575 2987/137/597 2988/139/585
f 2985/134/593 2984/146/591 2999/155/598 3000/159/599
f 2978/133/594 2977/132/592 2992/157/600 2993/160/601
f 2986/135/595 2985/134/593 3000/159/599 3001/161/602
f 2979/136/596 2978/133/594 2993/160/601 2994/162/603
f 2987/137/597 2986/135/595 3001/161/602 3002/163/604
f 2980/138/583 2979/136/596 2994/162/603 2995/164/605
f 2988/139/585 2987/137/597 3002/163/604 3003/165/606
f 2981/140/584 2980/138/583 2995/164/605 2996/149/607
f 2989/141/586 2988/139/585 3003/165/606 3004/151/608
f 2982/142/587 2981/140/584 2996/149/607 2997/150/609
f 2990/143/588 2989/141/586 3004/151/608 3005/152/610
f 2983/144/589 2982/142/587 2997/150/609 2998/153/611
f 2991/145/590 2990/143/588 3005/152/610 3006/154/612
f 2984/146/591 2983/144/589 2998/153/611 2999/155/598
f 2977/132/592 3007/156/538 2992/157/600
f 3233/158/540 2991/145/590 3006/154/612
f 3004/151/608 3003/165/606 3019/172/613 3020/174/614
f 2997/150/609 2996/149/607 3012/173/615 3013/175/616
f 3005/152/610 3004/151/608 3020/174/614 3021/176/617
f 2998/153/611 2997/150/609 3013/175/616 3014/177/618
f 3006/154/612 3005/152/610 3021/176/617 3022/178/619
f 2999/155/598 2998/153/611 3014/177/618 3015/179/620
f 2992/157/600 3007/180/538 3008/181/621
f 3233/182/540 3006/154/612 3022/178/619
f 3000/159/599 2999/155/598 3015/179/620 3016/166/622
f 2993/160/601 2992/157/600 3008/181/621 3009/168/623
f 3001/161/602 3000/159/599 3016/166/622 3017/167/624
f 2994/162/603 2993/160/601 3009/168/623 3010/169/625
f 3002/163/604 3001/161/602 3017/167/624 3018/170/626
f 2995/164/605 2994/162/603 3010/169/625 3011/171/627
f 3003/165/606 3002/163/604 3018/170/626 3019/172/613
f 2996/149/607 2995/164/605 3011/171/627 3012/173/615
f 3017/167/624 3016/166/622 3031/192/628 3032/194/629
f 3010/169/625 3009/168/623 3024/193/630 3025/195/631
f 3018/170/626 3017/167/624 3032/194/629 3033/196/632
f 3011/171/627 3010/169/625 3025/195/631 3026/197/633
f 3019/172/613 3018/170/626 3033/196/632 3034/198/634
f 3012/173/615 3011/171/627 3026/197/633 3027/199/635
f 3020/174/614 3019/172/613 3034/198/634 3035/183/636
f 3013/175/616 3012/173/615 3027/199/635 3028/185/637
f 3021/176/617 3020/174/614 3035/183/636 3036/184/638
f 3014/177/618 3013/175/616 3028/185/637 3029/186/639
f 3022/178/619 3021/176/617 3036/184/638 3037/187/640
f 3015/179/620 3014/177/618 3029/186/639 3030/188/641
f 3008/181/621 3007/189/538 3023/190/642
f 3233/191/540 3022/178/619 3037/187/640
f 3016/166/622 3015/179/620 3030/188/641 3031/192/628
f 3009/168/623 3008/181/621 3023/190/642 3024/193/630
f 3036/184/638 3035/183/636 3050/207/643 3051/209/644
f 3029/186/639 3028/185/637 3043/208/645 3044/210/646
f 3037/187/640 3036/184/638 3051/209/644 3052/211/647
f 3030/188/641 3029/186/639 3044/210/646 3045/212/648
f 3023/190/642 3007/213/538 3038/214/649
f 3233/215/540 3037/187/640 3052/211/647
f 3031/192/628 3030/188/641 3045/212/648 3046/216/650
f 3024/193/630 3023/190/642 3038/214/649 3039/200/651
f 3032/194/629 3031/192/628 3046/216/650 3047/202/652
f 3025/195/631 3024/193/630 3039/200/651 3040/201/653
f 3033/196/632 3032/194/629 3047/202/652 3048/203/654
f 3026/197/633 3025/195/631 3040/201/653 3041/204/655
f 3034/198/634 3033/196/632 3048/203/654 3049/205/656
f 3027/199/635 3026/197/633 3041/204/655 3042/206/657
f 3035/183/636 3034/198/634 3049/205/656 3050/207/643
f 3028/185/637 3027/199/635 3042/206/657 3043/208/645
f 3040/201/653 3039/200/651 3054/226/658 3055/228/659
f 3048/203/654 3047/202/652 3062/227/660 3063/229/661
f 3041/204/655 3040/201/653 3055/228/659 3056/230/662
f 3049/205/656 3048/203/654 3063/229/661 3064/231/663
f 3042/206/657 3041/204/655 3056/230/662 3057/232/664
f 3050/207/643 3049/205/656 3064/231/663 3065/233/665
f 3043/208/645 3042/206/657 3057/232/664 3058/217/666
f 3051/209/644 3050/207/643 3065/233/665 3066/219/667
f 3044/210/646 3043/208/645 3058/217/666 3059/218/668
f 3052/211/647 3051/209/644 3066/219/667 3067/220/669
f 3045/212/648 3044/210/646 3059/218/668 3060/221/670
f 3038/214/649 3007/222/538 3053/223/671
f 3233/224/540 3052/211/647 3067/220/669
f 3046/216/650 3045/212/648 3060/221/670 3061/225/672
f 3039/200/651 3038/214/649 3053/223/671 3054/226/658
f 3047/202/652 3046/216/650 3061/225/672 3062/227/660
f 3059/218/668 3058/217/666 3073/241/673 3074/243/674
f 3067/220/669 3066/219/667 3081/242/675 3082/244/676
f 3060/221/670 3059/218/668 3074/243/674 3075/245/677
f 3053/223/671 3007/246/538 3068/247/678
f 3233/248/540 3067/220/669 3082/244/676
f 3061/225/672 3060/221/670 3075/245/677 3076/249/679
f 3054/226/658 3053/223/671 3068/247/678 3069/250/680
f 3062/227/660 3061/225/672 3076/249/679 3077/234/681
f 3055/228/659 3054/226/658 3069/250/680 3070/236/682
f 3063/229/661 3062/227/660 3077/234/681 3078/235/683
f 3056/230/662 3055/228/659 3070/236/682 3071/237/684
f 3064/231/663 3063/229/661 3078/235/683 3079/238/685
f 3057/232/664 3056/230/662 3071/237/684 3072/239/686
f 3065/233/665 3064/231/663 3079/238/685 3080/240/687
f 3058/217/666 3057/232/664 3072/239/686 3073/241/673
f 3066/219/667 3065/233/665 3080/240/687 3081/242/675
f 3078/235/683 3077/234/681 3092/260/688 3093/262/689
f 3071/237/684 3070/236/682 3085/261/690 3086/263/691
f 3079/238/685 3078/235/683 3093/262/689 3094/264/692
f 3072/239/686 3071/237/684 3086/263/691 3087/265/693
f 3080/240/687 3079/238/685 3094/264/692 3095/266/694
f 3073/241/673 3072/239/686 3087/265/693 3088/267/695
f 3081/242/675 3080/240/687 3095/266/694 3096/251/696
f 3074/243/674 3073/241/673 3088/267/695 3089/253/697
f 3082/244/676 3081/242/675 3096/251/696 3097/252/698
f 3075/245/677 3074/243/674 3089/253/697 3090/254/699
f 3068/247/678 3007/255/538 3083/256/700
f 3233/257/540 3082/244/676 3097/252/698
f 3076/249/679 3075/245/677 3090/254/699 3091/258/701
f 3069/250/680 3068/247/678 3083/256/700 3084/259/702
f 3077/234/681 3076/249/679 3091/258/701 3092/260/688
f 3070/236/682 3069/250/680 3084/259/702 3085/261/690
f 3097/252/698 3096/251/696 3111/274/703 3112/276/704
f 3090/254/699 3089/253/697 3104/275/705 3105/277/706
f 3083/256/700 3007/278/538 3098/279/707
f 3233/280/540 3097/252/698 3112/276/704
f 3091/258/701 3090/254/699 3105/277/706 3106/281/708
f 3084/259/702 3083/256/700 3098/279/707 3099/282/709
f 3092/260/688 3091/258/701 3106/281/708 3107/283/710
f 3085/261/690 3084/259/702 3099/282/709 3100/284/711
f 3093/262/689 3092/260/688 3107/283/710 3108/268/712
f 3086/263/691 3085/261/690 3100/284/711 3101/270/713
f 3094/264/692 3093/262/689 3108/268/712 3109/269/714
f 3087/265/693 3086/263/691 3101/270/713 3102/271/715
f 3095/266/694 3094/264/692 3109/269/714 3110/272/716
f 3088/267/695 3087/265/693 3102/271/715 3103/273/717
f 3096/251/696 3095/266/694 3110/272/716 3111/274/703
f 3089/253/697 3088/267/695 3103/273/717 3104/275/705
f 3101/270/713 3100/284/711 3115/293/718 3116/295/719
f 3109/269/714 3108/268/712 3123/294/720 3124/296/721
f 3102/271/715 3101/270/713 3116/295/719 3117/297/722
f 3110/272/716 3109/269/714 3124/296/721 3125/298/723
f 3103/273/717 3102/271/715 3117/297/722 3118/299/724
f 3111/274/703 3110/272/716 3125/298/723 3126/300/725
f 3104/275/705 3103/273/717 3118/299/724 3119/301/726
f 3112/276/704 3111/274/703 3126/300/725 3127/288/727
f 3105/277/706 3104/275/705 3119/301/726 3120/289/728
f 3098/279/707 3007/285/538 3113/286/729
f 3233/287/540 3112/276/704 3127/288/727
f 3106/281/708 3105/277/706 3120/289/728 3121/290/730
f 3099/282/709 3098/279/707 3113/286/729 3114/291/731
f 3107/283/710 3106/281/708 3121/290/730 3122/292/732
f 3100/284/711 3099/282/709 3114/291/731 3115/293/718
f 3108/268/712 3107/283/710 3122/292/732 3123/294/720
f 3120/289/728 3119/301/726 3134/308/733 3135/310/734
f 3113/286/729 3007/311/538 3128/312/735
f 3233/313/540 3127/288/727 3142/309/736
f 3121/290/730 3120/289/728 3135/310/734 3136/314/737
f 3114/291/731 3113/286/729 3128/312/735 3129/315/738
f 3122/292/732 3121/290/730 3136/314/737 3137/316/739
f 3115/293/718 3114/291/731 3129/315/738 3130/317/740
f 3123/294/720 3122/292/732 3137/316/739 3138/318/741
f 3116/295/719 3115/293/718 3130/317/740 3131/302/742
f 3124/296/721 3123/294/720 3138/318/741 3139/304/743
f 3117/297/722 3116/295/719 3131/302/742 3132/303/744
f 3125/298/723 3124/296/721 3139/304/743 3140/305/745
f 3118/299/724 3117/297/722 3132/303/744 3133/306/746
f 3126/300/725 3125/298/723 3140/305/745 3141/307/747
f 3119/301/726 3118/299/724 3133/306/746 3134/308/733
f 3127/288/727 3126/300/725 3141/307/747 3142/309/736
f 3139/304/743 3138/318/741 3153/325/748 3154/327/749
f 3132/303/744 3131/302/742 3146/326/750 3147/328/751
f 3140/305/745 3139/304/743 3154/327/749 3155/329/752
f 3133/306/746 3132/303/744 3147/328/751 3148/330/753
f 3141/307/747 3140/305/745 3155/329/752 3156/331/754
f 3134/308/733 3133/306/746 3148/330/753 3149/332/755
f 3142/309/736 3141/307/747 3156/331/754 3157/333/756
f 3135/310/734 3134/308/733 3149/332/755 3150/319/757
f 3128/312/735 3007/334/538 3143/321/758
f 3233/335/540 3142/309/736 3157/333/756
f 3136/314/737 3135/310/734 3150/319/757 3151/320/759
f 3129/315/738 3128/312/735 3143/321/758 3144/322/760
f 3137/316/739 3136/314/737 3151/320/759 3152/323/761
f 3130/317/740 3129/315/738 3144/322/760 3145/324/762
f 3138/318/741 3137/316/739 3152/323/761 3153/325/748
f 3131/302/742 3130/317/740 3145/324/762 3146/326/750
f 3233/345/540 3157/333/756 3172/341/763
f 3151/320/759 3150/319/757 3165/342/764 3166/346/765
f 3144/322/760 3143/321/758 3158/344/766 3159/347/767
f 3152/323/761 3151/320/759 3166/346/765 3167/348/768
f 3145/324/762 3144/322/760 3159/347/767 3160/349/769
f 3153/325/748 3152/323/761 3167/348/768 3168/350/770
f 3146/326/750 3145/324/762 3160/349/769 3161/351/771
f 3154/327/749 3153/325/748 3168/350/770 3169/2/772
f 3147/328/751 3146/326/750 3161/351/771 3162/337/773
f 3155/329/752 3154/327/749 3169/2/772 3170/336/774
f 3148/330/753 3147/328/751 3162/337/773 3163/338/775
f 3156/331/754 3155/329/752 3170/336/774 3171/339/776
f 3149/332/755 3148/330/753 3163/338/775 3164/340/777
f 3157/333/756 3156/331/754 3171/339/776 3172/341/763
f 3150/319/757 3149/332/755 3164/340/777 3165/342/764
f 3143/321/758 3007/343/538 3158/344/766
f 3170/336/774 3169/2/772 3184/359/778 3185/361/779
f 3163/338/775 3162/337/773 3177/360/780 3178/362/781
f 3171/339/776 3170/336/774 3185/361/779 3186/363/782
f 3164/340/777 3163/338/775 3178/362/781 3179/364/783
f 3172/341/763 3171/339/776 3186/363/782 3187/365/784
f 3165/342/764 3164/340/777 3179/364/783 3180/366/785
f 3158/344/766 3007/367/538 3173/352/786
f 3233/368/540 3172/341/763 3187/365/784
f 3166/346/765 3165/342/764 3180/366/785 3181/354/787
f 3159/347/767 3158/344/766 3173/352/786 3174/353/788
f 3167/348/768 3166/346/765 3181/354/787 3182/355/789
f 3160/349/769 3159/347/767 3174/353/788 3175/356/790
f 3168/350/770 3167/348/768 3182/355/789 3183/357/791
f 3161/351/771 3160/349/769 3175/356/790 3176/358/792
f 3169/2/772 3168/350/770 3183/357/791 3184/359/778
f 3162/337/773 3161/351/771 3176/358/792 3177/360/780
f 3174/353/788 3173/352/786 3188/377/793 3189/380/794
f 3182/355/789 3181/354/787 3196/379/795 3197/381/796
f 3175/356/790 3174/353/788 3189/380/794 3190/382/797
f 3183/357/791 3182/355/789 3197/381/796 3198/383/798
f 3176/358/792 3175/356/790 3190/382/797 3191/384/799
f 3184/359/778 3183/357/791 3198/383/798 3199/385/800
f 3177/360/780 3176/358/792 3191/384/799 3192/369/801
f 3185/361/779 3184/359/778 3199/385/800 3200/371/802
f 3178/362/781 3177/360/780 3192/369/801 3193/370/803
f 3186/363/782 3185/361/779 3200/371/802 3201/372/804
f 3179/364/783 3178/362/781 3193/370/803 3194/373/805
f 3187/365/784 3186/363/782 3201/372/804 3202/374/806
f 3180/366/785 3179/364/783 3194/373/805 3195/375/807
f 3173/352/786 3007/376/538 3188/377/793
f 3233/378/540 3187/365/784 3202/374/806
f 3181/354/787 3180/366/785 3195/375/807 3196/379/795
f 3193/370/803 3192/369/801 3207/393/808 3208/395/809
f 3201/372/804 3200/371/802 3215/394/810 3216/396/811
f 3194/373/805 3193/370/803 3208/395/809 3209/397/812
f 3202/374/806 3201/372/804 3216/396/811 3217/398/813
f 3195/375/807 3194/373/805 3209/397/812 3210/399/814
f 3188/377/793 3007/400/538 3203/401/815
f 3233/402/540 3202/374/806 3217/398/813
f 3196/379/795 3195/375/807 3210/399/814 3211/386/816
f 3189/380/794 3188/377/793 3203/401/815 3204/388/817
f 3197/381/796 3196/379/795 3211/386/816 3212/387/818
f 3190/382/797 3189/380/794 3204/388/817 3205/389/819
f 3198/383/798 3197/381/796 3212/387/818 3213/390/820
f 3191/384/799 3190/382/797 3205/389/819 3206/391/821
f 3199/385/800 3198/383/798 3213/390/820 3214/392/822
f 3192/369/801 3191/384/799 3206/391/821 3207/393/808
f 3200/371/802 3199/385/800 3214/392/822 3215/394/810
f 3212/387/818 3211/386/816 3226/412/823 3227/414/824
f 3205/389/819 3204/388/817 3219/413/825 3220/415/826
f 3213/390/820 3212/387/818 3227/414/824 3228/416/827
f 3206/391/821 3205/389/819 3220/415/826 3221/417/828
f 3214/392/822 3213/390/820 3228/416/827 3229/418/829
f 3207/393/808 3206/391/821 3221/417/828 3222/419/830
f 3215/394/810 3214/392/822 3229/418/829 3230/403/831
f 3208/395/809 3207/393/808 3222/419/830 3223/405/832
f 3216/396/811 3215/394/810 3230/403/831 3231/404/833
f 3209/397/812 3208/395/809 3223/405/832 3224/406/834
f 3217/398/813 3216/396/811 3231/404/833 3232/407/835
f 3210/399/814 3209/397/812 3224/406/834 3225/408/836
f 3203/401/815 3007/409/538 3218/410/837
f 3233/411/540 3217/398/813 3232/407/835
f 3211/386/816 3210/399/814 3225/408/836 3226/412/823
f 3204/388/817 3203/401/815 3218/410/837 3219/413/825
f 3231/404/833 3230/403/831 3246/426/838 3247/428/839
f 3224/406/834 3223/405/832 3239/427/840 3240/429/841
f 3232/407/835 3231/404/833 3247/428/839 3248/430/842
f 3225/408/836 3224/406/834 3240/429/841 3241/431/843
f 3218/410/837 3007/432/538 3234/433/844
f 3233/434/540 3232/407/835 3248/430/842
f 3226/412/823 3225/408/836 3241/431/843 3242/435/845
f 3219/413/825 3218/410/837 3234/433/844 3235/436/846
f 3227/414/824 3226/412/823 3242/435/845 3243/420/847
f 3220/415/826 3219/413/825 3235/436/846 3236/422/848
f 3228/416/827 3227/414/824 3243/420/847 3244/421/849
f 3221/417/828 3220/415/826 3236/422/848 3237/423/850
f 3229/418/829 3228/416/827 3244/421/849 3245/424/851
f 3222/419/830 3221/417/828 3237/423/850 3238/425/852
f 3230/403/831 3229/418/829 3245/424/851 3246/426/838
f 3223/405/832 3222/419/830 3238/425/852 3239/427/840
f 3236/422/848 3235/436/846 3250/445/853 3251/447/854
f 3244/421/849 3243/420/847 3258/446/855 3259/448/856
f 3237/423/850 3236/422/848 3251/447/854 3252/449/857
f 3245/424/851 3244/421/849 3259/448/856 3260/450/858
f 3238/425/852 3237/423/850 3252/449/857 3253/451/859
f 3246/426/838 3245/424/851 3260/450/858 3261/452/860
f 3239/427/840 3238/425/852 3253/451/859 3254/453/861
f 3247/428/839 3246/426/838 3261/452/860 3262/437/862
f 3240/429/841 3239/427/840 3254/453/861 3255/439/863
f 3248/430/842 3247/428/839 3262/437/862 3263/438/864
f 3241/431/843 3240/429/841 3255/439/863 3256/440/865
f 3234/433/844 3007/441/538 3249/442/866
f 3233/443/540 3248/430/842 3263/438/864
f 3242/435/845 3241/431/843 3256/440/865 3257/444/867
f 3235/436/846 3234/433/844 3249/442/866 3250/445/853
f 3243/420/847 3242/435/845 3257/444/867 3258/446/855
f 3255/439/863 3254/453/861 3269/460/868 3270/462/869
f 3263/438/864 3262/437/862 3277/461/870 3278/463/871
f 3256/440/865 3255/439/863 3270/462/869 3271/464/872
f 3249/442/866 3007/465/538 3264/466/873
f 3233/467/540 3263/438/864 3278/463/871
f 3257/444/867 3256/440/865 3271/464/872 3272/468/874
f 3250/445/853 3249/442/866 3264/466/873 3265/469/875
f 3258/446/855 3257/444/867 3272/468/874 3273/470/876
f 3251/447/854 3250/445/853 3265/469/875 3266/454/877
f 3259/448/856 3258/446/855 3273/470/876 3274/456/878
f 3252/449/857 3251/447/854 3266/454/877 3267/455/879
f 3260/450/858 3259/448/856 3274/456/878 3275/457/880
f 3253/451/859 3252/449/857 3267/455/879 3268/458/881
f 3261/452/860 3260/450/858 3275/457/880 3276/459/882
f 3254/453/861 3253/451/859 3268/458/881 3269/460/868
f 3262/437/862 3261/452/860 3276/459/882 3277/461/870
f 3274/456/878 3273/470/876 3288/479/883 3289/481/884
f 3267/455/879 3266/454/877 3281/480/885 3282/482/886
f 3275/457/880 3274/456/878 3289/481/884 3290/483/887
f 3268/458/881 3267/455/879 3282/482/886 3283/484/888
f 3276/459/882 3275/457/880 3290/483/887 3291/485/889
f 3269/460/868 3268/458/881 3283/484/888 3284/486/890
f 3277/461/870 3276/459/882 3291/485/889 3292/487/891
f 3270/462/869 3269/460/868 3284/486/890 3285/471/892
f 3278/463/871 3277/461/870 3292/487/891 3293/476/893
f 3271/464/872 3270/462/869 3285/471/892 3286/472/894
f 3264/466/873 3007/473/538 3279/474/895
f 3233/475/540 3278/463/871 3293/476/893
f 3272/468/874 3271/464/872 3286/472/894 3287/477/896
f 3265/469/875 3264/466/873 3279/474/895 3280/478/897
f 3273/470/876 3272/468/874 3287/477/896 3288/479/883
f 3266/454/877 3265/469/875 3280/478/897 3281/480/885
f 3293/504/893 3292/500/891 3307/501/898 3308/505/899
f 3286/506/894 3285/502/892 3300/503/900 3301/507/901
f 3279/508/895 3007/509/538 3294/510/902
f 3233/511/540 3293/504/893 3308/505/899
f 3287/512/896 3286/506/894 3301/507/901 3302/513/903
f 3280/514/897 3279/508/895 3294/510/902 3295/515/904
f 3288/516/883 3287/512/896 3302/513/903 3303/517/905
f 3281/518/885 3280/514/897 3295/515/904 3296/519/906
f 3289/489/884 3288/516/883 3303/517/905 3304/490/907
f 3282/493/886 3281/518/885 3296/519/906 3297/494/908
f 3290/488/887 3289/489/884 3304/490/907 3305/491/909
f 3283/492/888 3282/493/886 3297/494/908 3298/495/910
f 3291/496/889 3290/488/887 3305/491/909 3306/497/911
f 3284/498/890 3283/492/888 3298/495/910 3299/499/912
f 3292/500/891 3291/496/889 3306/497/911 3307/501/898
f 3285/502/892 3284/498/890 3299/499/912 3300/503/900
f 3305/491/909 3304/490/907 3319/529/913 3320/531/914
f 3298/495/910 3297/494/908 3312/530/915 3313/532/916
f 3306/497/911 3305/491/909 3320/531/914 3321/533/917
f 3299/499/912 3298/495/910 3313/532/916 3314/534/918
f 3307/501/898 3306/497/911 3321/533/917 3322/535/919
f 3300/503/900 3299/499/912 3314/534/918 3315/536/920
f 3308/505/899 3307/501/898 3322/535/919 3323/523/921
f 3301/507/901 3300/503/900 3315/536/920 3316/524/922
f 3294/510/902 3007/520/538 3309/521/923
f 3233/522/540 3308/505/899 3323/523/921
f 3302/513/903 3301/507/901 3316/524/922 3317/525/924
f 3295/515/904 3294/510/902 3309/521/923 3310/526/925
f 3303/517/905 3302/513/903 3317/525/924 3318/527/926
f 3296/519/906 3295/515/904 3310/526/925 3311/528/927
f 3304/490/907 3303/517/905 3318/527/926 3319/529/913
f 3297/494/908 3296/519/906 3311/528/927 3312/530/915
f 3309/521/923 3007/546/538 3324/547/928
f 3233/548/540 3323/523/921 3338/544/929
f 3317/525/924 3316/524/922 3331/545/930 3332/549/931
f 3310/526/925 3309/521/923 3324/547/928 3325/550/932
f 3318/527/926 3317/525/924 3332/549/931 3333/551/933
f 3311/528/927 3310/526/925 3325/550/932 3326/552/934
f 3319/529/913 3318/527/926 3333/551/933 3334/553/935
f 3312/530/915 3311/528/927 3326/552/934 3327/537/936
f 3320/531/914 3319/529/913 3334/553/935 3335/539/937
f 3313/532/916 3312/530/915 3327/537/936 3328/538/938
f 3321/533/917 3320/531/914 3335/539/937 3336/540/939
f 3314/534/918 3313/532/916 3328/538/938 3329/541/940
f 3322/535/919 3321/533/917 3336/540/939 3337/542/941
f 3315/536/920 3314/534/918 3329/541/940 3330/543/942
f 3323/523/921 3322/535/919 3337/542/941 3338/544/929
f 3316/524/922 3315/536/920 3330/543/942 3331/545/930
f 3328/538/938 3327/537/936 3342/561/943 3343/563/944
f 3336/540/939 3335/539/937 3350/562/945 3351/564/946
f 3329/541/940 3328/538/938 3343/563/944 3344/565/947
f 3337/542/941 3336/540/939 3351/564/946 3352/566/948
f 3330/543/942 3329/541/940 3344/565/947 3345/567/949
f 3338/544/929 3337/542/941 3352/566/948 3353/568/950
f 3331/545/930 3330/543/942 3345/567/949 3346/554/951
f 3324/547/928 3007/569/538 3339/556/952
f 3233/570/540 3338/544/929 3353/568/950
f 3332/549/931 3331/545/930 3346/554/951 3347/555/953
f 3325/550/932 3324/547/928 3339/556/952 3340/557/954
f 3333/551/933 3332/549/931 3347/555/953 3348/558/955
f 3326/552/934 3325/550/932 3340/557/954 3341/559/956
f 3334/553/935 3333/551/933 3348/558/955 3349/560/957
f 3327/537/936 3326/552/934 3341/559/956 3342/561/943
f 3335/539/937 3334/553/935 3349/560/957 3350/562/945
f 3347/555/953 3346/554/951 3361/578/958 3362/582/959
f 3340/557/954 3339/556/952 3354/580/960 3355/583/961
f 3348/558/955 3347/555/953 3362/582/959 3363/584/962
f 3341/559/956 3340/557/954 3355/583/961 3356/585/963
f 3349/560/957 3348/558/955 3363/584/962 3364/586/964
f 3342/561/943 3341/559/956 3356/585/963 3357/587/965
f 3350/562/945 3349/560/957 3364/586/964 3365/571/966
f 3343/563/944 3342/561/943 3357/587/965 3358/573/967
f 3351/564/946 3350/562/945 3365/571/966 3366/572/968
f 3344/565/947 3343/563/944 3358/573/967 3359/574/969
f 3352/566/948 3351/564/946 3366/572/968 3367/575/970
f 3345/567/949 3344/565/947 3359/574/969 3360/576/971
f 3353/568/950 3352/566/948 3367/575/970 3368/577/972
f 3346/554/951 3345/567/949 3360/576/971 3361/578/958
f 3339/556/952 3007/579/538 3354/580/960
f 3233/581/540 3353/568/950 3368/577/972
f 3366/572/968 3365/571/966 3380/594/973 3381/596/974
f 3359/574/969 3358/573/967 3373/595/975 3374/597/976
f 3367/575/970 3366/572/968 3381/596/974 3382/598/977
f 3360/576/971 3359/574/969 3374/597/976 3375/599/978
f 3368/577/972 3367/575/970 3382/598/977 3383/600/979
f 3361/578/958 3360/576/971 3375/599/978 3376/601/980
f 3354/580/960 3007/602/538 3369/603/981
f 3233/604/540 3368/577/972 3383/600/979
f 3362/582/959 3361/578/958 3376/601/980 3377/588/982
f 3355/583/961 3354/580/960 3369/603/981 3370/590/983
f 3363/584/962 3362/582/959 3377/588/982 3378/589/984
f 3356/585/963 3355/583/961 3370/590/983 3371/591/985
f 3364/586/964 3363/584/962 3378/589/984 3379/592/986
f 3357/587/965 3356/585/963 3371/591/985 3372/593/987
f 3365/571/966 3364/586/964 3379/592/986 3380/594/973
f 3358/573/967 3357/587/965 3372/593/987 3373/595/975
f 3370/590/983 3369/603/981 3384/612/988 3385/615/989
f 3378/589/984 3377/588/982 3392/614/990 3393/616/991
f 3371/591/985 3370/590/983 3385/615/989 3386/617/992
f 3379/592/986 3378/589/984 3393/616/991 3394/618/993
f 3372/593/987 3371/591/985 3386/617/992 3387/619/994
f 3380/594/973 3379/592/986 3394/618/993 3395/620/995
f 3373/595/975 3372/593/987 3387/619/994 3388/621/996
f 3381/596/974 3380/594/973 3395/620/995 3396/605/997
f 3374/597/976 3373/595/975 3388/621/996 3389/607/998
f 3382/598/977 3381/596/974 3396/605/997 3397/606/999
f 3375/599/978 3374/597/976 3389/607/998 3390/608/1000
f 3383/600/979 3382/598/977 3397/606/999 3398/609/1001
f 3376/601/980 3375/599/978 3390/608/1000 3391/610/1002
f 3369/603/981 3007/611/538 3384/612/988
f 3233/613/540 3383/600/979 3398/609/1001
f 3377/588/982 3376/601/980 3391/610/1002 3392/614/990
f 3389/607/998 3388/621/996 2927/80/526 3402/84/525
f 3397/606/999 3396/605/997 3405/82/521 3406/86/529
f 3390/608/1000 3389/607/998 3402/84/525 2928/88/531
f 3398/609/1001 3397/606/999 3406/86/529 3407/90/533
f 3391/610/1002 3390/608/1000 2928/88/531 2929/92/535
f 3384/612/988 3007/622/538 3399/94/537
f 3233/623/540 3398/609/1001 3407/90/533
f 3392/614/990 3391/610/1002 2929/92/535 2930/67/541
f 3385/615/989 3384/612/988 3399/94/537 3400/71/543
f 3393/616/991 3392/614/990 2930/67/541 3403/66/545
f 3386/617/992 3385/615/989 3400/71/543 2926/70/547
f 3394/618/993 3393/616/991 3403/66/545 2931/74/549
f 3387/619/994 3386/617/992 2926/70/547 3401/76/551
f 3395/620/995 3394/618/993 2931/74/549 3404/78/522
f 3388/621/996 3387/619/994 3401/76/551 2927/80/526
f 3396/605/997 3395/620/995 3404/78/522 3405/82/521
s 0
f 3887/82/1003 3886/78/1003 3425/79/1003 3426/83/1003
f 3884/84/1004 3409/80/1004 3418/81/1004 3419/85/1004
f 3888/86/1005 3887/82/1005 3426/83/1005 3427/87/1005
f 3410/88/1006 3884/84/1006 3419/85/1006 3420/89/1006
f 3889/90/1007 3888/86/1007 3427/87/1007 3428/91/1007
f 3411/92/1008 3410/88/1008 3420/89/1008 3421/93/1008
f 3881/94/1009 3489/95/1009 3414/96/1009
f 3715/97/1010 3889/90/1010 3428/91/1010
f 3412/67/1011 3411/92/1011 3421/93/1011 3422/68/1011
f 3882/71/1012 3881/94/1012 3414/96/1012 3415/72/1012
f 3885/66/1013 3412/67/1013 3422/68/1013 3423/69/1013
f 3408/70/1014 3882/71/1014 3415/72/1014 3416/73/1014
f 3413/74/1015 3885/66/1015 3423/69/1015 3424/75/1015
f 3883/76/1016 3408/70/1016 3416/73/1016 3417/77/1016
f 3886/78/1017 3413/74/1017 3424/75/1017 3425/79/1017
f 3409/80/1018 3883/76/1018 3417/77/1018 3418/81/1018
f 3425/79/1019 3424/75/1019 3439/106/1019 3440/108/1019
f 3418/81/1020 3417/77/1020 3432/107/1020 3433/109/1020
f 3426/83/1021 3425/79/1021 3440/108/1021 3441/110/1021
f 3419/85/1022 3418/81/1022 3433/109/1022 3434/111/1022
f 3427/87/1023 3426/83/1023 3441/110/1023 3442/112/1023
f 3420/89/1024 3419/85/1024 3434/111/1024 3435/113/1024
f 3428/91/1025 3427/87/1025 3442/112/1025 3443/99/1025
f 3421/93/1026 3420/89/1026 3435/113/1026 3436/100/1026
f 3414/96/1027 3489/114/1027 3429/102/1027
f 3715/98/1028 3428/91/1028 3443/99/1028
f 3422/68/1029 3421/93/1029 3436/100/1029 3437/101/1029
f 3415/72/1030 3414/96/1030 3429/102/1030 3430/103/1030
f 3423/69/1031 3422/68/1031 3437/101/1031 3438/104/1031
f 3416/73/1032 3415/72/1032 3430/103/1032 3431/105/1032
f 3424/75/1033 3423/69/1033 3438/104/1033 3439/106/1033
f 3417/77/1034 3416/73/1034 3431/105/1034 3432/107/1034
f 3429/102/1035 3489/123/1035 3444/124/1035
f 3715/125/1036 3443/99/1036 3458/121/1036
f 3437/101/1037 3436/100/1037 3451/122/1037 3452/126/1037
f 3430/103/1038 3429/102/1038 3444/124/1038 3445/127/1038
f 3438/104/1039 3437/101/1039 3452/126/1039 3453/128/1039
f 3431/105/1040 3430/103/1040 3445/127/1040 3446/129/1040
f 3439/106/1041 3438/104/1041 3453/128/1041 3454/130/1041
f 3432/107/1042 3431/105/1042 3446/129/1042 3447/131/1042
f 3440/108/1043 3439/106/1043 3454/130/1043 3455/115/1043
f 3433/109/1044 3432/107/1044 3447/131/1044 3448/117/1044
f 3441/110/1045 3440/108/1045 3455/115/1045 3456/116/1045
f 3434/111/1046 3433/109/1046 3448/117/1046 3449/118/1046
f 3442/112/1047 3441/110/1047 3456/116/1047 3457/119/1047
f 3435/113/1048 3434/111/1048 3449/118/1048 3450/120/1048
f 3443/99/1049 3442/112/1049 3457/119/1049 3458/121/1049
f 3436/100/1050 3435/113/1050 3450/120/1050 3451/122/1050
f 3448/117/1051 3447/131/1051 3462/138/1051 3463/140/1051
f 3456/116/1052 3455/115/1052 3470/139/1052 3471/141/1052
f 3449/118/1053 3448/117/1053 3463/140/1053 3464/142/1053
f 3457/119/1054 3456/116/1054 3471/141/1054 3472/143/1054
f 3450/120/1055 3449/118/1055 3464/142/1055 3465/144/1055
f 3458/121/1056 3457/119/1056 3472/143/1056 3473/145/1056
f 3451/122/1057 3450/120/1057 3465/144/1057 3466/146/1057
f 3444/124/1058 3489/147/1058 3459/132/1058
f 3715/148/1059 3458/121/1059 3473/145/1059
f 3452/126/1060 3451/122/1060 3466/146/1060 3467/134/1060
f 3445/127/1061 3444/124/1061 3459/132/1061 3460/133/1061
f 3453/128/1062 3452/126/1062 3467/134/1062 3468/135/1062
f 3446/129/1063 3445/127/1063 3460/133/1063 3461/136/1063
f 3454/130/1064 3453/128/1064 3468/135/1064 3469/137/1064
f 3447/131/1065 3446/129/1065 3461/136/1065 3462/138/1065
f 3455/115/1066 3454/130/1066 3469/137/1066 3470/139/1066
f 3467/134/1067 3466/146/1067 3481/155/1067 3482/159/1067
f 3460/133/1068 3459/132/1068 3474/157/1068 3475/160/1068
f 3468/135/1069 3467/134/1069 3482/159/1069 3483/161/1069
f 3461/136/1070 3460/133/1070 3475/160/1070 3476/162/1070
f 3469/137/1071 3468/135/1071 3483/161/1071 3484/163/1071
f 3462/138/1072 3461/136/1072 3476/162/1072 3477/164/1072
f 3470/139/1073 3469/137/1073 3484/163/1073 3485/165/1073
f 3463/140/1074 3462/138/1074 3477/164/1074 3478/149/1074
f 3471/141/1075 3470/139/1075 3485/165/1075 3486/151/1075
f 3464/142/1076 3463/140/1076 3478/149/1076 3479/150/1076
f 3472/143/1077 3471/141/1077 3486/151/1077 3487/152/1077
f 3465/144/1078 3464/142/1078 3479/150/1078 3480/153/1078
f 3473/145/1079 3472/143/1079 3487/152/1079 3488/154/1079
f 3466/146/1080 3465/144/1080 3480/153/1080 3481/155/1080
f 3459/132/1081 3489/156/1081 3474/157/1081
f 3715/158/1082 3473/145/1082 3488/154/1082
f 3486/151/1083 3485/165/1083 3501/172/1083 3502/174/1083
f 3479/150/1084 3478/149/1084 3494/173/1084 3495/175/1084
f 3487/152/1085 3486/151/1085 3502/174/1085 3503/176/1085
f 3480/153/1086 3479/150/1086 3495/175/1086 3496/177/1086
f 3488/154/1087 3487/152/1087 3503/176/1087 3504/178/1087
f 3481/155/1088 3480/153/1088 3496/177/1088 3497/179/1088
f 3474/157/1089 3489/180/1089 3490/181/1089
f 3715/182/1090 3488/154/1090 3504/178/1090
f 3482/159/1091 3481/155/1091 3497/179/1091 3498/166/1091
f 3475/160/1092 3474/157/1092 3490/181/1092 3491/168/1092
f 3483/161/1093 3482/159/1093 3498/166/1093 3499/167/1093
f 3476/162/1094 3475/160/1094 3491/168/1094 3492/169/1094
f 3484/163/1095 3483/161/1095 3499/167/1095 3500/170/1095
f 3477/164/1096 3476/162/1096 3492/169/1096 3493/171/1096
f 3485/165/1097 3484/163/1097 3500/170/1097 3501/172/1097
f 3478/149/1098 3477/164/1098 3493/171/1098 3494/173/1098
f 3499/167/1099 3498/166/1099 3513/192/1099 3514/194/1099
f 3492/169/1100 3491/168/1100 3506/193/1100 3507/195/1100
f 3500/170/1101 3499/167/1101 3514/194/1101 3515/196/1101
f 3493/171/1102 3492/169/1102 3507/195/1102 3508/197/1102
f 3501/172/1103 3500/170/1103 3515/196/1103 3516/198/1103
f 3494/173/1104 3493/171/1104 3508/197/1104 3509/199/1104
f 3502/174/1105 3501/172/1105 3516/198/1105 3517/183/1105
f 3495/175/1106 3494/173/1106 3509/199/1106 3510/185/1106
f 3503/176/1107 3502/174/1107 3517/183/1107 3518/184/1107
f 3496/177/1108 3495/175/1108 3510/185/1108 3511/186/1108
f 3504/178/1109 3503/176/1109 3518/184/1109 3519/187/1109
f 3497/179/1110 3496/177/1110 3511/186/1110 3512/188/1110
f 3490/181/1111 3489/189/1111 3505/190/1111
f 3715/191/1112 3504/178/1112 3519/187/1112
f 3498/166/1113 3497/179/1113 3512/188/1113 3513/192/1113
f 3491/168/1114 3490/181/1114 3505/190/1114 3506/193/1114
f 3518/184/1115 3517/183/1115 3532/207/1115 3533/209/1115
f 3511/186/1116 3510/185/1116 3525/208/1116 3526/210/1116
f 3519/187/1117 3518/184/1117 3533/209/1117 3534/211/1117
f 3512/188/1118 3511/186/1118 3526/210/1118 3527/212/1118
f 3505/190/1119 3489/213/1119 3520/214/1119
f 3715/215/1120 3519/187/1120 3534/211/1120
f 3513/192/1121 3512/188/1121 3527/212/1121 3528/216/1121
f 3506/193/1122 3505/190/1122 3520/214/1122 3521/200/1122
f 3514/194/1123 3513/192/1123 3528/216/1123 3529/202/1123
f 3507/195/1124 3506/193/1124 3521/200/1124 3522/201/1124
f 3515/196/1125 3514/194/1125 3529/202/1125 3530/203/1125
f 3508/197/1126 3507/195/1126 3522/201/1126 3523/204/1126
f 3516/198/1127 3515/196/1127 3530/203/1127 3531/205/1127
f 3509/199/1128 3508/197/1128 3523/204/1128 3524/206/1128
f 3517/183/1129 3516/198/1129 3531/205/1129 3532/207/1129
f 3510/185/1130 3509/199/1130 3524/206/1130 3525/208/1130
f 3522/201/1131 3521/200/1131 3536/226/1131 3537/228/1131
f 3530/203/1132 3529/202/1132 3544/227/1132 3545/229/1132
f 3523/204/1133 3522/201/1133 3537/228/1133 3538/230/1133
f 3531/205/1134 3530/203/1134 3545/229/1134 3546/231/1134
f 3524/206/1135 3523/204/1135 3538/230/1135 3539/232/1135
f 3532/207/1136 3531/205/1136 3546/231/1136 3547/233/1136
f 3525/208/1137 3524/206/1137 3539/232/1137 3540/217/1137
f 3533/209/1138 3532/207/1138 3547/233/1138 3548/219/1138
f 3526/210/1139 3525/208/1139 3540/217/1139 3541/218/1139
f 3534/211/1140 3533/209/1140 3548/219/1140 3549/220/1140
f 3527/212/1141 3526/210/1141 3541/218/1141 3542/221/1141
f 3520/214/1142 3489/222/1142 3535/223/1142
f 3715/224/1143 3534/211/1143 3549/220/1143
f 3528/216/1144 3527/212/1144 3542/221/1144 3543/225/1144
f 3521/200/1145 3520/214/1145 3535/223/1145 3536/226/1145
f 3529/202/1146 3528/216/1146 3543/225/1146 3544/227/1146
f 3541/218/1147 3540/217/1147 3555/241/1147 3556/243/1147
f 3549/220/1148 3548/219/1148 3563/242/1148 3564/244/1148
f 3542/221/1149 3541/218/1149 3556/243/1149 3557/245/1149
f 3535/223/1150 3489/246/1150 3550/247/1150
f 3715/248/1151 3549/220/1151 3564/244/1151
f 3543/225/1152 3542/221/1152 3557/245/1152 3558/249/1152
f 3536/226/1153 3535/223/1153 3550/247/1153 3551/250/1153
f 3544/227/1154 3543/225/1154 3558/249/1154 3559/234/1154
f 3537/228/1155 3536/226/1155 3551/250/1155 3552/236/1155
f 3545/229/1156 3544/227/1156 3559/234/1156 3560/235/1156
f 3538/230/1157 3537/228/1157 3552/236/1157 3553/237/1157
f 3546/231/1158 3545/229/1158 3560/235/1158 3561/238/1158
f 3539/232/1159 3538/230/1159 3553/237/1159 3554/239/1159
f 3547/233/1160 3546/231/1160 3561/238/1160 3562/240/1160
f 3540/217/1161 3539/232/1161 3554/239/1161 3555/241/1161
f 3548/219/1162 3547/233/1162 3562/240/1162 3563/242/1162
f 3560/235/1163 3559/234/1163 3574/260/1163 3575/262/1163
f 3553/237/1164 3552/236/1164 3567/261/1164 3568/263/1164
f 3561/238/1165 3560/235/1165 3575/262/1165 3576/264/1165
f 3554/239/1166 3553/237/1166 3568/263/1166 3569/265/1166
f 3562/240/1167 3561/238/1167 3576/264/1167 3577/266/1167
f 3555/241/1168 3554/239/1168 3569/265/1168 3570/267/1168
f 3563/242/1169 3562/240/1169 3577/266/1169 3578/251/1169
f 3556/243/1170 3555/241/1170 3570/267/1170 3571/253/1170
f 3564/244/1171 3563/242/1171 3578/251/1171 3579/252/1171
f 3557/245/1172 3556/243/1172 3571/253/1172 3572/254/1172
f 3550/247/1173 3489/255/1173 3565/256/1173
f 3715/257/1174 3564/244/1174 3579/252/1174
f 3558/249/1175 3557/245/1175 3572/254/1175 3573/258/1175
f 3551/250/1176 3550/247/1176 3565/256/1176 3566/259/1176
f 3559/234/1177 3558/249/1177 3573/258/1177 3574/260/1177
f 3552/236/1178 3551/250/1178 3566/259/1178 3567/261/1178
f 3579/252/1179 3578/251/1179 3593/274/1179 3594/276/1179
f 3572/254/1180 3571/253/1180 3586/275/1180 3587/277/1180
f 3565/256/1181 3489/278/1181 3580/279/1181
f 3715/280/1182 3579/252/1182 3594/276/1182
f 3573/258/1183 3572/254/1183 3587/277/1183 3588/281/1183
f 3566/259/1184 3565/256/1184 3580/279/1184 3581/282/1184
f 3574/260/1185 3573/258/1185 3588/281/1185 3589/283/1185
f 3567/261/1186 3566/259/1186 3581/282/1186 3582/284/1186
f 3575/262/1187 3574/260/1187 3589/283/1187 3590/268/1187
f 3568/263/1188 3567/261/1188 3582/284/1188 3583/270/1188
f 3576/264/1189 3575/262/1189 3590/268/1189 3591/269/1189
f 3569/265/1190 3568/263/1190 3583/270/1190 3584/271/1190
f 3577/266/1191 3576/264/1191 3591/269/1191 3592/272/1191
f 3570/267/1192 3569/265/1192 3584/271/1192 3585/273/1192
f 3578/251/1193 3577/266/1193 3592/272/1193 3593/274/1193
f 3571/253/1194 3570/267/1194 3585/273/1194 3586/275/1194
f 3583/270/1195 3582/284/1195 3597/293/1195 3598/295/1195
f 3591/269/1196 3590/268/1196 3605/294/1196 3606/296/1196
f 3584/271/1197 3583/270/1197 3598/295/1197 3599/297/1197
f 3592/272/1198 3591/269/1198 3606/296/1198 3607/298/1198
f 3585/273/1199 3584/271/1199 3599/297/1199 3600/299/1199
f 3593/274/1200 3592/272/1200 3607/298/1200 3608/300/1200
f 3586/275/1201 3585/273/1201 3600/299/1201 3601/301/1201
f 3594/276/1202 3593/274/1202 3608/300/1202 3609/288/1202
f 3587/277/1203 3586/275/1203 3601/301/1203 3602/289/1203
f 3580/279/1204 3489/285/1204 3595/286/1204
f 3715/287/1205 3594/276/1205 3609/288/1205
f 3588/281/1206 3587/277/1206 3602/289/1206 3603/290/1206
f 3581/282/1207 3580/279/1207 3595/286/1207 3596/291/1207
f 3589/283/1208 3588/281/1208 3603/290/1208 3604/292/1208
f 3582/284/1209 3581/282/1209 3596/291/1209 3597/293/1209
f 3590/268/1210 3589/283/1210 3604/292/1210 3605/294/1210
f 3602/289/1211 3601/301/1211 3616/308/1211 3617/310/1211
f 3595/286/1212 3489/311/1212 3610/312/1212
f 3715/313/1213 3609/288/1213 3624/309/1213
f 3603/290/1214 3602/289/1214 3617/310/1214 3618/314/1214
f 3596/291/1215 3595/286/1215 3610/312/1215 3611/315/1215
f 3604/292/1216 3603/290/1216 3618/314/1216 3619/316/1216
f 3597/293/1217 3596/291/1217 3611/315/1217 3612/317/1217
f 3605/294/1218 3604/292/1218 3619/316/1218 3620/318/1218
f 3598/295/1219 3597/293/1219 3612/317/1219 3613/302/1219
f 3606/296/1220 3605/294/1220 3620/318/1220 3621/304/1220
f 3599/297/1221 3598/295/1221 3613/302/1221 3614/303/1221
f 3607/298/1222 3606/296/1222 3621/304/1222 3622/305/1222
f 3600/299/1223 3599/297/1223 3614/303/1223 3615/306/1223
f 3608/300/1224 3607/298/1224 3622/305/1224 3623/307/1224
f 3601/301/1225 3600/299/1225 3615/306/1225 3616/308/1225
f 3609/288/1226 3608/300/1226 3623/307/1226 3624/309/1226
f 3621/304/1227 3620/318/1227 3635/325/1227 3636/327/1227
f 3614/303/1228 3613/302/1228 3628/326/1228 3629/328/1228
f 3622/305/1229 3621/304/1229 3636/327/1229 3637/329/1229
f 3615/306/1230 3614/303/1230 3629/328/1230 3630/330/1230
f 3623/307/1231 3622/305/1231 3637/329/1231 3638/331/1231
f 3616/308/1232 3615/306/1232 3630/330/1232 3631/332/1232
f 3624/309/1233 3623/307/1233 3638/331/1233 3639/333/1233
f 3617/310/1234 3616/308/1234 3631/332/1234 3632/319/1234
f 3610/312/1235 3489/334/1235 3625/321/1235
f 3715/335/1236 3624/309/1236 3639/333/1236
f 3618/314/1237 3617/310/1237 3632/319/1237 3633/320/1237
f 3611/315/1238 3610/312/1238 3625/321/1238 3626/322/1238
f 3619/316/1239 3618/314/1239 3633/320/1239 3634/323/1239
f 3612/317/1240 3611/315/1240 3626/322/1240 3627/324/1240
f 3620/318/1241 3619/316/1241 3634/323/1241 3635/325/1241
f 3613/302/1242 3612/317/1242 3627/324/1242 3628/326/1242
f 3715/345/1243 3639/333/1243 3654/341/1243
f 3633/320/1244 3632/319/1244 3647/342/1244 3648/346/1244
f 3626/322/1245 3625/321/1245 3640/344/1245 3641/347/1245
f 3634/323/1246 3633/320/1246 3648/346/1246 3649/348/1246
f 3627/324/1247 3626/322/1247 3641/347/1247 3642/349/1247
f 3635/325/1248 3634/323/1248 3649/348/1248 3650/350/1248
f 3628/326/1249 3627/324/1249 3642/349/1249 3643/351/1249
f 3636/327/1250 3635/325/1250 3650/350/1250 3651/2/1250
f 3629/328/1251 3628/326/1251 3643/351/1251 3644/337/1251
f 3637/329/1252 3636/327/1252 3651/2/1252 3652/336/1252
f 3630/330/1253 3629/328/1253 3644/337/1253 3645/338/1253
f 3638/331/1254 3637/329/1254 3652/336/1254 3653/339/1254
f 3631/332/1255 3630/330/1255 3645/338/1255 3646/340/1255
f 3639/333/1256 3638/331/1256 3653/339/1256 3654/341/1256
f 3632/319/1257 3631/332/1257 3646/340/1257 3647/342/1257
f 3625/321/1258 3489/343/1258 3640/344/1258
f 3652/336/1259 3651/2/1259 3666/359/1259 3667/361/1259
f 3645/338/1260 3644/337/1260 3659/360/1260 3660/362/1260
f 3653/339/1261 3652/336/1261 3667/361/1261 3668/363/1261
f 3646/340/1262 3645/338/1262 3660/362/1262 3661/364/1262
f 3654/341/1263 3653/339/1263 3668/363/1263 3669/365/1263
f 3647/342/1264 3646/340/1264 3661/364/1264 3662/366/1264
f 3640/344/1265 3489/367/1265 3655/352/1265
f 3715/368/1266 3654/341/1266 3669/365/1266
f 3648/346/1267 3647/342/1267 3662/366/1267 3663/354/1267
f 3641/347/1268 3640/344/1268 3655/352/1268 3656/353/1268
f 3649/348/1269 3648/346/1269 3663/354/1269 3664/355/1269
f 3642/349/1270 3641/347/1270 3656/353/1270 3657/356/1270
f 3650/350/1271 3649/348/1271 3664/355/1271 3665/357/1271
f 3643/351/1272 3642/349/1272 3657/356/1272 3658/358/1272
f 3651/2/1273 3650/350/1273 3665/357/1273 3666/359/1273
f 3644/337/1274 3643/351/1274 3658/358/1274 3659/360/1274
f 3656/353/1275 3655/352/1275 3670/377/1275 3671/380/1275
f 3664/355/1276 3663/354/1276 3678/379/1276 3679/381/1276
f 3657/356/1277 3656/353/1277 3671/380/1277 3672/382/1277
f 3665/357/1278 3664/355/1278 3679/381/1278 3680/383/1278
f 3658/358/1279 3657/356/1279 3672/382/1279 3673/384/1279
f 3666/359/1280 3665/357/1280 3680/383/1280 3681/385/1280
f 3659/360/1281 3658/358/1281 3673/384/1281 3674/369/1281
f 3667/361/1282 3666/359/1282 3681/385/1282 3682/371/1282
f 3660/362/1283 3659/360/1283 3674/369/1283 3675/370/1283
f 3668/363/1284 3667/361/1284 3682/371/1284 3683/372/1284
f 3661/364/1285 3660/362/1285 3675/370/1285 3676/373/1285
f 3669/365/1286 3668/363/1286 3683/372/1286 3684/374/1286
f 3662/366/1287 3661/364/1287 3676/373/1287 3677/375/1287
f 3655/352/1288 3489/376/1288 3670/377/1288
f 3715/378/1289 3669/365/1289 3684/374/1289
f 3663/354/1290 3662/366/1290 3677/375/1290 3678/379/1290
f 3675/370/1291 3674/369/1291 3689/393/1291 3690/395/1291
f 3683/372/1292 3682/371/1292 3697/394/1292 3698/396/1292
f 3676/373/1293 3675/370/1293 3690/395/1293 3691/397/1293
f 3684/374/1294 3683/372/1294 3698/396/1294 3699/398/1294
f 3677/375/1295 3676/373/1295 3691/397/1295 3692/399/1295
f 3670/377/1296 3489/400/1296 3685/401/1296
f 3715/402/1297 3684/374/1297 3699/398/1297
f 3678/379/1298 3677/375/1298 3692/399/1298 3693/386/1298
f 3671/380/1299 3670/377/1299 3685/401/1299 3686/388/1299
f 3679/381/1300 3678/379/1300 3693/386/1300 3694/387/1300
f 3672/382/1301 3671/380/1301 3686/388/1301 3687/389/1301
f 3680/383/1302 3679/381/1302 3694/387/1302 3695/390/1302
f 3673/384/1303 3672/382/1303 3687/389/1303 3688/391/1303
f 3681/385/1304 3680/383/1304 3695/390/1304 3696/392/1304
f 3674/369/1305 3673/384/1305 3688/391/1305 3689/393/1305
f 3682/371/1306 3681/385/1306 3696/392/1306 3697/394/1306
f 3694/387/1307 3693/386/1307 3708/412/1307 3709/414/1307
f 3687/389/1308 3686/388/1308 3701/413/1308 3702/415/1308
f 3695/390/1309 3694/387/1309 3709/414/1309 3710/416/1309
f 3688/391/1310 3687/389/1310 3702/415/1310 3703/417/1310
f 3696/392/1311 3695/390/1311 3710/416/1311 3711/418/1311
f 3689/393/1312 3688/391/1312 3703/417/1312 3704/419/1312
f 3697/394/1313 3696/392/1313 3711/418/1313 3712/403/1313
f 3690/395/1314 3689/393/1314 3704/419/1314 3705/405/1314
f 3698/396/1315 3697/394/1315 3712/403/1315 3713/404/1315
f 3691/397/1316 3690/395/1316 3705/405/1316 3706/406/1316
f 3699/398/1317 3698/396/1317 3713/404/1317 3714/407/1317
f 3692/399/1318 3691/397/1318 3706/406/1318 3707/408/1318
f 3685/401/1319 3489/409/1319 3700/410/1319
f 3715/411/1320 3699/398/1320 3714/407/1320
f 3693/386/1321 3692/399/1321 3707/408/1321 3708/412/1321
f 3686/388/1322 3685/401/1322 3700/410/1322 3701/413/1322
f 3713/404/1323 3712/403/1323 3728/426/1323 3729/428/1323
f 3706/406/1324 3705/405/1324 3721/427/1324 3722/429/1324
f 3714/407/1325 3713/404/1325 3729/428/1325 3730/430/1325
f 3707/408/1326 3706/406/1326 3722/429/1326 3723/431/1326
f 3700/410/1327 3489/432/1327 3716/433/1327
f 3715/434/1328 3714/407/1328 3730/430/1328
f 3708/412/1329 3707/408/1329 3723/431/1329 3724/435/1329
f 3701/413/1330 3700/410/1330 3716/433/1330 3717/436/1330
f 3709/414/1331 3708/412/1331 3724/435/1331 3725/420/1331
f 3702/415/1332 3701/413/1332 3717/436/1332 3718/422/1332
f 3710/416/1333 3709/414/1333 3725/420/1333 3726/421/1333
f 3703/417/1334 3702/415/1334 3718/422/1334 3719/423/1334
f 3711/418/1335 3710/416/1335 3726/421/1335 3727/424/1335
f 3704/419/1336 3703/417/1336 3719/423/1336 3720/425/1336
f 3712/403/1337 3711/418/1337 3727/424/1337 3728/426/1337
f 3705/405/1338 3704/419/1338 3720/425/1338 3721/427/1338
f 3718/422/1339 3717/436/1339 3732/445/1339 3733/447/1339
f 3726/421/1340 3725/420/1340 3740/446/1340 3741/448/1340
f 3719/423/1341 3718/422/1341 3733/447/1341 3734/449/1341
f 3727/424/1342 3726/421/1342 3741/448/1342 3742/450/1342
f 3720/425/1343 3719/423/1343 3734/449/1343 3735/451/1343
f 3728/426/1344 3727/424/1344 3742/450/1344 3743/452/1344
f 3721/427/1345 3720/425/1345 3735/451/1345 3736/453/1345
f 3729/428/1346 3728/426/1346 3743/452/1346 3744/437/1346
f 3722/429/1347 3721/427/1347 3736/453/1347 3737/439/1347
f 3730/430/1348 3729/428/1348 3744/437/1348 3745/438/1348
f 3723/431/1349 3722/429/1349 3737/439/1349 3738/440/1349
f 3716/433/1350 3489/441/1350 3731/442/1350
f 3715/443/1351 3730/430/1351 3745/438/1351
f 3724/435/1352 3723/431/1352 3738/440/1352 3739/444/1352
f 3717/436/1353 3716/433/1353 3731/442/1353 3732/445/1353
f 3725/420/1354 3724/435/1354 3739/444/1354 3740/446/1354
f 3737/439/1355 3736/453/1355 3751/460/1355 3752/462/1355
f 3745/438/1356 3744/437/1356 3759/461/1356 3760/463/1356
f 3738/440/1357 3737/439/1357 3752/462/1357 3753/464/1357
f 3731/442/1358 3489/465/1358 3746/466/1358
f 3715/467/1359 3745/438/1359 3760/463/1359
f 3739/444/1360 3738/440/1360 3753/464/1360 3754/468/1360
f 3732/445/1361 3731/442/1361 3746/466/1361 3747/469/1361
f 3740/446/1362 3739/444/1362 3754/468/1362 3755/470/1362
f 3733/447/1363 3732/445/1363 3747/469/1363 3748/454/1363
f 3741/448/1364 3740/446/1364 3755/470/1364 3756/456/1364
f 3734/449/1365 3733/447/1365 3748/454/1365 3749/455/1365
f 3742/450/1366 3741/448/1366 3756/456/1366 3757/457/1366
f 3735/451/1367 3734/449/1367 3749/455/1367 3750/458/1367
f 3743/452/1368 3742/450/1368 3757/457/1368 3758/459/1368
f 3736/453/1369 3735/451/1369 3750/458/1369 3751/460/1369
f 3744/437/1370 3743/452/1370 3758/459/1370 3759/461/1370
f 3756/456/1371 3755/470/1371 3770/479/1371 3771/481/1371
f 3749/455/1372 3748/454/1372 3763/480/1372 3764/482/1372
f 3757/457/1373 3756/456/1373 3771/481/1373 3772/483/1373
f 3750/458/1374 3749/455/1374 3764/482/1374 3765/484/1374
f 3758/459/1375 3757/457/1375 3772/483/1375 3773/485/1375
f 3751/460/1376 3750/458/1376 3765/484/1376 3766/486/1376
f 3759/461/1377 3758/459/1377 3773/485/1377 3774/487/1377
f 3752/462/1378 3751/460/1378 3766/486/1378 3767/471/1378
f 3760/463/1379 3759/461/1379 3774/487/1379 3775/476/1379
f 3753/464/1380 3752/462/1380 3767/471/1380 3768/472/1380
f 3746/466/1381 3489/473/1381 3761/474/1381
f 3715/475/1382 3760/463/1382 3775/476/1382
f 3754/468/1383 3753/464/1383 3768/472/1383 3769/477/1383
f 3747/469/1384 3746/466/1384 3761/474/1384 3762/478/1384
f 3755/470/1385 3754/468/1385 3769/477/1385 3770/479/1385
f 3748/454/1386 3747/469/1386 3762/478/1386 3763/480/1386
f 3775/504/1387 3774/500/1387 3789/501/1387 3790/505/1387
f 3768/506/1388 3767/502/1388 3782/503/1388 3783/507/1388
f 3761/508/1389 3489/509/1389 3776/510/1389
f 3715/511/1390 3775/504/1390 3790/505/1390
f 3769/512/1391 3768/506/1391 3783/507/1391 3784/513/1391
f 3762/514/1392 3761/508/1392 3776/510/1392 3777/515/1392
f 3770/516/1393 3769/512/1393 3784/513/1393 3785/517/1393
f 3763/518/1394 3762/514/1394 3777/515/1394 3778/519/1394
f 3771/489/1395 3770/516/1395 3785/517/1395 3786/490/1395
f 3764/493/1396 3763/518/1396 3778/519/1396 3779/494/1396
f 3772/488/1397 3771/489/1397 3786/490/1397 3787/491/1397
f 3765/492/1398 3764/493/1398 3779/494/1398 3780/495/1398
f 3773/496/1399 3772/488/1399 3787/491/1399 3788/497/1399
f 3766/498/1400 3765/492/1400 3780/495/1400 3781/499/1400
f 3774/500/1401 3773/496/1401 3788/497/1401 3789/501/1401
f 3767/502/1402 3766/498/1402 3781/499/1402 3782/503/1402
f 3787/491/1403 3786/490/1403 3801/529/1403 3802/531/1403
f 3780/495/1404 3779/494/1404 3794/530/1404 3795/532/1404
f 3788/497/1405 3787/491/1405 3802/531/1405 3803/533/1405
f 3781/499/1406 3780/495/1406 3795/532/1406 3796/534/1406
f 3789/501/1407 3788/497/1407 3803/533/1407 3804/535/1407
f 3782/503/1408 3781/499/1408 3796/534/1408 3797/536/1408
f 3790/505/1409 3789/501/1409 3804/535/1409 3805/523/1409
f 3783/507/1410 3782/503/1410 3797/536/1410 3798/524/1410
f 3776/510/1411 3489/520/1411 3791/521/1411
f 3715/522/1412 3790/505/1412 3805/523/1412
f 3784/513/1413 3783/507/1413 3798/524/1413 3799/525/1413
f 3777/515/1414 3776/510/1414 3791/521/1414 3792/526/1414
f 3785/517/1415 3784/513/1415 3799/525/1415 3800/527/1415
f 3778/519/1416 3777/515/1416 3792/526/1416 3793/528/1416
f 3786/490/1417 3785/517/1417 3800/527/1417 3801/529/1417
f 3779/494/1418 3778/519/1418 3793/528/1418 3794/530/1418
f 3791/521/1419 3489/546/1419 3806/547/1419
f 3715/548/1420 3805/523/1420 3820/544/1420
f 3799/525/1421 3798/524/1421 3813/545/1421 3814/549/1421
f 3792/526/1422 3791/521/1422 3806/547/1422 3807/550/1422
f 3800/527/1423 3799/525/1423 3814/549/1423 3815/551/1423
f 3793/528/1424 3792/526/1424 3807/550/1424 3808/552/1424
f 3801/529/1425 3800/527/1425 3815/551/1425 3816/553/1425
f 3794/530/1426 3793/528/1426 3808/552/1426 3809/537/1426
f 3802/531/1427 3801/529/1427 3816/553/1427 3817/539/1427
f 3795/532/1428 3794/530/1428 3809/537/1428 3810/538/1428
f 3803/533/1429 3802/531/1429 3817/539/1429 3818/540/1429
f 3796/534/1430 3795/532/1430 3810/538/1430 3811/541/1430
f 3804/535/1431 3803/533/1431 3818/540/1431 3819/542/1431
f 3797/536/1432 3796/534/1432 3811/541/1432 3812/543/1432
f 3805/523/1433 3804/535/1433 3819/542/1433 3820/544/1433
f 3798/524/1434 3797/536/1434 3812/543/1434 3813/545/1434
f 3810/538/1435 3809/537/1435 3824/561/1435 3825/563/1435
f 3818/540/1436 3817/539/1436 3832/562/1436 3833/564/1436
f 3811/541/1437 3810/538/1437 3825/563/1437 3826/565/1437
f 3819/542/1438 3818/540/1438 3833/564/1438 3834/566/1438
f 3812/543/1439 3811/541/1439 3826/565/1439 3827/567/1439
f 3820/544/1440 3819/542/1440 3834/566/1440 3835/568/1440
f 3813/545/1441 3812/543/1441 3827/567/1441 3828/554/1441
f 3806/547/1442 3489/569/1442 3821/556/1442
f 3715/570/1443 3820/544/1443 3835/568/1443
f 3814/549/1444 3813/545/1444 3828/554/1444 3829/555/1444
f 3807/550/1445 3806/547/1445 3821/556/1445 3822/557/1445
f 3815/551/1446 3814/549/1446 3829/555/1446 3830/558/1446
f 3808/552/1447 3807/550/1447 3822/557/1447 3823/559/1447
f 3816/553/1448 3815/551/1448 3830/558/1448 3831/560/1448
f 3809/537/1449 3808/552/1449 3823/559/1449 3824/561/1449
f 3817/539/1450 3816/553/1450 3831/560/1450 3832/562/1450
f 3829/555/1451 3828/554/1451 3843/578/1451 3844/582/1451
f 3822/557/1452 3821/556/1452 3836/580/1452 3837/583/1452
f 3830/558/1453 3829/555/1453 3844/582/1453 3845/584/1453
f 3823/559/1454 3822/557/1454 3837/583/1454 3838/585/1454
f 3831/560/1455 3830/558/1455 3845/584/1455 3846/586/1455
f 3824/561/1456 3823/559/1456 3838/585/1456 3839/587/1456
f 3832/562/1457 3831/560/1457 3846/586/1457 3847/571/1457
f 3825/563/1458 3824/561/1458 3839/587/1458 3840/573/1458
f 3833/564/1459 3832/562/1459 3847/571/1459 3848/572/1459
f 3826/565/1460 3825/563/1460 3840/573/1460 3841/574/1460
f 3834/566/1461 3833/564/1461 3848/572/1461 3849/575/1461
f 3827/567/1462 3826/565/1462 3841/574/1462 3842/576/1462
f 3835/568/1463 3834/566/1463 3849/575/1463 3850/577/1463
f 3828/554/1464 3827/567/1464 3842/576/1464 3843/578/1464
f 3821/556/1465 3489/579/1465 3836/580/1465
f 3715/581/1466 3835/568/1466 3850/577/1466
f 3848/572/1467 3847/571/1467 3862/594/1467 3863/596/1467
f 3841/574/1468 3840/573/1468 3855/595/1468 3856/597/1468
f 3849/575/1469 3848/572/1469 3863/596/1469 3864/598/1469
f 3842/576/1470 3841/574/1470 3856/597/1470 3857/599/1470
f 3850/577/1471 3849/575/1471 3864/598/1471 3865/600/1471
f 3843/578/1472 3842/576/1472 3857/599/1472 3858/601/1472
f 3836/580/1473 3489/602/1473 3851/603/1473
f 3715/604/1474 3850/577/1474 3865/600/1474
f 3844/582/1475 3843/578/1475 3858/601/1475 3859/588/1475
f 3837/583/1476 3836/580/1476 3851/603/1476 3852/590/1476
f 3845/584/1477 3844/582/1477 3859/588/1477 3860/589/1477
f 3838/585/1478 3837/583/1478 3852/590/1478 3853/591/1478
f 3846/586/1479 3845/584/1479 3860/589/1479 3861/592/1479
f 3839/587/1480 3838/585/1480 3853/591/1480 3854/593/1480
f 3847/571/1481 3846/586/1481 3861/592/1481 3862/594/1481
f 3840/573/1482 3839/587/1482 3854/593/1482 3855/595/1482
f 3852/590/1483 3851/603/1483 3866/612/1483 3867/615/1483
f 3860/589/1484 3859/588/1484 3874/614/1484 3875/616/1484
f 3853/591/1485 3852/590/1485 3867/615/1485 3868/617/1485
f 3861/592/1486 3860/589/1486 3875/616/1486 3876/618/1486
f 3854/593/1487 3853/591/1487 3868/617/1487 3869/619/1487
f 3862/594/1488 3861/592/1488 3876/618/1488 3877/620/1488
f 3855/595/1489 3854/593/1489 3869/619/1489 3870/621/1489
f 3863/596/1490 3862/594/1490 3877/620/1490 3878/605/1490
f 3856/597/1491 3855/595/1491 3870/621/1491 3871/607/1491
f 3864/598/1492 3863/596/1492 3878/605/1492 3879/606/1492
f 3857/599/1493 3856/597/1493 3871/607/1493 3872/608/1493
f 3865/600/1494 3864/598/1494 3879/606/1494 3880/609/1494
f 3858/601/1495 3857/599/1495 3872/608/1495 3873/610/1495
f 3851/603/1496 3489/611/1496 3866/612/1496
f 3715/613/1497 3865/600/1497 3880/609/1497
f 3859/588/1498 3858/601/1498 3873/610/1498 3874/614/1498
f 3871/607/1499 3870/621/1499 3409/80/1499 3884/84/1499
f 3879/606/1500 3878/605/1500 3887/82/1500 3888/86/1500
f 3872/608/1501 3871/607/1501 3884/84/1501 3410/88/1501
f 3880/609/1502 3879/606/1502 3888/86/1502 3889/90/1502
f 3873/610/1503 3872/608/1503 3410/88/1503 3411/92/1503
f 3866/612/1504 3489/622/1504 3881/94/1504
f 3715/623/1505 3880/609/1505 3889/90/1505
f 3874/614/1506 3873/610/1506 3411/92/1506 3412/67/1506
f 3867/615/1507 3866/612/1507 3881/94/1507 3882/71/1507
f 3875/616/1508 3874/614/1508 3412/67/1508 3885/66/1508
f 3868/617/1509 3867/615/1509 3882/71/1509 3408/70/1509
f 3876/618/1510 3875/616/1510 3885/66/1510 3413/74/1510
f 3869/619/1511 3868/617/1511 3408/70/1511 3883/76/1511
f 3877/620/1512 3876/618/1512 3413/74/1512 3886/78/1512
f 3870/621/1513 3869/619/1513 3883/76/1513 3409/80/1513
f 3878/605/1514 3877/620/1514 3886/78/1514 3887/82/1514
s 1
usemtl tete
f 2439/66/34 1966/67/35 1976/68/36 1977/69/37
f 1962/70/38 2436/71/39 1969/72/40 1970/73/41
f 1967/74/42 2439/66/34 1977/69/37 1978/75/43
f 2437/76/44 1962/70/38 1970/73/41 1971/77/45
f 2440/78/46 1967/74/42 1978/75/43 1979/79/47
f 1963/80/48 2437/76/44 1971/77/45 1972/81/49
f 2441/82/50 2440/78/46 1979/79/47 1980/83/51
f 2438/84/52 1963/80/48 1972/81/49 1973/85/53
f 2442/86/54 2441/82/50 1980/83/51 1981/87/55
f 1964/88/56 2438/84/52 1973/85/53 1974/89/57
f 2443/90/58 2442/86/54 1981/87/55 1982/91/59
f 1965/92/60 1964/88/56 1974/89/57 1975/93/61
f 2435/94/62 2043/95/63 1968/96/64
f 2269/97/31 2443/90/58 1982/91/59
f 1966/67/35 1965/92/60 1975/93/61 1976/68/36
f 2436/71/39 2435/94/62 1968/96/64 1969/72/40
f 2269/98/31 1982/91/59 1997/99/65
f 1976/68/36 1975/93/61 1990/100/66 1991/101/67
f 1969/72/40 1968/96/64 1983/102/68 1984/103/69
f 1977/69/37 1976/68/36 1991/101/67 1992/104/70
f 1970/73/41 1969/72/40 1984/103/69 1985/105/71
f 1978/75/43 1977/69/37 1992/104/70 1993/106/72
f 1971/77/45 1970/73/41 1985/105/71 1986/107/73
f 1979/79/47 1978/75/43 1993/106/72 1994/108/74
f 1972/81/49 1971/77/45 1986/107/73 1987/109/75
f 1980/83/51 1979/79/47 1994/108/74 1995/110/76
f 1973/85/53 1972/81/49 1987/109/75 1988/111/77
f 1981/87/55 1980/83/51 1995/110/76 1996/112/78
f 1974/89/57 1973/85/53 1988/111/77 1989/113/79
f 1982/91/59 1981/87/55 1996/112/78 1997/99/65
f 1975/93/61 1974/89/57 1989/113/79 1990/100/66
f 1968/96/64 2043/114/63 1983/102/68
f 1995/110/76 1994/108/74 2009/115/80 2010/116/81
f 1988/111/77 1987/109/75 2002/117/82 2003/118/83
f 1996/112/78 1995/110/76 2010/116/81 2011/119/84
f 1989/113/79 1988/111/77 2003/118/83 2004/120/85
f 1997/99/65 1996/112/78 2011/119/84 2012/121/86
f 1990/100/66 1989/113/79 2004/120/85 2005/122/87
f 1983/102/68 2043/123/63 1998/124/88
f 2269/125/31 1997/99/65 2012/121/86
f 1991/101/67 1990/100/66 2005/122/87 2006/126/89
f 1984/103/69 1983/102/68 1998/124/88 1999/127/90
f 1992/104/70 1991/101/67 2006/126/89 2007/128/91
f 1985/105/71 1984/103/69 1999/127/90 2000/129/92
f 1993/106/72 1992/104/70 2007/128/91 2008/130/93
f 1986/107/73 1985/105/71 2000/129/92 2001/131/94
f 1994/108/74 1993/106/72 2008/130/93 2009/115/80
f 1987/109/75 1986/107/73 2001/131/94 2002/117/82
f 1999/127/90 1998/124/88 2013/132/95 2014/133/96
f 2007/128/91 2006/126/89 2021/134/97 2022/135/98
f 2000/129/92 1999/127/90 2014/133/96 2015/136/99
f 2008/130/93 2007/128/91 2022/135/98 2023/137/100
f 2001/131/94 2000/129/92 2015/136/99 2016/138/101
f 2009/115/80 2008/130/93 2023/137/100 2024/139/102
f 2002/117/82 2001/131/94 2016/138/101 2017/140/103
f 2010/116/81 2009/115/80 2024/139/102 2025/141/104
f 2003/118/83 2002/117/82 2017/140/103 2018/142/105
f 2011/119/84 2010/116/81 2025/141/104 2026/143/106
f 2004/120/85 2003/118/83 2018/142/105 2019/144/107
f 2012/121/86 2011/119/84 2026/143/106 2027/145/108
f 2005/122/87 2004/120/85 2019/144/107 2020/146/109
f 1998/124/88 2043/147/63 2013/132/95
f 2269/148/31 2012/121/86 2027/145/108
f 2006/126/89 2005/122/87 2020/146/109 2021/134/97
f 2018/142/105 2017/140/103 2032/149/110 2033/150/111
f 2026/143/106 2025/141/104 2040/151/112 2041/152/113
f 2019/144/107 2018/142/105 2033/150/111 2034/153/114
f 2027/145/108 2026/143/106 2041/152/113 2042/154/115
f 2020/146/109 2019/144/107 2034/153/114 2035/155/116
f 2013/132/95 2043/156/63 2028/157/117
f 2269/158/31 2027/145/108 2042/154/115
f 2021/134/97 2020/146/109 2035/155/116 2036/159/118
f 2014/133/96 2013/132/95 2028/157/117 2029/160/119
f 2022/135/98 2021/134/97 2036/159/118 2037/161/120
f 2015/136/99 2014/133/96 2029/160/119 2030/162/121
f 2023/137/100 2022/135/98 2037/161/120 2038/163/122
f 2016/138/101 2015/136/99 2030/162/121 2031/164/123
f 2024/139/102 2023/137/100 2038/163/122 2039/165/124
f 2017/140/103 2016/138/101 2031/164/123 2032/149/110
f 2025/141/104 2024/139/102 2039/165/124 2040/151/112
f 2037/161/120 2036/159/118 2052/166/125 2053/167/126
f 2030/162/121 2029/160/119 2045/168/127 2046/169/128
f 2038/163/122 2037/161/120 2053/167/126 2054/170/129
f 2031/164/123 2030/162/121 2046/169/128 2047/171/130
f 2039/165/124 2038/163/122 2054/170/129 2055/172/131
f 2032/149/110 2031/164/123 2047/171/130 2048/173/132
f 2040/151/112 2039/165/124 2055/172/131 2056/174/133
f 2033/150/111 2032/149/110 2048/173/132 2049/175/134
f 2041/152/113 2040/151/112 2056/174/133 2057/176/135
f 2034/153/114 2033/150/111 2049/175/134 2050/177/136
f 2042/154/115 2041/152/113 2057/176/135 2058/178/137
f 2035/155/116 2034/153/114 2050/177/136 2051/179/138
f 2028/157/117 2043/180/63 2044/181/139
f 2269/182/31 2042/154/115 2058/178/137
f 2036/159/118 2035/155/116 2051/179/138 2052/166/125
f 2029/160/119 2028/157/117 2044/181/139 2045/168/127
f 2057/176/135 2056/174/133 2071/183/140 2072/184/141
f 2050/177/136 2049/175/134 2064/185/142 2065/186/143
f 2058/178/137 2057/176/135 2072/184/141 2073/187/144
f 2051/179/138 2050/177/136 2065/186/143 2066/188/145
f 2044/181/139 2043/189/63 2059/190/146
f 2269/191/31 2058/178/137 2073/187/144
f 2052/166/125 2051/179/138 2066/188/145 2067/192/147
f 2045/168/127 2044/181/139 2059/190/146 2060/193/148
f 2053/167/126 2052/166/125 2067/192/147 2068/194/149
f 2046/169/128 2045/168/127 2060/193/148 2061/195/150
f 2054/170/129 2053/167/126 2068/194/149 2069/196/151
f 2047/171/130 2046/169/128 2061/195/150 2062/197/152
f 2055/172/131 2054/170/129 2069/196/151 2070/198/153
f 2048/173/132 2047/171/130 2062/197/152 2063/199/154
f 2056/174/133 2055/172/131 2070/198/153 2071/183/140
f 2049/175/134 2048/173/132 2063/199/154 2064/185/142
f 2061/195/150 2060/193/148 2075/200/155 2076/201/156
f 2069/196/151 2068/194/149 2083/202/157 2084/203/158
f 2062/197/152 2061/195/150 2076/201/156 2077/204/159
f 2070/198/153 2069/196/151 2084/203/158 2085/205/160
f 2063/199/154 2062/197/152 2077/204/159 2078/206/161
f 2071/183/140 2070/198/153 2085/205/160 2086/207/162
f 2064/185/142 2063/199/154 2078/206/161 2079/208/163
f 2072/184/141 2071/183/140 2086/207/162 2087/209/164
f 2065/186/143 2064/185/142 2079/208/163 2080/210/165
f 2073/187/144 2072/184/141 2087/209/164 2088/211/166
f 2066/188/145 2065/186/143 2080/210/165 2081/212/167
f 2059/190/146 2043/213/63 2074/214/168
f 2269/215/31 2073/187/144 2088/211/166
f 2067/192/147 2066/188/145 2081/212/167 2082/216/169
f 2060/193/148 2059/190/146 2074/214/168 2075/200/155
f 2068/194/149 2067/192/147 2082/216/169 2083/202/157
f 2080/210/165 2079/208/163 2094/217/170 2095/218/171
f 2088/211/166 2087/209/164 2102/219/172 2103/220/173
f 2081/212/167 2080/210/165 2095/218/171 2096/221/174
f 2074/214/168 2043/222/63 2089/223/175
f 2269/224/31 2088/211/166 2103/220/173
f 2082/216/169 2081/212/167 2096/221/174 2097/225/176
f 2075/200/155 2074/214/168 2089/223/175 2090/226/177
f 2083/202/157 2082/216/169 2097/225/176 2098/227/178
f 2076/201/156 2075/200/155 2090/226/177 2091/228/179
f 2084/203/158 2083/202/157 2098/227/178 2099/229/180
f 2077/204/159 2076/201/156 2091/228/179 2092/230/181
f 2085/205/160 2084/203/158 2099/229/180 2100/231/182
f 2078/206/161 2077/204/159 2092/230/181 2093/232/183
f 2086/207/162 2085/205/160 2100/231/182 2101/233/184
f 2079/208/163 2078/206/161 2093/232/183 2094/217/170
f 2087/209/164 2086/207/162 2101/233/184 2102/219/172
f 2099/229/180 2098/227/178 2113/234/185 2114/235/186
f 2092/230/181 2091/228/179 2106/236/187 2107/237/188
f 2100/231/182 2099/229/180 2114/235/186 2115/238/189
f 2093/232/183 2092/230/181 2107/237/188 2108/239/190
f 2101/233/184 2100/231/182 2115/238/189 2116/240/191
f 2094/217/170 2093/232/183 2108/239/190 2109/241/192
f 2102/219/172 2101/233/184 2116/240/191 2117/242/193
f 2095/218/171 2094/217/170 2109/241/192 2110/243/194
f 2103/220/173 2102/219/172 2117/242/193 2118/244/195
f 2096/221/174 2095/218/171 2110/243/194 2111/245/196
f 2089/223/175 2043/246/63 2104/247/197
f 2269/248/31 2103/220/173 2118/244/195
f 2097/225/176 2096/221/174 2111/245/196 2112/249/198
f 2090/226/177 2089/223/175 2104/247/197 2105/250/199
f 2098/227/178 2097/225/176 2112/249/198 2113/234/185
f 2091/228/179 2090/226/177 2105/250/199 2106/236/187
f 2118/244/195 2117/242/193 2132/251/200 2133/252/201
f 2111/245/196 2110/243/194 2125/253/202 2126/254/203
f 2104/247/197 2043/255/63 2119/256/204
f 2269/257/31 2118/244/195 2133/252/201
f 2112/249/198 2111/245/196 2126/254/203 2127/258/205
f 2105/250/199 2104/247/197 2119/256/204 2120/259/206
f 2113/234/185 2112/249/198 2127/258/205 2128/260/207
f 2106/236/187 2105/250/199 2120/259/206 2121/261/519
f 2114/235/186 2113/234/185 2128/260/207 2129/262/209
f 2107/237/188 2106/236/187 2121/261/519 2122/263/210
f 2115/238/189 2114/235/186 2129/262/209 2130/264/211
f 2108/239/190 2107/237/188 2122/263/210 2123/265/212
f 2116/240/191 2115/238/189 2130/264/211 2131/266/213
f 2109/241/192 2108/239/190 2123/265/212 2124/267/214
f 2117/242/193 2116/240/191 2131/266/213 2132/251/200
f 2110/243/194 2109/241/192 2124/267/214 2125/253/202
f 2130/264/211 2129/262/209 2144/268/215 2145/269/216
f 2123/265/212 2122/263/210 2137/270/217 2138/271/218
f 2131/266/213 2130/264/211 2145/269/216 2146/272/219
f 2124/267/214 2123/265/212 2138/271/218 2139/273/220
f 2132/251/200 2131/266/213 2146/272/219 2147/274/221
f 2125/253/202 2124/267/214 2139/273/220 2140/275/222
f 2133/252/201 2132/251/200 2147/274/221 2148/276/223
f 2126/254/203 2125/253/202 2140/275/222 2141/277/224
f 2119/256/204 2043/278/63 2134/279/225
f 2269/280/31 2133/252/201 2148/276/223
f 2127/258/205 2126/254/203 2141/277/224 2142/281/226
f 2120/259/206 2119/256/204 2134/279/225 2135/282/227
f 2128/260/207 2127/258/205 2142/281/226 2143/283/228
f 2121/261/519 2120/259/206 2135/282/227 2136/284/229
f 2129/262/209 2128/260/207 2143/283/228 2144/268/215
f 2122/263/210 2121/261/519 2136/284/229 2137/270/217
f 2134/279/225 2043/285/63 2149/286/230
f 2269/287/31 2148/276/223 2163/288/231
f 2142/281/226 2141/277/224 2156/289/232 2157/290/233
f 2135/282/227 2134/279/225 2149/286/230 2150/291/234
f 2143/283/228 2142/281/226 2157/290/233 2158/292/235
f 2136/284/229 2135/282/227 2150/291/234 2151/293/236
f 2144/268/215 2143/283/228 2158/292/235 2159/294/237
f 2137/270/217 2136/284/229 2151/293/236 2152/295/238
f 2145/269/216 2144/268/215 2159/294/237 2160/296/239
f 2138/271/218 2137/270/217 2152/295/238 2153/297/240
f 2146/272/219 2145/269/216 2160/296/239 2161/298/241
f 2139/273/220 2138/271/218 2153/297/240 2154/299/242
f 2147/274/221 2146/272/219 2161/298/241 2162/300/243
f 2140/275/222 2139/273/220 2154/299/242 2155/301/244
f 2148/276/223 2147/274/221 2162/300/243 2163/288/231
f 2141/277/224 2140/275/222 2155/301/244 2156/289/232
f 2153/297/240 2152/295/238 2167/302/245 2168/303/246
f 2161/298/241 2160/296/239 2175/304/247 2176/305/248
f 2154/299/242 2153/297/240 2168/303/246 2169/306/249
f 2162/300/243 2161/298/241 2176/305/248 2177/307/250
f 2155/301/244 2154/299/242 2169/306/249 2170/308/251
f 2163/288/231 2162/300/243 2177/307/250 2178/309/252
f 2156/289/232 2155/301/244 2170/308/251 2171/310/253
f 2149/286/230 2043/311/63 2164/312/254
f 2269/313/31 2163/288/231 2178/309/252
f 2157/290/233 2156/289/232 2171/310/253 2172/314/255
f 2150/291/234 2149/286/230 2164/312/254 2165/315/256
f 2158/292/235 2157/290/233 2172/314/255 2173/316/257
f 2151/293/236 2150/291/234 2165/315/256 2166/317/258
f 2159/294/237 2158/292/235 2173/316/257 2174/318/259
f 2152/295/238 2151/293/236 2166/317/258 2167/302/245
f 2160/296/239 2159/294/237 2174/318/259 2175/304/247
f 2172/314/255 2171/310/253 2186/319/260 2187/320/261
f 2165/315/256 2164/312/254 2179/321/262 2180/322/263
f 2173/316/257 2172/314/255 2187/320/261 2188/323/264
f 2166/317/258 2165/315/256 2180/322/263 2181/324/265
f 2174/318/259 2173/316/257 2188/323/264 2189/325/266
f 2167/302/245 2166/317/258 2181/324/265 2182/326/267
f 2175/304/247 2174/318/259 2189/325/266 2190/327/268
f 2168/303/246 2167/302/245 2182/326/267 2183/328/269
f 2176/305/248 2175/304/247 2190/327/268 2191/329/270
f 2169/306/249 2168/303/246 2183/328/269 2184/330/271
f 2177/307/250 2176/305/248 2191/329/270 2192/331/272
f 2170/308/251 2169/306/249 2184/330/271 2185/332/273
f 2178/309/252 2177/307/250 2192/331/272 2193/333/274
f 2171/310/253 2170/308/251 2185/332/273 2186/319/260
f 2164/312/254 2043/334/63 2179/321/262
f 2269/335/31 2178/309/252 2193/333/274
f 2191/329/270 2190/327/268 2205/2/275 2206/336/276
f 2184/330/271 2183/328/269 2198/337/277 2199/338/278
f 2192/331/272 2191/329/270 2206/336/276 2207/339/279
f 2185/332/273 2184/330/271 2199/338/278 2200/340/280
f 2193/333/274 2192/331/272 2207/339/279 2208/341/281
f 2186/319/260 2185/332/273 2200/340/280 2201/342/282
f 2179/321/262 2043/343/63 2194/344/283
f 2269/345/31 2193/333/274 2208/341/281
f 2187/320/261 2186/319/260 2201/342/282 2202/346/284
f 2180/322/263 2179/321/262 2194/344/283 2195/347/285
f 2188/323/264 2187/320/261 2202/346/284 2203/348/286
f 2181/324/265 2180/322/263 2195/347/285 2196/349/287
f 2189/325/266 2188/323/264 2203/348/286 2204/350/288
f 2182/326/267 2181/324/265 2196/349/287 2197/351/289
f 2190/327/268 2189/325/266 2204/350/288 2205/2/275
f 2183/328/269 2182/326/267 2197/351/289 2198/337/277
f 2195/347/285 2194/344/283 2209/352/290 2210/353/291
f 2203/348/286 2202/346/284 2217/354/292 2218/355/293
f 2196/349/287 2195/347/285 2210/353/291 2211/356/294
f 2204/350/288 2203/348/286 2218/355/293 2219/357/295
f 2197/351/289 2196/349/287 2211/356/294 2212/358/296
f 2205/2/275 2204/350/288 2219/357/295 2220/359/297
f 2198/337/277 2197/351/289 2212/358/296 2213/360/298
f 2206/336/276 2205/2/275 2220/359/297 2221/361/299
f 2199/338/278 2198/337/277 2213/360/298 2214/362/300
f 2207/339/279 2206/336/276 2221/361/299 2222/363/301
f 2200/340/280 2199/338/278 2214/362/300 2215/364/302
f 2208/341/281 2207/339/279 2222/363/301 2223/365/303
f 2201/342/282 2200/340/280 2215/364/302 2216/366/304
f 2194/344/283 2043/367/63 2209/352/290
f 2269/368/31 2208/341/281 2223/365/303
f 2202/346/284 2201/342/282 2216/366/304 2217/354/292
f 2214/362/300 2213/360/298 2228/369/305 2229/370/306
f 2222/363/301 2221/361/299 2236/371/307 2237/372/308
f 2215/364/302 2214/362/300 2229/370/306 2230/373/309
f 2223/365/303 2222/363/301 2237/372/308 2238/374/310
f 2216/366/304 2215/364/302 2230/373/309 2231/375/311
f 2209/352/290 2043/376/63 2224/377/312
f 2269/378/31 2223/365/303 2238/374/310
f 2217/354/292 2216/366/304 2231/375/311 2232/379/313
f 2210/353/291 2209/352/290 2224/377/312 2225/380/314
f 2218/355/293 2217/354/292 2232/379/313 2233/381/315
f 2211/356/294 2210/353/291 2225/380/314 2226/382/316
f 2219/357/295 2218/355/293 2233/381/315 2234/383/317
f 2212/358/296 2211/356/294 2226/382/316 2227/384/318
f 2220/359/297 2219/357/295 2234/383/317 2235/385/319
f 2213/360/298 2212/358/296 2227/384/318 2228/369/305
f 2221/361/299 2220/359/297 2235/385/319 2236/371/307
f 2233/381/315 2232/379/313 2247/386/320 2248/387/321
f 2226/382/316 2225/380/314 2240/388/322 2241/389/517
f 2234/383/317 2233/381/315 2248/387/321 2249/390/324
f 2227/384/318 2226/382/316 2241/389/517 2242/391/325
f 2235/385/319 2234/383/317 2249/390/324 2250/392/326
f 2228/369/305 2227/384/318 2242/391/325 2243/393/327
f 2236/371/307 2235/385/319 2250/392/326 2251/394/328
f 2229/370/306 2228/369/305 2243/393/327 2244/395/329
f 2237/372/308 2236/371/307 2251/394/328 2252/396/330
f 2230/373/309 2229/370/306 2244/395/329 2245/397/331
f 2238/374/310 2237/372/308 2252/396/330 2253/398/332
f 2231/375/311 2230/373/309 2245/397/331 2246/399/333
f 2224/377/312 2043/400/63 2239/401/334
f 2269/402/31 2238/374/310 2253/398/332
f 2232/379/313 2231/375/311 2246/399/333 2247/386/320
f 2225/380/314 2224/377/312 2239/401/334 2240/388/322
f 2252/396/330 2251/394/328 2266/403/335 2267/404/336
f 2245/397/331 2244/395/329 2259/405/337 2260/406/338
f 2253/398/332 2252/396/330 2267/404/336 2268/407/339
f 2246/399/333 2245/397/331 2260/406/338 2261/408/340
f 2239/401/334 2043/409/63 2254/410/341
f 2269/411/31 2253/398/332 2268/407/339
f 2247/386/320 2246/399/333 2261/408/340 2262/412/342
f 2240/388/322 2239/401/334 2254/410/341 2255/413/343
f 2248/387/321 2247/386/320 2262/412/342 2263/414/344
f 2241/389/517 2240/388/322 2255/413/343 2256/415/345
f 2249/390/324 2248/387/321 2263/414/344 2264/416/346
f 2242/391/325 2241/389/517 2256/415/345 2257/417/347
f 2250/392/326 2249/390/324 2264/416/346 2265/418/348
f 2243/393/327 2242/391/325 2257/417/347 2258/419/349
f 2251/394/328 2250/392/326 2265/418/348 2266/403/335
f 2244/395/329 2243/393/327 2258/419/349 2259/405/337
f 2264/416/346 2263/414/344 2279/420/350 2280/421/351
f 2257/417/347 2256/415/345 2272/422/352 2273/423/353
f 2265/418/348 2264/416/346 2280/421/351 2281/424/354
f 2258/419/349 2257/417/347 2273/423/353 2274/425/355
f 2266/403/335 2265/418/348 2281/424/354 2282/426/356
f 2259/405/337 2258/419/349 2274/425/355 2275/427/357
f 2267/404/336 2266/403/335 2282/426/356 2283/428/358
f 2260/406/338 2259/405/337 2275/427/357 2276/429/359
f 2268/407/339 2267/404/336 2283/428/358 2284/430/360
f 2261/408/340 2260/406/338 2276/429/359 2277/431/361
f 2254/410/341 2043/432/63 2270/433/362
f 2269/434/31 2268/407/339 2284/430/360
f 2262/412/342 2261/408/340 2277/431/361 2278/435/363
f 2255/413/343 2254/410/341 2270/433/362 2271/436/364
f 2263/414/344 2262/412/342 2278/435/363 2279/420/350
f 2256/415/345 2255/413/343 2271/436/364 2272/422/352
f 2284/430/360 2283/428/358 2298/437/365 2299/438/366
f 2277/431/361 2276/429/359 2291/439/367 2292/440/368
f 2270/433/362 2043/441/63 2285/442/369
f 2269/443/31 2284/430/360 2299/438/366
f 2278/435/363 2277/431/361 2292/440/368 2293/444/370
f 2271/436/364 2270/433/362 2285/442/369 2286/445/371
f 2279/420/350 2278/435/363 2293/444/370 2294/446/372
f 2272/422/352 2271/436/364 2286/445/371 2287/447/373
f 2280/421/351 2279/420/350 2294/446/372 2295/448/374
f 2273/423/353 2272/422/352 2287/447/373 2288/449/375
f 2281/424/354 2280/421/351 2295/448/374 2296/450/376
f 2274/425/355 2273/423/353 2288/449/375 2289/451/377
f 2282/426/356 2281/424/354 2296/450/376 2297/452/378
f 2275/427/357 2274/425/355 2289/451/377 2290/453/379
f 2283/428/358 2282/426/356 2297/452/378 2298/437/365
f 2276/429/359 2275/427/357 2290/453/379 2291/439/367
f 2288/449/375 2287/447/373 2302/454/380 2303/455/381
f 2296/450/376 2295/448/374 2310/456/382 2311/457/383
f 2289/451/377 2288/449/375 2303/455/381 2304/458/384
f 2297/452/378 2296/450/376 2311/457/383 2312/459/385
f 2290/453/379 2289/451/377 2304/458/384 2305/460/386
f 2298/437/365 2297/452/378 2312/459/385 2313/461/387
f 2291/439/367 2290/453/379 2305/460/386 2306/462/388
f 2299/438/366 2298/437/365 2313/461/387 2314/463/389
f 2292/440/368 2291/439/367 2306/462/388 2307/464/390
f 2285/442/369 2043/465/63 2300/466/391
f 2269/467/31 2299/438/366 2314/463/389
f 2293/444/370 2292/440/368 2307/464/390 2308/468/392
f 2286/445/371 2285/442/369 2300/466/391 2301/469/393
f 2294/446/372 2293/444/370 2308/468/392 2309/470/394
f 2287/447/373 2286/445/371 2301/469/393 2302/454/380
f 2295/448/374 2294/446/372 2309/470/394 2310/456/382
f 2307/464/390 2306/462/388 2321/471/395 2322/472/396
f 2300/466/391 2043/473/63 2315/474/397
f 2269/475/31 2314/463/389 2329/476/398
f 2308/468/392 2307/464/390 2322/472/396 2323/477/399
f 2301/469/393 2300/466/391 2315/474/397 2316/478/400
f 2309/470/394 2308/468/392 2323/477/399 2324/479/401
f 2302/454/380 2301/469/393 2316/478/400 2317/480/402
f 2310/456/382 2309/470/394 2324/479/401 2325/481/403
f 2303/455/381 2302/454/380 2317/480/402 2318/482/404
f 2311/457/383 2310/456/382 2325/481/403 2326/483/405
f 2304/458/384 2303/455/381 2318/482/404 2319/484/406
f 2312/459/385 2311/457/383 2326/483/405 2327/485/407
f 2305/460/386 2304/458/384 2319/484/406 2320/486/408
f 2313/461/387 2312/459/385 2327/485/407 2328/487/409
f 2306/462/388 2305/460/386 2320/486/408 2321/471/395
f 2314/463/389 2313/461/387 2328/487/409 2329/476/398
f 2326/488/405 2325/489/403 2340/490/410 2341/491/411
f 2319/492/406 2318/493/404 2333/494/412 2334/495/413
f 2327/496/407 2326/488/405 2341/491/411 2342/497/414
f 2320/498/408 2319/492/406 2334/495/413 2335/499/415
f 2328/500/409 2327/496/407 2342/497/414 2343/501/416
f 2321/502/395 2320/498/408 2335/499/415 2336/503/417
f 2329/504/398 2328/500/409 2343/501/416 2344/505/418
f 2322/506/396 2321/502/395 2336/503/417 2337/507/419
f 2315/508/397 2043/509/63 2330/510/420
f 2269/511/31 2329/504/398 2344/505/418
f 2323/512/399 2322/506/396 2337/507/419 2338/513/421
f 2316/514/400 2315/508/397 2330/510/420 2331/515/422
f 2324/516/401 2323/512/399 2338/513/421 2339/517/423
f 2317/518/402 2316/514/400 2331/515/422 2332/519/424
f 2325/489/403 2324/516/401 2339/517/423 2340/490/410
f 2318/493/404 2317/518/402 2332/519/424 2333/494/412
f 2330/510/420 2043/520/63 2345/521/425
f 2269/522/31 2344/505/418 2359/523/426
f 2338/513/421 2337/507/419 2352/524/427 2353/525/428
f 2331/515/422 2330/510/420 2345/521/425 2346/526/429
f 2339/517/423 2338/513/421 2353/525/428 2354/527/430
f 2332/519/424 2331/515/422 2346/526/429 2347/528/431
f 2340/490/410 2339/517/423 2354/527/430 2355/529/432
f 2333/494/412 2332/519/424 2347/528/431 2348/530/433
f 2341/491/411 2340/490/410 2355/529/432 2356/531/434
f 2334/495/413 2333/494/412 2348/530/433 2349/532/435
f 2342/497/414 2341/491/411 2356/531/434 2357/533/436
f 2335/499/415 2334/495/413 2349/532/435 2350/534/437
f 2343/501/416 2342/497/414 2357/533/436 2358/535/438
f 2336/503/417 2335/499/415 2350/534/437 2351/536/439
f 2344/505/418 2343/501/416 2358/535/438 2359/523/426
f 2337/507/419 2336/503/417 2351/536/439 2352/524/427
f 2349/532/435 2348/530/433 2363/537/440 2364/538/441
f 2357/533/436 2356/531/434 2371/539/442 2372/540/443
f 2350/534/437 2349/532/435 2364/538/441 2365/541/444
f 2358/535/438 2357/533/436 2372/540/443 2373/542/445
f 2351/536/439 2350/534/437 2365/541/444 2366/543/446
f 2359/523/426 2358/535/438 2373/542/445 2374/544/447
f 2352/524/427 2351/536/439 2366/543/446 2367/545/448
f 2345/521/425 2043/546/63 2360/547/449
f 2269/548/31 2359/523/426 2374/544/447
f 2353/525/428 2352/524/427 2367/545/448 2368/549/450
f 2346/526/429 2345/521/425 2360/547/449 2361/550/451
f 2354/527/430 2353/525/428 2368/549/450 2369/551/452
f 2347/528/431 2346/526/429 2361/550/451 2362/552/518
f 2355/529/432 2354/527/430 2369/551/452 2370/553/454
f 2348/530/433 2347/528/431 2362/552/518 2363/537/440
f 2356/531/434 2355/529/432 2370/553/454 2371/539/442
f 2368/549/450 2367/545/448 2382/554/455 2383/555/456
f 2361/550/451 2360/547/449 2375/556/457 2376/557/458
f 2369/551/452 2368/549/450 2383/555/456 2384/558/459
f 2362/552/518 2361/550/451 2376/557/458 2377/559/460
f 2370/553/454 2369/551/452 2384/558/459 2385/560/461
f 2363/537/440 2362/552/518 2377/559/460 2378/561/462
f 2371/539/442 2370/553/454 2385/560/461 2386/562/463
f 2364/538/441 2363/537/440 2378/561/462 2379/563/464
f 2372/540/443 2371/539/442 2386/562/463 2387/564/465
f 2365/541/444 2364/538/441 2379/563/464 2380/565/466
f 2373/542/445 2372/540/443 2387/564/465 2388/566/467
f 2366/543/446 2365/541/444 2380/565/466 2381/567/468
f 2374/544/447 2373/542/445 2388/566/467 2389/568/469
f 2367/545/448 2366/543/446 2381/567/468 2382/554/455
f 2360/547/449 2043/569/63 2375/556/457
f 2269/570/31 2374/544/447 2389/568/469
f 2387/564/465 2386/562/463 2401/571/470 2402/572/471
f 2380/565/466 2379/563/464 2394/573/472 2395/574/473
f 2388/566/467 2387/564/465 2402/572/471 2403/575/474
f 2381/567/468 2380/565/466 2395/574/473 2396/576/475
f 2389/568/469 2388/566/467 2403/575/474 2404/577/476
f 2382/554/455 2381/567/468 2396/576/475 2397/578/477
f 2375/556/457 2043/579/63 2390/580/478
f 2269/581/31 2389/568/469 2404/577/476
f 2383/555/456 2382/554/455 2397/578/477 2398/582/479
f 2376/557/458 2375/556/457 2390/580/478 2391/583/480
f 2384/558/459 2383/555/456 2398/582/479 2399/584/481
f 2377/559/460 2376/557/458 2391/583/480 2392/585/482
f 2385/560/461 2384/558/459 2399/584/481 2400/586/483
f 2378/561/462 2377/559/460 2392/585/482 2393/587/484
f 2386/562/463 2385/560/461 2400/586/483 2401/571/470
f 2379/563/464 2378/561/462 2393/587/484 2394/573/472
f 2399/584/481 2398/582/479 2413/588/485 2414/589/486
f 2392/585/482 2391/583/480 2406/590/487 2407/591/488
f 2400/586/483 2399/584/481 2414/589/486 2415/592/489
f 2393/587/484 2392/585/482 2407/591/488 2408/593/490
f 2401/571/470 2400/586/483 2415/592/489 2416/594/491
f 2394/573/472 2393/587/484 2408/593/490 2409/595/492
f 2402/572/471 2401/571/470 2416/594/491 2417/596/493
f 2395/574/473 2394/573/472 2409/595/492 2410/597/494
f 2403/575/474 2402/572/471 2417/596/493 2418/598/495
f 2396/576/475 2395/574/473 2410/597/494 2411/599/496
f 2404/577/476 2403/575/474 2418/598/495 2419/600/497
f 2397/578/477 2396/576/475 2411/599/496 2412/601/498
f 2390/580/478 2043/602/63 2405/603/499
f 2269/604/31 2404/577/476 2419/600/497
f 2398/582/479 2397/578/477 2412/601/498 2413/588/485
f 2391/583/480 2390/580/478 2405/603/499 2406/590/487
f 2418/598/495 2417/596/493 2432/605/500 2433/606/501
f 2411/599/496 2410/597/494 2425/607/502 2426/608/503
f 2419/600/497 2418/598/495 2433/606/501 2434/609/504
f 2412/601/498 2411/599/496 2426/608/503 2427/610/520
f 2405/603/499 2043/611/63 2420/612/506
f 2269/613/31 2419/600/497 2434/609/504
f 2413/588/485 2412/601/498 2427/610/520 2428/614/507
f 2406/590/487 2405/603/499 2420/612/506 2421/615/508
f 2414/589/486 2413/588/485 2428/614/507 2429/616/509
f 2407/591/488 2406/590/487 2421/615/508 2422/617/510
f 2415/592/489 2414/589/486 2429/616/509 2430/618/511
f 2408/593/490 2407/591/488 2422/617/510 2423/619/512
f 2416/594/491 2415/592/489 2430/618/511 2431/620/513
f 2409/595/492 2408/593/490 2423/619/512 2424/621/514
f 2417/596/493 2416/594/491 2431/620/513 2432/605/500
f 2410/597/494 2409/595/492 2424/621/514 2425/607/502
f 2422/617/510 2421/615/508 2436/71/39 1962/70/38
f 2430/618/511 2429/616/509 2439/66/34 1967/74/42
f 2423/619/512 2422/617/510 1962/70/38 2437/76/44
f 2431/620/513 2430/618/511 1967/74/42 2440/78/46
f 2424/621/514 2423/619/512 2437/76/44 1963/80/48
f 2432/605/500 2431/620/513 2440/78/46 2441/82/50
f 2425/607/502 2424/621/514 1963/80/48 2438/84/52
f 2433/606/501 2432/605/500 2441/82/50 2442/86/54
f 2426/608/503 2425/607/502 2438/84/52 1964/88/56
f 2434/609/504 2433/606/501 2442/86/54 2443/90/58
f 2427/610/520 2426/608/503 1964/88/56 1965/92/60
f 2420/612/506 2043/622/63 2435/94/62
f 2269/623/31 2434/609/504 2443/90/58
f 2428/614/507 2427/610/520 1965/92/60 1966/67/35
f 2421/615/508 2420/612/506 2435/94/62 2436/71/39
f 2429/616/509 2428/614/507 1966/67/35 2439/66/34
usemtl tete.001
f 2921/66/34 2448/67/35 2458/68/36 2459/69/37
f 2444/70/38 2918/71/39 2451/72/40 2452/73/41
f 2449/74/42 2921/66/34 2459/69/37 2460/75/43
f 2919/76/44 2444/70/38 2452/73/41 2453/77/45
f 2922/78/46 2449/74/42 2460/75/43 2461/79/47
f 2445/80/48 2919/76/44 2453/77/45 2454/81/49
f 2923/82/50 2922/78/46 2461/79/47 2462/83/51
f 2920/84/52 2445/80/48 2454/81/49 2455/85/53
f 2924/86/54 2923/82/50 2462/83/51 2463/87/55
f 2446/88/56 2920/84/52 2455/85/53 2456/89/57
f 2925/90/58 2924/86/54 2463/87/55 2464/91/59
f 2447/92/60 2446/88/56 2456/89/57 2457/93/61
f 2917/94/62 2525/95/63 2450/96/64
f 2751/97/31 2925/90/58 2464/91/59
f 2448/67/35 2447/92/60 2457/93/61 2458/68/36
f 2918/71/39 2917/94/62 2450/96/64 2451/72/40
f 2751/98/31 2464/91/59 2479/99/65
f 2458/68/36 2457/93/61 2472/100/66 2473/101/67
f 2451/72/40 2450/96/64 2465/102/68 2466/103/69
f 2459/69/37 2458/68/36 2473/101/67 2474/104/70
f 2452/73/41 2451/72/40 2466/103/69 2467/105/71
f 2460/75/43 2459/69/37 2474/104/70 2475/106/72
f 2453/77/45 2452/73/41 2467/105/71 2468/107/73
f 2461/79/47 2460/75/43 2475/106/72 2476/108/74
f 2454/81/49 2453/77/45 2468/107/73 2469/109/75
f 2462/83/51 2461/79/47 2476/108/74 2477/110/76
f 2455/85/53 2454/81/49 2469/109/75 2470/111/77
f 2463/87/55 2462/83/51 2477/110/76 2478/112/78
f 2456/89/57 2455/85/53 2470/111/77 2471/113/79
f 2464/91/59 2463/87/55 2478/112/78 2479/99/65
f 2457/93/61 2456/89/57 2471/113/79 2472/100/66
f 2450/96/64 2525/114/63 2465/102/68
f 2477/110/76 2476/108/74 2491/115/80 2492/116/81
f 2470/111/77 2469/109/75 2484/117/82 2485/118/83
f 2478/112/78 2477/110/76 2492/116/81 2493/119/84
f 2471/113/79 2470/111/77 2485/118/83 2486/120/85
f 2479/99/65 2478/112/78 2493/119/84 2494/121/86
f 2472/100/66 2471/113/79 2486/120/85 2487/122/87
f 2465/102/68 2525/123/63 2480/124/88
f 2751/125/31 2479/99/65 2494/121/86
f 2473/101/67 2472/100/66 2487/122/87 2488/126/89
f 2466/103/69 2465/102/68 2480/124/88 2481/127/90
f 2474/104/70 2473/101/67 2488/126/89 2489/128/91
f 2467/105/71 2466/103/69 2481/127/90 2482/129/92
f 2475/106/72 2474/104/70 2489/128/91 2490/130/93
f 2468/107/73 2467/105/71 2482/129/92 2483/131/94
f 2476/108/74 2475/106/72 2490/130/93 2491/115/80
f 2469/109/75 2468/107/73 2483/131/94 2484/117/82
f 2481/127/90 2480/124/88 2495/132/95 2496/133/96
f 2489/128/91 2488/126/89 2503/134/97 2504/135/98
f 2482/129/92 2481/127/90 2496/133/96 2497/136/99
f 2490/130/93 2489/128/91 2504/135/98 2505/137/100
f 2483/131/94 2482/129/92 2497/136/99 2498/138/101
f 2491/115/80 2490/130/93 2505/137/100 2506/139/102
f 2484/117/82 2483/131/94 2498/138/101 2499/140/103
f 2492/116/81 2491/115/80 2506/139/102 2507/141/104
f 2485/118/83 2484/117/82 2499/140/103 2500/142/105
f 2493/119/84 2492/116/81 2507/141/104 2508/143/106
f 2486/120/85 2485/118/83 2500/142/105 2501/144/107
f 2494/121/86 2493/119/84 2508/143/106 2509/145/108
f 2487/122/87 2486/120/85 2501/144/107 2502/146/109
f 2480/124/88 2525/147/63 2495/132/95
f 2751/148/31 2494/121/86 2509/145/108
f 2488/126/89 2487/122/87 2502/146/109 2503/134/97
f 2500/142/105 2499/140/103 2514/149/110 2515/150/111
f 2508/143/106 2507/141/104 2522/151/112 2523/152/113
f 2501/144/107 2500/142/105 2515/150/111 2516/153/114
f 2509/145/108 2508/143/106 2523/152/113 2524/154/115
f 2502/146/109 2501/144/107 2516/153/114 2517/155/116
f 2495/132/95 2525/156/63 2510/157/117
f 2751/158/31 2509/145/108 2524/154/115
f 2503/134/97 2502/146/109 2517/155/116 2518/159/118
f 2496/133/96 2495/132/95 2510/157/117 2511/160/119
f 2504/135/98 2503/134/97 2518/159/118 2519/161/120
f 2497/136/99 2496/133/96 2511/160/119 2512/162/121
f 2505/137/100 2504/135/98 2519/161/120 2520/163/122
f 2498/138/101 2497/136/99 2512/162/121 2513/164/123
f 2506/139/102 2505/137/100 2520/163/122 2521/165/124
f 2499/140/103 2498/138/101 2513/164/123 2514/149/110
f 2507/141/104 2506/139/102 2521/165/124 2522/151/112
f 2519/161/120 2518/159/118 2534/166/125 2535/167/126
f 2512/162/121 2511/160/119 2527/168/127 2528/169/128
f 2520/163/122 2519/161/120 2535/167/126 2536/170/129
f 2513/164/123 2512/162/121 2528/169/128 2529/171/130
f 2521/165/124 2520/163/122 2536/170/129 2537/172/131
f 2514/149/110 2513/164/123 2529/171/130 2530/173/132
f 2522/151/112 2521/165/124 2537/172/131 2538/174/133
f 2515/150/111 2514/149/110 2530/173/132 2531/175/134
f 2523/152/113 2522/151/112 2538/174/133 2539/176/135
f 2516/153/114 2515/150/111 2531/175/134 2532/177/136
f 2524/154/115 2523/152/113 2539/176/135 2540/178/137
f 2517/155/116 2516/153/114 2532/177/136 2533/179/138
f 2510/157/117 2525/180/63 2526/181/139
f 2751/182/31 2524/154/115 2540/178/137
f 2518/159/118 2517/155/116 2533/179/138 2534/166/125
f 2511/160/119 2510/157/117 2526/181/139 2527/168/127
f 2539/176/135 2538/174/133 2553/183/140 2554/184/141
f 2532/177/136 2531/175/134 2546/185/142 2547/186/143
f 2540/178/137 2539/176/135 2554/184/141 2555/187/144
f 2533/179/138 2532/177/136 2547/186/143 2548/188/145
f 2526/181/139 2525/189/63 2541/190/146
f 2751/191/31 2540/178/137 2555/187/144
f 2534/166/125 2533/179/138 2548/188/145 2549/192/147
f 2527/168/127 2526/181/139 2541/190/146 2542/193/148
f 2535/167/126 2534/166/125 2549/192/147 2550/194/149
f 2528/169/128 2527/168/127 2542/193/148 2543/195/150
f 2536/170/129 2535/167/126 2550/194/149 2551/196/151
f 2529/171/130 2528/169/128 2543/195/150 2544/197/152
f 2537/172/131 2536/170/129 2551/196/151 2552/198/153
f 2530/173/132 2529/171/130 2544/197/152 2545/199/154
f 2538/174/133 2537/172/131 2552/198/153 2553/183/140
f 2531/175/134 2530/173/132 2545/199/154 2546/185/142
f 2543/195/150 2542/193/148 2557/200/155 2558/201/156
f 2551/196/151 2550/194/149 2565/202/157 2566/203/158
f 2544/197/152 2543/195/150 2558/201/156 2559/204/159
f 2552/198/153 2551/196/151 2566/203/158 2567/205/160
f 2545/199/154 2544/197/152 2559/204/159 2560/206/161
f 2553/183/140 2552/198/153 2567/205/160 2568/207/162
f 2546/185/142 2545/199/154 2560/206/161 2561/208/163
f 2554/184/141 2553/183/140 2568/207/162 2569/209/164
f 2547/186/143 2546/185/142 2561/208/163 2562/210/165
f 2555/187/144 2554/184/141 2569/209/164 2570/211/166
f 2548/188/145 2547/186/143 2562/210/165 2563/212/167
f 2541/190/146 2525/213/63 2556/214/168
f 2751/215/31 2555/187/144 2570/211/166
f 2549/192/147 2548/188/145 2563/212/167 2564/216/169
f 2542/193/148 2541/190/146 2556/214/168 2557/200/155
f 2550/194/149 2549/192/147 2564/216/169 2565/202/157
f 2562/210/165 2561/208/163 2576/217/170 2577/218/171
f 2570/211/166 2569/209/164 2584/219/172 2585/220/173
f 2563/212/167 2562/210/165 2577/218/171 2578/221/174
f 2556/214/168 2525/222/63 2571/223/175
f 2751/224/31 2570/211/166 2585/220/173
f 2564/216/169 2563/212/167 2578/221/174 2579/225/176
f 2557/200/155 2556/214/168 2571/223/175 2572/226/177
f 2565/202/157 2564/216/169 2579/225/176 2580/227/178
f 2558/201/156 2557/200/155 2572/226/177 2573/228/179
f 2566/203/158 2565/202/157 2580/227/178 2581/229/180
f 2559/204/159 2558/201/156 2573/228/179 2574/230/181
f 2567/205/160 2566/203/158 2581/229/180 2582/231/182
f 2560/206/161 2559/204/159 2574/230/181 2575/232/183
f 2568/207/162 2567/205/160 2582/231/182 2583/233/184
f 2561/208/163 2560/206/161 2575/232/183 2576/217/170
f 2569/209/164 2568/207/162 2583/233/184 2584/219/172
f 2581/229/180 2580/227/178 2595/234/185 2596/235/186
f 2574/230/181 2573/228/179 2588/236/187 2589/237/188
f 2582/231/182 2581/229/180 2596/235/186 2597/238/189
f 2575/232/183 2574/230/181 2589/237/188 2590/239/190
f 2583/233/184 2582/231/182 2597/238/189 2598/240/191
f 2576/217/170 2575/232/183 2590/239/190 2591/241/192
f 2584/219/172 2583/233/184 2598/240/191 2599/242/193
f 2577/218/171 2576/217/170 2591/241/192 2592/243/194
f 2585/220/173 2584/219/172 2599/242/193 2600/244/195
f 2578/221/174 2577/218/171 2592/243/194 2593/245/196
f 2571/223/175 2525/246/63 2586/247/197
f 2751/248/31 2585/220/173 2600/244/195
f 2579/225/176 2578/221/174 2593/245/196 2594/249/198
f 2572/226/177 2571/223/175 2586/247/197 2587/250/199
f 2580/227/178 2579/225/176 2594/249/198 2595/234/185
f 2573/228/179 2572/226/177 2587/250/199 2588/236/187
f 2600/244/195 2599/242/193 2614/251/200 2615/252/201
f 2593/245/196 2592/243/194 2607/253/202 2608/254/203
f 2586/247/197 2525/255/63 2601/256/204
f 2751/257/31 2600/244/195 2615/252/201
f 2594/249/198 2593/245/196 2608/254/203 2609/258/205
f 2587/250/199 2586/247/197 2601/256/204 2602/259/206
f 2595/234/185 2594/249/198 2609/258/205 2610/260/207
f 2588/236/187 2587/250/199 2602/259/206 2603/261/208
f 2596/235/186 2595/234/185 2610/260/207 2611/262/209
f 2589/237/188 2588/236/187 2603/261/208 2604/263/210
f 2597/238/189 2596/235/186 2611/262/209 2612/264/211
f 2590/239/190 2589/237/188 2604/263/210 2605/265/212
f 2598/240/191 2597/238/189 2612/264/211 2613/266/213
f 2591/241/192 2590/239/190 2605/265/212 2606/267/214
f 2599/242/193 2598/240/191 2613/266/213 2614/251/200
f 2592/243/194 2591/241/192 2606/267/214 2607/253/202
f 2612/264/211 2611/262/209 2626/268/215 2627/269/216
f 2605/265/212 2604/263/210 2619/270/217 2620/271/218
f 2613/266/213 2612/264/211 2627/269/216 2628/272/219
f 2606/267/214 2605/265/212 2620/271/218 2621/273/220
f 2614/251/200 2613/266/213 2628/272/219 2629/274/221
f 2607/253/202 2606/267/214 2621/273/220 2622/275/222
f 2615/252/201 2614/251/200 2629/274/221 2630/276/223
f 2608/254/203 2607/253/202 2622/275/222 2623/277/224
f 2601/256/204 2525/278/63 2616/279/225
f 2751/280/31 2615/252/201 2630/276/223
f 2609/258/205 2608/254/203 2623/277/224 2624/281/226
f 2602/259/206 2601/256/204 2616/279/225 2617/282/227
f 2610/260/207 2609/258/205 2624/281/226 2625/283/228
f 2603/261/208 2602/259/206 2617/282/227 2618/284/229
f 2611/262/209 2610/260/207 2625/283/228 2626/268/215
f 2604/263/210 2603/261/208 2618/284/229 2619/270/217
f 2616/279/225 2525/285/63 2631/286/230
f 2751/287/31 2630/276/223 2645/288/231
f 2624/281/226 2623/277/224 2638/289/232 2639/290/233
f 2617/282/227 2616/279/225 2631/286/230 2632/291/234
f 2625/283/228 2624/281/226 2639/290/233 2640/292/235
f 2618/284/229 2617/282/227 2632/291/234 2633/293/236
f 2626/268/215 2625/283/228 2640/292/235 2641/294/237
f 2619/270/217 2618/284/229 2633/293/236 2634/295/238
f 2627/269/216 2626/268/215 2641/294/237 2642/296/239
f 2620/271/218 2619/270/217 2634/295/238 2635/297/240
f 2628/272/219 2627/269/216 2642/296/239 2643/298/241
f 2621/273/220 2620/271/218 2635/297/240 2636/299/242
f 2629/274/221 2628/272/219 2643/298/241 2644/300/243
f 2622/275/222 2621/273/220 2636/299/242 2637/301/244
f 2630/276/223 2629/274/221 2644/300/243 2645/288/231
f 2623/277/224 2622/275/222 2637/301/244 2638/289/232
f 2635/297/240 2634/295/238 2649/302/245 2650/303/246
f 2643/298/241 2642/296/239 2657/304/247 2658/305/248
f 2636/299/242 2635/297/240 2650/303/246 2651/306/249
f 2644/300/243 2643/298/241 2658/305/248 2659/307/250
f 2637/301/244 2636/299/242 2651/306/249 2652/308/251
f 2645/288/231 2644/300/243 2659/307/250 2660/309/252
f 2638/289/232 2637/301/244 2652/308/251 2653/310/253
f 2631/286/230 2525/311/63 2646/312/254
f 2751/313/31 2645/288/231 2660/309/252
f 2639/290/233 2638/289/232 2653/310/253 2654/314/255
f 2632/291/234 2631/286/230 2646/312/254 2647/315/256
f 2640/292/235 2639/290/233 2654/314/255 2655/316/257
f 2633/293/236 2632/291/234 2647/315/256 2648/317/258
f 2641/294/237 2640/292/235 2655/316/257 2656/318/259
f 2634/295/238 2633/293/236 2648/317/258 2649/302/245
f 2642/296/239 2641/294/237 2656/318/259 2657/304/247
f 2654/314/255 2653/310/253 2668/319/260 2669/320/261
f 2647/315/256 2646/312/254 2661/321/262 2662/322/263
f 2655/316/257 2654/314/255 2669/320/261 2670/323/264
f 2648/317/258 2647/315/256 2662/322/263 2663/324/265
f 2656/318/259 2655/316/257 2670/323/264 2671/325/266
f 2649/302/245 2648/317/258 2663/324/265 2664/326/267
f 2657/304/247 2656/318/259 2671/325/266 2672/327/268
f 2650/303/246 2649/302/245 2664/326/267 2665/328/269
f 2658/305/248 2657/304/247 2672/327/268 2673/329/270
f 2651/306/249 2650/303/246 2665/328/269 2666/330/271
f 2659/307/250 2658/305/248 2673/329/270 2674/331/272
f 2652/308/251 2651/306/249 2666/330/271 2667/332/273
f 2660/309/252 2659/307/250 2674/331/272 2675/333/274
f 2653/310/253 2652/308/251 2667/332/273 2668/319/260
f 2646/312/254 2525/334/63 2661/321/262
f 2751/335/31 2660/309/252 2675/333/274
f 2673/329/270 2672/327/268 2687/2/275 2688/336/276
f 2666/330/271 2665/328/269 2680/337/277 2681/338/278
f 2674/331/272 2673/329/270 2688/336/276 2689/339/279
f 2667/332/273 2666/330/271 2681/338/278 2682/340/280
f 2675/333/274 2674/331/272 2689/339/279 2690/341/281
f 2668/319/260 2667/332/273 2682/340/280 2683/342/282
f 2661/321/262 2525/343/63 2676/344/283
f 2751/345/31 2675/333/274 2690/341/281
f 2669/320/261 2668/319/260 2683/342/282 2684/346/284
f 2662/322/263 2661/321/262 2676/344/283 2677/347/285
f 2670/323/264 2669/320/261 2684/346/284 2685/348/286
f 2663/324/265 2662/322/263 2677/347/285 2678/349/287
f 2671/325/266 2670/323/264 2685/348/286 2686/350/288
f 2664/326/267 2663/324/265 2678/349/287 2679/351/289
f 2672/327/268 2671/325/266 2686/350/288 2687/2/275
f 2665/328/269 2664/326/267 2679/351/289 2680/337/277
f 2677/347/285 2676/344/283 2691/352/290 2692/353/291
f 2685/348/286 2684/346/284 2699/354/292 2700/355/293
f 2678/349/287 2677/347/285 2692/353/291 2693/356/294
f 2686/350/288 2685/348/286 2700/355/293 2701/357/295
f 2679/351/289 2678/349/287 2693/356/294 2694/358/296
f 2687/2/275 2686/350/288 2701/357/295 2702/359/297
f 2680/337/277 2679/351/289 2694/358/296 2695/360/298
f 2688/336/276 2687/2/275 2702/359/297 2703/361/299
f 2681/338/278 2680/337/277 2695/360/298 2696/362/300
f 2689/339/279 2688/336/276 2703/361/299 2704/363/301
f 2682/340/280 2681/338/278 2696/362/300 2697/364/302
f 2690/341/281 2689/339/279 2704/363/301 2705/365/303
f 2683/342/282 2682/340/280 2697/364/302 2698/366/304
f 2676/344/283 2525/367/63 2691/352/290
f 2751/368/31 2690/341/281 2705/365/303
f 2684/346/284 2683/342/282 2698/366/304 2699/354/292
f 2696/362/300 2695/360/298 2710/369/305 2711/370/306
f 2704/363/301 2703/361/299 2718/371/307 2719/372/308
f 2697/364/302 2696/362/300 2711/370/306 2712/373/309
f 2705/365/303 2704/363/301 2719/372/308 2720/374/310
f 2698/366/304 2697/364/302 2712/373/309 2713/375/311
f 2691/352/290 2525/376/63 2706/377/312
f 2751/378/31 2705/365/303 2720/374/310
f 2699/354/292 2698/366/304 2713/375/311 2714/379/313
f 2692/353/291 2691/352/290 2706/377/312 2707/380/314
f 2700/355/293 2699/354/292 2714/379/313 2715/381/315
f 2693/356/294 2692/353/291 2707/380/314 2708/382/316
f 2701/357/295 2700/355/293 2715/381/315 2716/383/317
f 2694/358/296 2693/356/294 2708/382/316 2709/384/318
f 2702/359/297 2701/357/295 2716/383/317 2717/385/319
f 2695/360/298 2694/358/296 2709/384/318 2710/369/305
f 2703/361/299 2702/359/297 2717/385/319 2718/371/307
f 2715/381/315 2714/379/313 2729/386/320 2730/387/321
f 2708/382/316 2707/380/314 2722/388/322 2723/389/323
f 2716/383/317 2715/381/315 2730/387/321 2731/390/324
f 2709/384/318 2708/382/316 2723/389/323 2724/391/325
f 2717/385/319 2716/383/317 2731/390/324 2732/392/326
f 2710/369/305 2709/384/318 2724/391/325 2725/393/327
f 2718/371/307 2717/385/319 2732/392/326 2733/394/328
f 2711/370/306 2710/369/305 2725/393/327 2726/395/329
f 2719/372/308 2718/371/307 2733/394/328 2734/396/330
f 2712/373/309 2711/370/306 2726/395/329 2727/397/331
f 2720/374/310 2719/372/308 2734/396/330 2735/398/332
f 2713/375/311 2712/373/309 2727/397/331 2728/399/333
f 2706/377/312 2525/400/63 2721/401/334
f 2751/402/31 2720/374/310 2735/398/332
f 2714/379/313 2713/375/311 2728/399/333 2729/386/320
f 2707/380/314 2706/377/312 2721/401/334 2722/388/322
f 2734/396/330 2733/394/328 2748/403/335 2749/404/336
f 2727/397/331 2726/395/329 2741/405/337 2742/406/338
f 2735/398/332 2734/396/330 2749/404/336 2750/407/339
f 2728/399/333 2727/397/331 2742/406/338 2743/408/340
f 2721/401/334 2525/409/63 2736/410/341
f 2751/411/31 2735/398/332 2750/407/339
f 2729/386/320 2728/399/333 2743/408/340 2744/412/342
f 2722/388/322 2721/401/334 2736/410/341 2737/413/343
f 2730/387/321 2729/386/320 2744/412/342 2745/414/344
f 2723/389/323 2722/388/322 2737/413/343 2738/415/345
f 2731/390/324 2730/387/321 2745/414/344 2746/416/346
f 2724/391/325 2723/389/323 2738/415/345 2739/417/347
f 2732/392/326 2731/390/324 2746/416/346 2747/418/348
f 2725/393/327 2724/391/325 2739/417/347 2740/419/349
f 2733/394/328 2732/392/326 2747/418/348 2748/403/335
f 2726/395/329 2725/393/327 2740/419/349 2741/405/337
f 2746/416/346 2745/414/344 2761/420/350 2762/421/351
f 2739/417/347 2738/415/345 2754/422/352 2755/423/353
f 2747/418/348 2746/416/346 2762/421/351 2763/424/354
f 2740/419/349 2739/417/347 2755/423/353 2756/425/355
f 2748/403/335 2747/418/348 2763/424/354 2764/426/356
f 2741/405/337 2740/419/349 2756/425/355 2757/427/357
f 2749/404/336 2748/403/335 2764/426/356 2765/428/358
f 2742/406/338 2741/405/337 2757/427/357 2758/429/359
f 2750/407/339 2749/404/336 2765/428/358 2766/430/360
f 2743/408/340 2742/406/338 2758/429/359 2759/431/361
f 2736/410/341 2525/432/63 2752/433/362
f 2751/434/31 2750/407/339 2766/430/360
f 2744/412/342 2743/408/340 2759/431/361 2760/435/363
f 2737/413/343 2736/410/341 2752/433/362 2753/436/364
f 2745/414/344 2744/412/342 2760/435/363 2761/420/350
f 2738/415/345 2737/413/343 2753/436/364 2754/422/352
f 2766/430/360 2765/428/358 2780/437/365 2781/438/366
f 2759/431/361 2758/429/359 2773/439/367 2774/440/368
f 2752/433/362 2525/441/63 2767/442/369
f 2751/443/31 2766/430/360 2781/438/366
f 2760/435/363 2759/431/361 2774/440/368 2775/444/370
f 2753/436/364 2752/433/362 2767/442/369 2768/445/371
f 2761/420/350 2760/435/363 2775/444/370 2776/446/372
f 2754/422/352 2753/436/364 2768/445/371 2769/447/373
f 2762/421/351 2761/420/350 2776/446/372 2777/448/374
f 2755/423/353 2754/422/352 2769/447/373 2770/449/375
f 2763/424/354 2762/421/351 2777/448/374 2778/450/376
f 2756/425/355 2755/423/353 2770/449/375 2771/451/377
f 2764/426/356 2763/424/354 2778/450/376 2779/452/378
f 2757/427/357 2756/425/355 2771/451/377 2772/453/379
f 2765/428/358 2764/426/356 2779/452/378 2780/437/365
f 2758/429/359 2757/427/357 2772/453/379 2773/439/367
f 2770/449/375 2769/447/373 2784/454/380 2785/455/381
f 2778/450/376 2777/448/374 2792/456/382 2793/457/383
f 2771/451/377 2770/449/375 2785/455/381 2786/458/384
f 2779/452/378 2778/450/376 2793/457/383 2794/459/385
f 2772/453/379 2771/451/377 2786/458/384 2787/460/386
f 2780/437/365 2779/452/378 2794/459/385 2795/461/387
f 2773/439/367 2772/453/379 2787/460/386 2788/462/388
f 2781/438/366 2780/437/365 2795/461/387 2796/463/389
f 2774/440/368 2773/439/367 2788/462/388 2789/464/390
f 2767/442/369 2525/465/63 2782/466/391
f 2751/467/31 2781/438/366 2796/463/389
f 2775/444/370 2774/440/368 2789/464/390 2790/468/392
f 2768/445/371 2767/442/369 2782/466/391 2783/469/393
f 2776/446/372 2775/444/370 2790/468/392 2791/470/394
f 2769/447/373 2768/445/371 2783/469/393 2784/454/380
f 2777/448/374 2776/446/372 2791/470/394 2792/456/382
f 2789/464/390 2788/462/388 2803/471/395 2804/472/396
f 2782/466/391 2525/473/63 2797/474/397
f 2751/475/31 2796/463/389 2811/476/398
f 2790/468/392 2789/464/390 2804/472/396 2805/477/399
f 2783/469/393 2782/466/391 2797/474/397 2798/478/400
f 2791/470/394 2790/468/392 2805/477/399 2806/479/401
f 2784/454/380 2783/469/393 2798/478/400 2799/480/402
f 2792/456/382 2791/470/394 2806/479/401 2807/481/403
f 2785/455/381 2784/454/380 2799/480/402 2800/482/404
f 2793/457/383 2792/456/382 2807/481/403 2808/483/405
f 2786/458/384 2785/455/381 2800/482/404 2801/484/406
f 2794/459/385 2793/457/383 2808/483/405 2809/485/407
f 2787/460/386 2786/458/384 2801/484/406 2802/486/408
f 2795/461/387 2794/459/385 2809/485/407 2810/487/409
f 2788/462/388 2787/460/386 2802/486/408 2803/471/395
f 2796/463/389 2795/461/387 2810/487/409 2811/476/398
f 2808/488/405 2807/489/403 2822/490/410 2823/491/411
f 2801/492/406 2800/493/404 2815/494/412 2816/495/413
f 2809/496/407 2808/488/405 2823/491/411 2824/497/414
f 2802/498/408 2801/492/406 2816/495/413 2817/499/415
f 2810/500/409 2809/496/407 2824/497/414 2825/501/416
f 2803/502/395 2802/498/408 2817/499/415 2818/503/417
f 2811/504/398 2810/500/409 2825/501/416 2826/505/418
f 2804/506/396 2803/502/395 2818/503/417 2819/507/419
f 2797/508/397 2525/509/63 2812/510/420
f 2751/511/31 2811/504/398 2826/505/418
f 2805/512/399 2804/506/396 2819/507/419 2820/513/421
f 2798/514/400 2797/508/397 2812/510/420 2813/515/422
f 2806/516/401 2805/512/399 2820/513/421 2821/517/423
f 2799/518/402 2798/514/400 2813/515/422 2814/519/424
f 2807/489/403 2806/516/401 2821/517/423 2822/490/410
f 2800/493/404 2799/518/402 2814/519/424 2815/494/412
f 2812/510/420 2525/520/63 2827/521/425
f 2751/522/31 2826/505/418 2841/523/426
f 2820/513/421 2819/507/419 2834/524/427 2835/525/428
f 2813/515/422 2812/510/420 2827/521/425 2828/526/429
f 2821/517/423 2820/513/421 2835/525/428 2836/527/430
f 2814/519/424 2813/515/422 2828/526/429 2829/528/431
f 2822/490/410 2821/517/423 2836/527/430 2837/529/432
f 2815/494/412 2814/519/424 2829/528/431 2830/530/433
f 2823/491/411 2822/490/410 2837/529/432 2838/531/434
f 2816/495/413 2815/494/412 2830/530/433 2831/532/435
f 2824/497/414 2823/491/411 2838/531/434 2839/533/436
f 2817/499/415 2816/495/413 2831/532/435 2832/534/437
f 2825/501/416 2824/497/414 2839/533/436 2840/535/438
f 2818/503/417 2817/499/415 2832/534/437 2833/536/439
f 2826/505/418 2825/501/416 2840/535/438 2841/523/426
f 2819/507/419 2818/503/417 2833/536/439 2834/524/427
f 2831/532/435 2830/530/433 2845/537/440 2846/538/441
f 2839/533/436 2838/531/434 2853/539/442 2854/540/443
f 2832/534/437 2831/532/435 2846/538/441 2847/541/444
f 2840/535/438 2839/533/436 2854/540/443 2855/542/445
f 2833/536/439 2832/534/437 2847/541/444 2848/543/446
f 2841/523/426 2840/535/438 2855/542/445 2856/544/447
f 2834/524/427 2833/536/439 2848/543/446 2849/545/448
f 2827/521/425 2525/546/63 2842/547/449
f 2751/548/31 2841/523/426 2856/544/447
f 2835/525/428 2834/524/427 2849/545/448 2850/549/450
f 2828/526/429 2827/521/425 2842/547/449 2843/550/451
f 2836/527/430 2835/525/428 2850/549/450 2851/551/452
f 2829/528/431 2828/526/429 2843/550/451 2844/552/453
f 2837/529/432 2836/527/430 2851/551/452 2852/553/454
f 2830/530/433 2829/528/431 2844/552/453 2845/537/440
f 2838/531/434 2837/529/432 2852/553/454 2853/539/442
f 2850/549/450 2849/545/448 2864/554/455 2865/555/456
f 2843/550/451 2842/547/449 2857/556/457 2858/557/458
f 2851/551/452 2850/549/450 2865/555/456 2866/558/459
f 2844/552/453 2843/550/451 2858/557/458 2859/559/460
f 2852/553/454 2851/551/452 2866/558/459 2867/560/461
f 2845/537/440 2844/552/453 2859/559/460 2860/561/462
f 2853/539/442 2852/553/454 2867/560/461 2868/562/463
f 2846/538/441 2845/537/440 2860/561/462 2861/563/464
f 2854/540/443 2853/539/442 2868/562/463 2869/564/465
f 2847/541/444 2846/538/441 2861/563/464 2862/565/466
f 2855/542/445 2854/540/443 2869/564/465 2870/566/467
f 2848/543/446 2847/541/444 2862/565/466 2863/567/468
f 2856/544/447 2855/542/445 2870/566/467 2871/568/469
f 2849/545/448 2848/543/446 2863/567/468 2864/554/455
f 2842/547/449 2525/569/63 2857/556/457
f 2751/570/31 2856/544/447 2871/568/469
f 2869/564/465 2868/562/463 2883/571/470 2884/572/471
f 2862/565/466 2861/563/464 2876/573/472 2877/574/473
f 2870/566/467 2869/564/465 2884/572/471 2885/575/474
f 2863/567/468 2862/565/466 2877/574/473 2878/576/475
f 2871/568/469 2870/566/467 2885/575/474 2886/577/476
f 2864/554/455 2863/567/468 2878/576/475 2879/578/477
f 2857/556/457 2525/579/63 2872/580/478
f 2751/581/31 2871/568/469 2886/577/476
f 2865/555/456 2864/554/455 2879/578/477 2880/582/479
f 2858/557/458 2857/556/457 2872/580/478 2873/583/480
f 2866/558/459 2865/555/456 2880/582/479 2881/584/481
f 2859/559/460 2858/557/458 2873/583/480 2874/585/482
f 2867/560/461 2866/558/459 2881/584/481 2882/586/483
f 2860/561/462 2859/559/460 2874/585/482 2875/587/484
f 2868/562/463 2867/560/461 2882/586/483 2883/571/470
f 2861/563/464 2860/561/462 2875/587/484 2876/573/472
f 2881/584/481 2880/582/479 2895/588/485 2896/589/486
f 2874/585/482 2873/583/480 2888/590/487 2889/591/488
f 2882/586/483 2881/584/481 2896/589/486 2897/592/489
f 2875/587/484 2874/585/482 2889/591/488 2890/593/490
f 2883/571/470 2882/586/483 2897/592/489 2898/594/491
f 2876/573/472 2875/587/484 2890/593/490 2891/595/492
f 2884/572/471 2883/571/470 2898/594/491 2899/596/493
f 2877/574/473 2876/573/472 2891/595/492 2892/597/494
f 2885/575/474 2884/572/471 2899/596/493 2900/598/495
f 2878/576/475 2877/574/473 2892/597/494 2893/599/496
f 2886/577/476 2885/575/474 2900/598/495 2901/600/497
f 2879/578/477 2878/576/475 2893/599/496 2894/601/498
f 2872/580/478 2525/602/63 2887/603/499
f 2751/604/31 2886/577/476 2901/600/497
f 2880/582/479 2879/578/477 2894/601/498 2895/588/485
f 2873/583/480 2872/580/478 2887/603/499 2888/590/487
f 2900/598/495 2899/596/493 2914/605/500 2915/606/501
f 2893/599/496 2892/597/494 2907/607/502 2908/608/503
f 2901/600/497 2900/598/495 2915/606/501 2916/609/504
f 2894/601/498 2893/599/496 2908/608/503 2909/610/520
f 2887/603/499 2525/611/63 2902/612/506
f 2751/613/31 2901/600/497 2916/609/504
f 2895/588/485 2894/601/498 2909/610/520 2910/614/507
f 2888/590/487 2887/603/499 2902/612/506 2903/615/508
f 2896/589/486 2895/588/485 2910/614/507 2911/616/509
f 2889/591/488 2888/590/487 2903/615/508 2904/617/510
f 2897/592/489 2896/589/486 2911/616/509 2912/618/511
f 2890/593/490 2889/591/488 2904/617/510 2905/619/512
f 2898/594/491 2897/592/489 2912/618/511 2913/620/513
f 2891/595/492 2890/593/490 2905/619/512 2906/621/514
f 2899/596/493 2898/594/491 2913/620/513 2914/605/500
f 2892/597/494 2891/595/492 2906/621/514 2907/607/502
f 2904/617/510 2903/615/508 2918/71/39 2444/70/38
f 2912/618/511 2911/616/509 2921/66/34 2449/74/42
f 2905/619/512 2904/617/510 2444/70/38 2919/76/44
f 2913/620/513 2912/618/511 2449/74/42 2922/78/46
f 2906/621/514 2905/619/512 2919/76/44 2445/80/48
f 2914/605/500 2913/620/513 2922/78/46 2923/82/50
f 2907/607/502 2906/621/514 2445/80/48 2920/84/52
f 2915/606/501 2914/605/500 2923/82/50 2924/86/54
f 2908/608/503 2907/607/502 2920/84/52 2446/88/56
f 2916/609/504 2915/606/501 2924/86/54 2925/90/58
f 2909/610/520 2908/608/503 2446/88/56 2447/92/60
f 2902/612/506 2525/622/63 2917/94/62
f 2751/623/31 2916/609/504 2925/90/58
f 2910/614/507 2909/610/520 2447/92/60 2448/67/35
f 2903/615/508 2902/612/506 2917/94/62 2918/71/39
f 2911/616/509 2910/614/507 2448/67/35 2921/66/34
usemtl Matériau
f 4368/78/46 3895/74/42 3906/75/43 3907/79/47
f 3891/80/48 4365/76/44 3899/77/45 3900/81/49
f 4369/82/50 4368/78/46 3907/79/47 3908/83/51
f 4366/84/52 3891/80/48 3900/81/49 3901/85/53
f 4370/86/54 4369/82/50 3908/83/51 3909/87/55
f 3892/88/56 4366/84/52 3901/85/53 3902/89/57
f 4371/90/58 4370/86/54 3909/87/55 3910/91/59
f 3893/92/60 3892/88/56 3902/89/57 3903/93/61
f 4363/94/62 3971/95/63 3896/96/64
f 4197/97/31 4371/90/58 3910/91/59
f 3894/67/35 3893/92/60 3903/93/61 3904/68/36
f 4364/71/39 4363/94/62 3896/96/64 3897/72/40
f 4367/66/34 3894/67/35 3904/68/36 3905/69/37
f 3890/70/38 4364/71/39 3897/72/40 3898/73/41
f 3895/74/42 4367/66/34 3905/69/37 3906/75/43
f 4365/76/44 3890/70/38 3898/73/41 3899/77/45
f 3906/75/43 3905/69/37 3920/104/70 3921/106/72
f 3899/77/45 3898/73/41 3913/105/71 3914/107/73
f 3907/79/47 3906/75/43 3921/106/72 3922/108/74
f 3900/81/49 3899/77/45 3914/107/73 3915/109/75
f 3908/83/51 3907/79/47 3922/108/74 3923/110/76
f 3901/85/53 3900/81/49 3915/109/75 3916/111/77
f 3909/87/55 3908/83/51 3923/110/76 3924/112/78
f 3902/89/57 3901/85/53 3916/111/77 3917/113/79
f 3910/91/59 3909/87/55 3924/112/78 3925/99/65
f 3903/93/61 3902/89/57 3917/113/79 3918/100/66
f 3896/96/64 3971/114/63 3911/102/68
f 4197/98/31 3910/91/59 3925/99/65
f 3904/68/36 3903/93/61 3918/100/66 3919/101/67
f 3897/72/40 3896/96/64 3911/102/68 3912/103/69
f 3905/69/37 3904/68/36 3919/101/67 3920/104/70
f 3898/73/41 3897/72/40 3912/103/69 3913/105/71
f 3925/99/65 3924/112/78 3939/119/84 3940/121/86
f 3918/100/66 3917/113/79 3932/120/85 3933/122/87
f 3911/102/68 3971/123/63 3926/124/88
f 4197/125/31 3925/99/65 3940/121/86
f 3919/101/67 3918/100/66 3933/122/87 3934/126/89
f 3912/103/69 3911/102/68 3926/124/88 3927/127/90
f 3920/104/70 3919/101/67 3934/126/89 3935/128/91
f 3913/105/71 3912/103/69 3927/127/90 3928/129/92
f 3921/106/72 3920/104/70 3935/128/91 3936/130/93
f 3914/107/73 3913/105/71 3928/129/92 3929/131/94
f 3922/108/74 3921/106/72 3936/130/93 3937/115/80
f 3915/109/75 3914/107/73 3929/131/94 3930/117/82
f 3923/110/76 3922/108/74 3937/115/80 3938/116/81
f 3916/111/77 3915/109/75 3930/117/82 3931/118/83
f 3924/112/78 3923/110/76 3938/116/81 3939/119/84
f 3917/113/79 3916/111/77 3931/118/83 3932/120/85
f 3929/131/94 3928/129/92 3943/136/99 3944/138/101
f 3937/115/80 3936/130/93 3951/137/100 3952/139/102
f 3930/117/82 3929/131/94 3944/138/101 3945/140/103
f 3938/116/81 3937/115/80 3952/139/102 3953/141/104
f 3931/118/83 3930/117/82 3945/140/103 3946/142/105
f 3939/119/84 3938/116/81 3953/141/104 3954/143/106
f 3932/120/85 3931/118/83 3946/142/105 3947/144/107
f 3940/121/86 3939/119/84 3954/143/106 3955/145/108
f 3933/122/87 3932/120/85 3947/144/107 3948/146/109
f 3926/124/88 3971/147/63 3941/132/95
f 4197/148/31 3940/121/86 3955/145/108
f 3934/126/89 3933/122/87 3948/146/109 3949/134/97
f 3927/127/90 3926/124/88 3941/132/95 3942/133/96
f 3935/128/91 3934/126/89 3949/134/97 3950/135/98
f 3928/129/92 3927/127/90 3942/133/96 3943/136/99
f 3936/130/93 3935/128/91 3950/135/98 3951/137/100
f 3948/146/109 3947/144/107 3962/153/114 3963/155/116
f 3941/132/95 3971/156/63 3956/157/117
f 4197/158/31 3955/145/108 3970/154/115
f 3949/134/97 3948/146/109 3963/155/116 3964/159/118
f 3942/133/96 3941/132/95 3956/157/117 3957/160/119
f 3950/135/98 3949/134/97 3964/159/118 3965/161/120
f 3943/136/99 3942/133/96 3957/160/119 3958/162/121
f 3951/137/100 3950/135/98 3965/161/120 3966/163/122
f 3944/138/101 3943/136/99 3958/162/121 3959/164/123
f 3952/139/102 3951/137/100 3966/163/122 3967/165/124
f 3945/140/103 3944/138/101 3959/164/123 3960/149/110
f 3953/141/104 3952/139/102 3967/165/124 3968/151/112
f 3946/142/105 3945/140/103 3960/149/110 3961/150/111
f 3954/143/106 3953/141/104 3968/151/112 3969/152/113
f 3947/144/107 3946/142/105 3961/150/111 3962/153/114
f 3955/145/108 3954/143/106 3969/152/113 3970/154/115
f 3967/165/124 3966/163/122 3982/170/129 3983/172/131
f 3960/149/110 3959/164/123 3975/171/130 3976/173/132
f 3968/151/112 3967/165/124 3983/172/131 3984/174/133
f 3961/150/111 3960/149/110 3976/173/132 3977/175/134
f 3969/152/113 3968/151/112 3984/174/133 3985/176/135
f 3962/153/114 3961/150/111 3977/175/134 3978/177/136
f 3970/154/115 3969/152/113 3985/176/135 3986/178/137
f 3963/155/116 3962/153/114 3978/177/136 3979/179/138
f 3956/157/117 3971/180/63 3972/181/139
f 4197/182/31 3970/154/115 3986/178/137
f 3964/159/118 3963/155/116 3979/179/138 3980/166/125
f 3957/160/119 3956/157/117 3972/181/139 3973/168/127
f 3965/161/120 3964/159/118 3980/166/125 3981/167/126
f 3958/162/121 3957/160/119 3973/168/127 3974/169/128
f 3966/163/122 3965/161/120 3981/167/126 3982/170/129
f 3959/164/123 3958/162/121 3974/169/128 3975/171/130
f 4197/191/31 3986/178/137 4001/187/144
f 3980/166/125 3979/179/138 3994/188/145 3995/192/147
f 3973/168/127 3972/181/139 3987/190/146 3988/193/148
f 3981/167/126 3980/166/125 3995/192/147 3996/194/149
f 3974/169/128 3973/168/127 3988/193/148 3989/195/150
f 3982/170/129 3981/167/126 3996/194/149 3997/196/151
f 3975/171/130 3974/169/128 3989/195/150 3990/197/152
f 3983/172/131 3982/170/129 3997/196/151 3998/198/153
f 3976/173/132 3975/171/130 3990/197/152 3991/199/154
f 3984/174/133 3983/172/131 3998/198/153 3999/183/140
f 3977/175/134 3976/173/132 3991/199/154 3992/185/142
f 3985/176/135 3984/174/133 3999/183/140 4000/184/141
f 3978/177/136 3977/175/134 3992/185/142 3993/186/143
f 3986/178/137 3985/176/135 4000/184/141 4001/187/144
f 3979/179/138 3978/177/136 3993/186/143 3994/188/145
f 3972/181/139 3971/189/63 3987/190/146
f 3999/183/140 3998/198/153 4013/205/160 4014/207/162
f 3992/185/142 3991/199/154 4006/206/161 4007/208/163
f 4000/184/141 3999/183/140 4014/207/162 4015/209/164
f 3993/186/143 3992/185/142 4007/208/163 4008/210/165
f 4001/187/144 4000/184/141 4015/209/164 4016/211/166
f 3994/188/145 3993/186/143 4008/210/165 4009/212/167
f 3987/190/146 3971/213/63 4002/214/168
f 4197/215/31 4001/187/144 4016/211/166
f 3995/192/147 3994/188/145 4009/212/167 4010/216/169
f 3988/193/148 3987/190/146 4002/214/168 4003/200/155
f 3996/194/149 3995/192/147 4010/216/169 4011/202/157
f 3989/195/150 3988/193/148 4003/200/155 4004/201/156
f 3997/196/151 3996/194/149 4011/202/157 4012/203/158
f 3990/197/152 3989/195/150 4004/201/156 4005/204/159
f 3998/198/153 3997/196/151 4012/203/158 4013/205/160
f 3991/199/154 3990/197/152 4005/204/159 4006/206/161
f 4003/200/155 4002/214/168 4017/223/175 4018/226/177
f 4011/202/157 4010/216/169 4025/225/176 4026/227/178
f 4004/201/156 4003/200/155 4018/226/177 4019/228/179
f 4012/203/158 4011/202/157 4026/227/178 4027/229/180
f 4005/204/159 4004/201/156 4019/228/179 4020/230/181
f 4013/205/160 4012/203/158 4027/229/180 4028/231/182
f 4006/206/161 4005/204/159 4020/230/181 4021/232/183
f 4014/207/162 4013/205/160 4028/231/182 4029/233/184
f 4007/208/163 4006/206/161 4021/232/183 4022/217/170
f 4015/209/164 4014/207/162 4029/233/184 4030/219/172
f 4008/210/165 4007/208/163 4022/217/170 4023/218/171
f 4016/211/166 4015/209/164 4030/219/172 4031/220/173
f 4009/212/167 4008/210/165 4023/218/171 4024/221/174
f 4002/214/168 3971/222/63 4017/223/175
f 4197/224/31 4016/211/166 4031/220/173
f 4010/216/169 4009/212/167 4024/221/174 4025/225/176
f 4022/217/170 4021/232/183 4036/239/190 4037/241/192
f 4030/219/172 4029/233/184 4044/240/191 4045/242/193
f 4023/218/171 4022/217/170 4037/241/192 4038/243/194
f 4031/220/173 4030/219/172 4045/242/193 4046/244/195
f 4024/221/174 4023/218/171 4038/243/194 4039/245/196
f 4017/223/175 3971/246/63 4032/247/197
f 4197/248/31 4031/220/173 4046/244/195
f 4025/225/176 4024/221/174 4039/245/196 4040/249/198
f 4018/226/177 4017/223/175 4032/247/197 4033/250/199
f 4026/227/178 4025/225/176 4040/249/198 4041/234/185
f 4019/228/179 4018/226/177 4033/250/199 4034/236/187
f 4027/229/180 4026/227/178 4041/234/185 4042/235/186
f 4020/230/181 4019/228/179 4034/236/187 4035/237/188
f 4028/231/182 4027/229/180 4042/235/186 4043/238/189
f 4021/232/183 4020/230/181 4035/237/188 4036/239/190
f 4029/233/184 4028/231/182 4043/238/189 4044/240/191
f 4041/234/185 4040/249/198 4055/258/205 4056/260/207
f 4034/236/187 4033/250/199 4048/259/206 4049/261/208
f 4042/235/186 4041/234/185 4056/260/207 4057/262/209
f 4035/237/188 4034/236/187 4049/261/208 4050/263/210
f 4043/238/189 4042/235/186 4057/262/209 4058/264/211
f 4036/239/190 4035/237/188 4050/263/210 4051/265/212
f 4044/240/191 4043/238/189 4058/264/211 4059/266/1515
f 4037/241/192 4036/239/190 4051/265/212 4052/267/214
f 4045/242/193 4044/240/191 4059/266/1515 4060/251/200
f 4038/243/194 4037/241/192 4052/267/214 4053/253/202
f 4046/244/195 4045/242/193 4060/251/200 4061/252/201
f 4039/245/196 4038/243/194 4053/253/202 4054/254/203
f 4032/247/197 3971/255/63 4047/256/204
f 4197/257/31 4046/244/195 4061/252/201
f 4040/249/198 4039/245/196 4054/254/203 4055/258/205
f 4033/250/199 4032/247/197 4047/256/204 4048/259/206
f 4060/251/200 4059/266/1515 4074/272/219 4075/274/221
f 4053/253/202 4052/267/214 4067/273/220 4068/275/222
f 4061/252/201 4060/251/200 4075/274/221 4076/276/223
f 4054/254/203 4053/253/202 4068/275/222 4069/277/224
f 4047/256/204 3971/278/63 4062/279/225
f 4197/280/31 4061/252/201 4076/276/223
f 4055/258/205 4054/254/203 4069/277/224 4070/281/226
f 4048/259/206 4047/256/204 4062/279/225 4063/282/227
f 4056/260/207 4055/258/205 4070/281/226 4071/283/228
f 4049/261/208 4048/259/206 4063/282/227 4064/284/229
f 4057/262/209 4056/260/207 4071/283/228 4072/268/215
f 4050/263/210 4049/261/208 4064/284/229 4065/270/217
f 4058/264/211 4057/262/209 4072/268/215 4073/269/216
f 4051/265/212 4050/263/210 4065/270/217 4066/271/218
f 4059/266/1515 4058/264/211 4073/269/216 4074/272/219
f 4052/267/214 4051/265/212 4066/271/218 4067/273/220
f 4064/284/229 4063/282/227 4078/291/234 4079/293/236
f 4072/268/215 4071/283/228 4086/292/235 4087/294/237
f 4065/270/217 4064/284/229 4079/293/236 4080/295/238
f 4073/269/216 4072/268/215 4087/294/237 4088/296/239
f 4066/271/218 4065/270/217 4080/295/238 4081/297/240
f 4074/272/219 4073/269/216 4088/296/239 4089/298/241
f 4067/273/220 4066/271/218 4081/297/240 4082/299/242
f 4075/274/221 4074/272/219 4089/298/241 4090/300/243
f 4068/275/222 4067/273/220 4082/299/242 4083/301/244
f 4076/276/223 4075/274/221 4090/300/243 4091/288/231
f 4069/277/224 4068/275/222 4083/301/244 4084/289/232
f 4062/279/225 3971/285/63 4077/286/230
f 4197/287/31 4076/276/223 4091/288/231
f 4070/281/226 4069/277/224 4084/289/232 4085/290/233
f 4063/282/227 4062/279/225 4077/286/230 4078/291/234
f 4071/283/228 4070/281/226 4085/290/233 4086/292/235
f 4083/301/244 4082/299/242 4097/306/249 4098/308/251
f 4091/288/231 4090/300/243 4105/307/250 4106/309/252
f 4084/289/232 4083/301/244 4098/308/251 4099/310/253
f 4077/286/230 3971/311/63 4092/312/254
f 4197/313/31 4091/288/231 4106/309/252
f 4085/290/233 4084/289/232 4099/310/253 4100/314/255
f 4078/291/234 4077/286/230 4092/312/254 4093/315/256
f 4086/292/235 4085/290/233 4100/314/255 4101/316/257
f 4079/293/236 4078/291/234 4093/315/256 4094/317/258
f 4087/294/237 4086/292/235 4101/316/257 4102/318/259
f 4080/295/238 4079/293/236 4094/317/258 4095/302/245
f 4088/296/239 4087/294/237 4102/318/259 4103/304/247
f 4081/297/240 4080/295/238 4095/302/245 4096/303/246
f 4089/298/241 4088/296/239 4103/304/247 4104/305/248
f 4082/299/242 4081/297/240 4096/303/246 4097/306/249
f 4090/300/243 4089/298/241 4104/305/248 4105/307/250
f 4102/318/259 4101/316/257 4116/323/264 4117/325/266
f 4095/302/245 4094/317/258 4109/324/265 4110/326/267
f 4103/304/247 4102/318/259 4117/325/266 4118/327/268
f 4096/303/246 4095/302/245 4110/326/267 4111/328/269
f 4104/305/248 4103/304/247 4118/327/268 4119/329/270
f 4097/306/249 4096/303/246 4111/328/269 4112/330/271
f 4105/307/250 4104/305/248 4119/329/270 4120/331/272
f 4098/308/251 4097/306/249 4112/330/271 4113/332/273
f 4106/309/252 4105/307/250 4120/331/272 4121/333/274
f 4099/310/253 4098/308/251 4113/332/273 4114/319/260
f 4092/312/254 3971/334/63 4107/321/262
f 4197/335/31 4106/309/252 4121/333/274
f 4100/314/255 4099/310/253 4114/319/260 4115/320/261
f 4093/315/256 4092/312/254 4107/321/262 4108/322/263
f 4101/316/257 4100/314/255 4115/320/261 4116/323/264
f 4094/317/258 4093/315/256 4108/322/263 4109/324/265
f 4121/333/274 4120/331/272 4135/339/279 4136/341/281
f 4114/319/260 4113/332/273 4128/340/280 4129/342/282
f 4107/321/262 3971/343/63 4122/344/283
f 4197/345/31 4121/333/274 4136/341/281
f 4115/320/261 4114/319/260 4129/342/282 4130/346/284
f 4108/322/263 4107/321/262 4122/344/283 4123/347/285
f 4116/323/264 4115/320/261 4130/346/284 4131/348/286
f 4109/324/265 4108/322/263 4123/347/285 4124/349/287
f 4117/325/266 4116/323/264 4131/348/286 4132/350/288
f 4110/326/267 4109/324/265 4124/349/287 4125/351/289
f 4118/327/268 4117/325/266 4132/350/288 4133/2/275
f 4111/328/269 4110/326/267 4125/351/289 4126/337/277
f 4119/329/270 4118/327/268 4133/2/275 4134/336/276
f 4112/330/271 4111/328/269 4126/337/277 4127/338/278
f 4120/331/272 4119/329/270 4134/336/276 4135/339/279
f 4113/332/273 4112/330/271 4127/338/278 4128/340/280
f 4133/2/275 4132/350/288 4147/357/295 4148/359/297
f 4126/337/277 4125/351/289 4140/358/296 4141/360/298
f 4134/336/276 4133/2/275 4148/359/297 4149/361/299
f 4127/338/278 4126/337/277 4141/360/298 4142/362/300
f 4135/339/279 4134/336/276 4149/361/299 4150/363/301
f 4128/340/280 4127/338/278 4142/362/300 4143/364/302
f 4136/341/281 4135/339/279 4150/363/301 4151/365/303
f 4129/342/282 4128/340/280 4143/364/302 4144/366/304
f 4122/344/283 3971/367/63 4137/352/290
f 4197/368/31 4136/341/281 4151/365/303
f 4130/346/284 4129/342/282 4144/366/304 4145/354/292
f 4123/347/285 4122/344/283 4137/352/290 4138/353/291
f 4131/348/286 4130/346/284 4145/354/292 4146/355/293
f 4124/349/287 4123/347/285 4138/353/291 4139/356/294
f 4132/350/288 4131/348/286 4146/355/293 4147/357/295
f 4125/351/289 4124/349/287 4139/356/294 4140/358/296
f 4137/352/290 3971/376/63 4152/377/312
f 4197/378/31 4151/365/303 4166/374/310
f 4145/354/292 4144/366/304 4159/375/311 4160/379/313
f 4138/353/291 4137/352/290 4152/377/312 4153/380/314
f 4146/355/293 4145/354/292 4160/379/313 4161/381/315
f 4139/356/294 4138/353/291 4153/380/314 4154/382/316
f 4147/357/295 4146/355/293 4161/381/315 4162/383/317
f 4140/358/296 4139/356/294 4154/382/316 4155/384/318
f 4148/359/297 4147/357/295 4162/383/317 4163/385/319
f 4141/360/298 4140/358/296 4155/384/318 4156/369/305
f 4149/361/299 4148/359/297 4163/385/319 4164/371/307
f 4142/362/300 4141/360/298 4156/369/305 4157/370/306
f 4150/363/301 4149/361/299 4164/371/307 4165/372/308
f 4143/364/302 4142/362/300 4157/370/306 4158/373/309
f 4151/365/303 4150/363/301 4165/372/308 4166/374/310
f 4144/366/304 4143/364/302 4158/373/309 4159/375/311
f 4156/369/305 4155/384/318 4170/391/325 4171/393/327
f 4164/371/307 4163/385/319 4178/392/326 4179/394/328
f 4157/370/306 4156/369/305 4171/393/327 4172/395/329
f 4165/372/308 4164/371/307 4179/394/328 4180/396/330
f 4158/373/309 4157/370/306 4172/395/329 4173/397/331
f 4166/374/310 4165/372/308 4180/396/330 4181/398/332
f 4159/375/311 4158/373/309 4173/397/331 4174/399/333
f 4152/377/312 3971/400/63 4167/401/334
f 4197/402/31 4166/374/310 4181/398/332
f 4160/379/313 4159/375/311 4174/399/333 4175/386/320
f 4153/380/314 4152/377/312 4167/401/334 4168/388/322
f 4161/381/315 4160/379/313 4175/386/320 4176/387/321
f 4154/382/316 4153/380/314 4168/388/322 4169/389/517
f 4162/383/317 4161/381/315 4176/387/321 4177/390/324
f 4155/384/318 4154/382/316 4169/389/517 4170/391/325
f 4163/385/319 4162/383/317 4177/390/324 4178/392/326
f 4175/386/320 4174/399/333 4189/408/340 4190/412/342
f 4168/388/322 4167/401/334 4182/410/341 4183/413/343
f 4176/387/321 4175/386/320 4190/412/342 4191/414/344
f 4169/389/517 4168/388/322 4183/413/343 4184/415/345
f 4177/390/324 4176/387/321 4191/414/344 4192/416/346
f 4170/391/325 4169/389/517 4184/415/345 4185/417/347
f 4178/392/326 4177/390/324 4192/416/346 4193/418/348
f 4171/393/327 4170/391/325 4185/417/347 4186/419/349
f 4179/394/328 4178/392/326 4193/418/348 4194/403/335
f 4172/395/329 4171/393/327 4186/419/349 4187/405/337
f 4180/396/330 4179/394/328 4194/403/335 4195/404/336
f 4173/397/331 4172/395/329 4187/405/337 4188/406/338
f 4181/398/332 4180/396/330 4195/404/336 4196/407/339
f 4174/399/333 4173/397/331 4188/406/338 4189/408/340
f 4167/401/334 3971/409/63 4182/410/341
f 4197/411/31 4181/398/332 4196/407/339
f 4194/403/335 4193/418/348 4209/424/354 4210/426/356
f 4187/405/337 4186/419/349 4202/425/355 4203/427/357
f 4195/404/336 4194/403/335 4210/426/356 4211/428/358
f 4188/406/338 4187/405/337 4203/427/357 4204/429/359
f 4196/407/339 4195/404/336 4211/428/358 4212/430/360
f 4189/408/340 4188/406/338 4204/429/359 4205/431/361
f 4182/410/341 3971/432/63 4198/433/362
f 4197/434/31 4196/407/339 4212/430/360
f 4190/412/342 4189/408/340 4205/431/361 4206/435/363
f 4183/413/343 4182/410/341 4198/433/362 4199/436/364
f 4191/414/344 4190/412/342 4206/435/363 4207/420/350
f 4184/415/345 4183/413/343 4199/436/364 4200/422/352
f 4192/416/346 4191/414/344 4207/420/350 4208/421/351
f 4185/417/347 4184/415/345 4200/422/352 4201/423/353
f 4193/418/348 4192/416/346 4208/421/351 4209/424/354
f 4186/419/349 4185/417/347 4201/423/353 4202/425/355
f 4199/436/364 4198/433/362 4213/442/369 4214/445/371
f 4207/420/350 4206/435/363 4221/444/370 4222/446/372
f 4200/422/352 4199/436/364 4214/445/371 4215/447/373
f 4208/421/351 4207/420/350 4222/446/372 4223/448/374
f 4201/423/353 4200/422/352 4215/447/373 4216/449/375
f 4209/424/354 4208/421/351 4223/448/374 4224/450/376
f 4202/425/355 4201/423/353 4216/449/375 4217/451/377
f 4210/426/356 4209/424/354 4224/450/376 4225/452/378
f 4203/427/357 4202/425/355 4217/451/377 4218/453/379
f 4211/428/358 4210/426/356 4225/452/378 4226/437/365
f 4204/429/359 4203/427/357 4218/453/379 4219/439/367
f 4212/430/360 4211/428/358 4226/437/365 4227/438/366
f 4205/431/361 4204/429/359 4219/439/367 4220/440/368
f 4198/433/362 3971/441/63 4213/442/369
f 4197/443/31 4212/430/360 4227/438/366
f 4206/435/363 4205/431/361 4220/440/368 4221/444/370
f 4218/453/379 4217/451/377 4232/458/384 4233/460/386
f 4226/437/365 4225/452/378 4240/459/385 4241/461/387
f 4219/439/367 4218/453/379 4233/460/386 4234/462/388
f 4227/438/366 4226/437/365 4241/461/387 4242/463/389
f 4220/440/368 4219/439/367 4234/462/388 4235/464/390
f 4213/442/369 3971/465/63 4228/466/391
f 4197/467/31 4227/438/366 4242/463/389
f 4221/444/370 4220/440/368 4235/464/390 4236/468/392
f 4214/445/371 4213/442/369 4228/466/391 4229/469/393
f 4222/446/372 4221/444/370 4236/468/392 4237/470/394
f 4215/447/373 4214/445/371 4229/469/393 4230/454/380
f 4223/448/374 4222/446/372 4237/470/394 4238/456/382
f 4216/449/375 4215/447/373 4230/454/380 4231/455/381
f 4224/450/376 4223/448/374 4238/456/382 4239/457/383
f 4217/451/377 4216/449/375 4231/455/381 4232/458/384
f 4225/452/378 4224/450/376 4239/457/383 4240/459/385
f 4237/470/394 4236/468/392 4251/477/399 4252/479/401
f 4230/454/380 4229/469/393 4244/478/400 4245/480/402
f 4238/456/382 4237/470/394 4252/479/401 4253/481/403
f 4231/455/381 4230/454/380 4245/480/402 4246/482/404
f 4239/457/383 4238/456/382 4253/481/403 4254/483/405
f 4232/458/384 4231/455/381 4246/482/404 4247/484/406
f 4240/459/385 4239/457/383 4254/483/405 4255/485/407
f 4233/460/386 4232/458/384 4247/484/406 4248/486/408
f 4241/461/387 4240/459/385 4255/485/407 4256/487/409
f 4234/462/388 4233/460/386 4248/486/408 4249/471/395
f 4242/463/389 4241/461/387 4256/487/409 4257/476/398
f 4235/464/390 4234/462/388 4249/471/395 4250/472/396
f 4228/466/391 3971/473/63 4243/474/397
f 4197/475/31 4242/463/389 4257/476/398
f 4236/468/392 4235/464/390 4250/472/396 4251/477/399
f 4229/469/393 4228/466/391 4243/474/397 4244/478/400
f 4256/500/409 4255/496/407 4270/497/414 4271/501/416
f 4249/502/395 4248/498/408 4263/499/415 4264/503/417
f 4257/504/398 4256/500/409 4271/501/416 4272/505/418
f 4250/506/396 4249/502/395 4264/503/417 4265/507/419
f 4243/508/397 3971/509/63 4258/510/420
f 4197/511/31 4257/504/398 4272/505/418
f 4251/512/399 4250/506/396 4265/507/419 4266/513/421
f 4244/514/400 4243/508/397 4258/510/420 4259/515/422
f 4252/516/401 4251/512/399 4266/513/421 4267/517/423
f 4245/518/402 4244/514/400 4259/515/422 4260/519/424
f 4253/489/403 4252/516/401 4267/517/423 4268/490/410
f 4246/493/404 4245/518/402 4260/519/424 4261/494/412
f 4254/488/405 4253/489/403 4268/490/410 4269/491/411
f 4247/492/406 4246/493/404 4261/494/412 4262/495/413
f 4255/496/407 4254/488/405 4269/491/411 4270/497/414
f 4248/498/408 4247/492/406 4262/495/413 4263/499/415
f 4268/490/410 4267/517/423 4282/527/430 4283/529/432
f 4261/494/412 4260/519/424 4275/528/431 4276/530/433
f 4269/491/411 4268/490/410 4283/529/432 4284/531/434
f 4262/495/413 4261/494/412 4276/530/433 4277/532/435
f 4270/497/414 4269/491/411 4284/531/434 4285/533/436
f 4263/499/415 4262/495/413 4277/532/435 4278/534/437
f 4271/501/416 4270/497/414 4285/533/436 4286/535/438
f 4264/503/417 4263/499/415 4278/534/437 4279/536/439
f 4272/505/418 4271/501/416 4286/535/438 4287/523/426
f 4265/507/419 4264/503/417 4279/536/439 4280/524/427
f 4258/510/420 3971/520/63 4273/521/425
f 4197/522/31 4272/505/418 4287/523/426
f 4266/513/421 4265/507/419 4280/524/427 4281/525/428
f 4259/515/422 4258/510/420 4273/521/425 4274/526/429
f 4267/517/423 4266/513/421 4281/525/428 4282/527/430
f 4260/519/424 4259/515/422 4274/526/429 4275/528/431
f 4287/523/426 4286/535/438 4301/542/445 4302/544/447
f 4280/524/427 4279/536/439 4294/543/446 4295/545/448
f 4273/521/425 3971/546/63 4288/547/449
f 4197/548/31 4287/523/426 4302/544/447
f 4281/525/428 4280/524/427 4295/545/448 4296/549/450
f 4274/526/429 4273/521/425 4288/547/449 4289/550/451
f 4282/527/430 4281/525/428 4296/549/450 4297/551/452
f 4275/528/431 4274/526/429 4289/550/451 4290/552/453
f 4283/529/432 4282/527/430 4297/551/452 4298/553/454
f 4276/530/433 4275/528/431 4290/552/453 4291/537/440
f 4284/531/434 4283/529/432 4298/553/454 4299/539/442
f 4277/532/435 4276/530/433 4291/537/440 4292/538/441
f 4285/533/436 4284/531/434 4299/539/442 4300/540/1516
f 4278/534/437 4277/532/435 4292/538/441 4293/541/444
f 4286/535/438 4285/533/436 4300/540/1516 4301/542/445
f 4279/536/439 4278/534/437 4293/541/444 4294/543/446
f 4291/537/440 4290/552/453 4305/559/460 4306/561/462
f 4299/539/442 4298/553/454 4313/560/461 4314/562/463
f 4292/538/441 4291/537/440 4306/561/462 4307/563/464
f 4300/540/1516 4299/539/442 4314/562/463 4315/564/465
f 4293/541/444 4292/538/441 4307/563/464 4308/565/466
f 4301/542/445 4300/540/1516 4315/564/465 4316/566/467
f 4294/543/446 4293/541/444 4308/565/466 4309/567/468
f 4302/544/447 4301/542/445 4316/566/467 4317/568/469
f 4295/545/448 4294/543/446 4309/567/468 4310/554/455
f 4288/547/449 3971/569/63 4303/556/457
f 4197/570/31 4302/544/447 4317/568/469
f 4296/549/450 4295/545/448 4310/554/455 4311/555/456
f 4289/550/451 4288/547/449 4303/556/457 4304/557/458
f 4297/551/452 4296/549/450 4311/555/456 4312/558/459
f 4290/552/453 4289/550/451 4304/557/458 4305/559/460
f 4298/553/454 4297/551/452 4312/558/459 4313/560/461
f 4310/554/455 4309/567/468 4324/576/475 4325/578/477
f 4303/556/457 3971/579/63 4318/580/478
f 4197/581/31 4317/568/469 4332/577/476
f 4311/555/456 4310/554/455 4325/578/477 4326/582/479
f 4304/557/458 4303/556/457 4318/580/478 4319/583/480
f 4312/558/459 4311/555/456 4326/582/479 4327/584/481
f 4305/559/460 4304/557/458 4319/583/480 4320/585/482
f 4313/560/461 4312/558/459 4327/584/481 4328/586/483
f 4306/561/462 4305/559/460 4320/585/482 4321/587/484
f 4314/562/463 4313/560/461 4328/586/483 4329/571/470
f 4307/563/464 4306/561/462 4321/587/484 4322/573/472
f 4315/564/465 4314/562/463 4329/571/470 4330/572/471
f 4308/565/466 4307/563/464 4322/573/472 4323/574/473
f 4316/566/467 4315/564/465 4330/572/471 4331/575/474
f 4309/567/468 4308/565/466 4323/574/473 4324/576/475
f 4317/568/469 4316/566/467 4331/575/474 4332/577/476
f 4329/571/470 4328/586/483 4343/592/489 4344/594/491
f 4322/573/472 4321/587/484 4336/593/490 4337/595/492
f 4330/572/471 4329/571/470 4344/594/491 4345/596/493
f 4323/574/473 4322/573/472 4337/595/492 4338/597/494
f 4331/575/474 4330/572/471 4345/596/493 4346/598/495
f 4324/576/475 4323/574/473 4338/597/494 4339/599/496
f 4332/577/476 4331/575/474 4346/598/495 4347/600/497
f 4325/578/477 4324/576/475 4339/599/496 4340/601/498
f 4318/580/478 3971/602/63 4333/603/499
f 4197/604/31 4332/577/476 4347/600/497
f 4326/582/479 4325/578/477 4340/601/498 4341/588/485
f 4319/583/480 4318/580/478 4333/603/499 4334/590/487
f 4327/584/481 4326/582/479 4341/588/485 4342/589/486
f 4320/585/482 4319/583/480 4334/590/487 4335/591/488
f 4328/586/483 4327/584/481 4342/589/486 4343/592/489
f 4321/587/484 4320/585/482 4335/591/488 4336/593/490
f 4333/603/499 3971/611/63 4348/612/506
f 4197/613/31 4347/600/497 4362/609/504
f 4341/588/485 4340/601/498 4355/610/520 4356/614/507
f 4334/590/487 4333/603/499 4348/612/506 4349/615/508
f 4342/589/486 4341/588/485 4356/614/507 4357/616/509
f 4335/591/488 4334/590/487 4349/615/508 4350/617/510
f 4343/592/489 4342/589/486 4357/616/509 4358/618/511
f 4336/593/490 4335/591/488 4350/617/510 4351/619/512
f 4344/594/491 4343/592/489 4358/618/511 4359/620/513
f 4337/595/492 4336/593/490 4351/619/512 4352/621/514
f 4345/596/493 4344/594/491 4359/620/513 4360/605/500
f 4338/597/494 4337/595/492 4352/621/514 4353/607/502
f 4346/598/495 4345/596/493 4360/605/500 4361/606/501
f 4339/599/496 4338/597/494 4353/607/502 4354/608/503
f 4347/600/497 4346/598/495 4361/606/501 4362/609/504
f 4340/601/498 4339/599/496 4354/608/503 4355/610/520
f 4352/621/514 4351/619/512 4365/76/44 3891/80/48
f 4360/605/500 4359/620/513 4368/78/46 4369/82/50
f 4353/607/502 4352/621/514 3891/80/48 4366/84/52
f 4361/606/501 4360/605/500 4369/82/50 4370/86/54
f 4354/608/503 4353/607/502 4366/84/52 3892/88/56
f 4362/609/504 4361/606/501 4370/86/54 4371/90/58
f 4355/610/520 4354/608/503 3892/88/56 3893/92/60
f 4348/612/506 3971/622/63 4363/94/62
f 4197/623/31 4362/609/504 4371/90/58
f 4356/614/507 4355/610/520 3893/92/60 3894/67/35
f 4349/615/508 4348/612/506 4363/94/62 4364/71/39
f 4357/616/509 4356/614/507 3894/67/35 4367/66/34
f 4350/617/510 4349/615/508 4364/71/39 3890/70/38
f 4358/618/511 4357/616/509 4367/66/34 3895/74/42
f 4351/619/512 4350/617/510 3890/70/38 4365/76/44
f 4359/620/513 4358/618/511 3895/74/42 4368/78/46
s 0
f 4854/624/396 4855/625/396 4857/139/396 4856/269/396
f 4856/269/60 4857/139/60 4861/146/60 4860/626/60
f 4860/626/167 4861/146/167 4859/138/167 4858/270/167
f 4858/270/282 4859/138/282 4855/627/282 4854/628/282
f 4856/629/31 4860/626/31 4858/270/31 4854/417/31
f 4861/146/63 4857/630/63 4855/631/63 4859/138/63
s 1
usemtl Matériau.001
f 4850/78/46 4377/74/42 4388/75/43 4389/79/47
f 4373/80/48 4847/76/44 4381/77/45 4382/81/49
f 4851/82/50 4850/78/46 4389/79/47 4390/83/51
f 4848/84/52 4373/80/48 4382/81/49 4383/85/53
f 4852/86/54 4851/82/50 4390/83/51 4391/87/55
f 4374/88/56 4848/84/52 4383/85/53 4384/89/57
f 4853/90/58 4852/86/54 4391/87/55 4392/91/59
f 4375/92/60 4374/88/56 4384/89/57 4385/93/61
f 4845/94/62 4453/95/63 4378/96/64
f 4679/97/31 4853/90/58 4392/91/59
f 4376/67/35 4375/92/60 4385/93/61 4386/68/36
f 4846/71/39 4845/94/62 4378/96/64 4379/72/40
f 4849/66/34 4376/67/35 4386/68/36 4387/69/37
f 4372/70/38 4846/71/39 4379/72/40 4380/73/41
f 4377/74/42 4849/66/34 4387/69/37 4388/75/43
f 4847/76/44 4372/70/38 4380/73/41 4381/77/45
f 4388/75/43 4387/69/37 4402/104/70 4403/106/72
f 4381/77/45 4380/73/41 4395/105/71 4396/107/73
f 4389/79/47 4388/75/43 4403/106/72 4404/108/74
f 4382/81/49 4381/77/45 4396/107/73 4397/109/75
f 4390/83/51 4389/79/47 4404/108/74 4405/110/76
f 4383/85/53 4382/81/49 4397/109/75 4398/111/77
f 4391/87/55 4390/83/51 4405/110/76 4406/112/78
f 4384/89/57 4383/85/53 4398/111/77 4399/113/79
f 4392/91/59 4391/87/55 4406/112/78 4407/99/65
f 4385/93/61 4384/89/57 4399/113/79 4400/100/66
f 4378/96/64 4453/114/63 4393/102/68
f 4679/98/31 4392/91/59 4407/99/65
f 4386/68/36 4385/93/61 4400/100/66 4401/101/67
f 4379/72/40 4378/96/64 4393/102/68 4394/103/69
f 4387/69/37 4386/68/36 4401/101/67 4402/104/70
f 4380/73/41 4379/72/40 4394/103/69 4395/105/71
f 4407/99/65 4406/112/78 4421/119/84 4422/121/86
f 4400/100/66 4399/113/79 4414/120/85 4415/122/87
f 4393/102/68 4453/123/63 4408/124/88
f 4679/125/31 4407/99/65 4422/121/86
f 4401/101/67 4400/100/66 4415/122/87 4416/126/89
f 4394/103/69 4393/102/68 4408/124/88 4409/127/90
f 4402/104/70 4401/101/67 4416/126/89 4417/128/91
f 4395/105/71 4394/103/69 4409/127/90 4410/129/92
f 4403/106/72 4402/104/70 4417/128/91 4418/130/93
f 4396/107/73 4395/105/71 4410/129/92 4411/131/94
f 4404/108/74 4403/106/72 4418/130/93 4419/115/80
f 4397/109/75 4396/107/73 4411/131/94 4412/117/82
f 4405/110/76 4404/108/74 4419/115/80 4420/116/81
f 4398/111/77 4397/109/75 4412/117/82 4413/118/83
f 4406/112/78 4405/110/76 4420/116/81 4421/119/84
f 4399/113/79 4398/111/77 4413/118/83 4414/120/85
f 4411/131/94 4410/129/92 4425/136/99 4426/138/101
f 4419/115/80 4418/130/93 4433/137/100 4434/139/102
f 4412/117/82 4411/131/94 4426/138/101 4427/140/103
f 4420/116/81 4419/115/80 4434/139/102 4435/141/104
f 4413/118/83 4412/117/82 4427/140/103 4428/142/105
f 4421/119/84 4420/116/81 4435/141/104 4436/143/106
f 4414/120/85 4413/118/83 4428/142/105 4429/144/107
f 4422/121/86 4421/119/84 4436/143/106 4437/145/108
f 4415/122/87 4414/120/85 4429/144/107 4430/146/109
f 4408/124/88 4453/147/63 4423/132/95
f 4679/148/31 4422/121/86 4437/145/108
f 4416/126/89 4415/122/87 4430/146/109 4431/134/97
f 4409/127/90 4408/124/88 4423/132/95 4424/133/96
f 4417/128/91 4416/126/89 4431/134/97 4432/135/98
f 4410/129/92 4409/127/90 4424/133/96 4425/136/99
f 4418/130/93 4417/128/91 4432/135/98 4433/137/100
f 4430/146/109 4429/144/107 4444/153/114 4445/155/116
f 4423/132/95 4453/156/63 4438/157/117
f 4679/158/31 4437/145/108 4452/154/115
f 4431/134/97 4430/146/109 4445/155/116 4446/159/118
f 4424/133/96 4423/132/95 4438/157/117 4439/160/119
f 4432/135/98 4431/134/97 4446/159/118 4447/161/120
f 4425/136/99 4424/133/96 4439/160/119 4440/162/121
f 4433/137/100 4432/135/98 4447/161/120 4448/163/122
f 4426/138/101 4425/136/99 4440/162/121 4441/164/123
f 4434/139/102 4433/137/100 4448/163/122 4449/165/124
f 4427/140/103 4426/138/101 4441/164/123 4442/149/110
f 4435/141/104 4434/139/102 4449/165/124 4450/151/112
f 4428/142/105 4427/140/103 4442/149/110 4443/150/111
f 4436/143/106 4435/141/104 4450/151/112 4451/152/113
f 4429/144/107 4428/142/105 4443/150/111 4444/153/114
f 4437/145/108 4436/143/106 4451/152/113 4452/154/115
f 4449/165/124 4448/163/122 4464/170/129 4465/172/131
f 4442/149/110 4441/164/123 4457/171/130 4458/173/132
f 4450/151/112 4449/165/124 4465/172/131 4466/174/133
f 4443/150/111 4442/149/110 4458/173/132 4459/175/134
f 4451/152/113 4450/151/112 4466/174/133 4467/176/135
f 4444/153/114 4443/150/111 4459/175/134 4460/177/136
f 4452/154/115 4451/152/113 4467/176/135 4468/178/137
f 4445/155/116 4444/153/114 4460/177/136 4461/179/138
f 4438/157/117 4453/180/63 4454/181/139
f 4679/182/31 4452/154/115 4468/178/137
f 4446/159/118 4445/155/116 4461/179/138 4462/166/125
f 4439/160/119 4438/157/117 4454/181/139 4455/168/127
f 4447/161/120 4446/159/118 4462/166/125 4463/167/126
f 4440/162/121 4439/160/119 4455/168/127 4456/169/128
f 4448/163/122 4447/161/120 4463/167/126 4464/170/129
f 4441/164/123 4440/162/121 4456/169/128 4457/171/130
f 4679/191/31 4468/178/137 4483/187/144
f 4462/166/125 4461/179/138 4476/188/145 4477/192/147
f 4455/168/127 4454/181/139 4469/190/146 4470/193/148
f 4463/167/126 4462/166/125 4477/192/147 4478/194/149
f 4456/169/128 4455/168/127 4470/193/148 4471/195/150
f 4464/170/129 4463/167/126 4478/194/149 4479/196/151
f 4457/171/130 4456/169/128 4471/195/150 4472/197/152
f 4465/172/131 4464/170/129 4479/196/151 4480/198/153
f 4458/173/132 4457/171/130 4472/197/152 4473/199/154
f 4466/174/133 4465/172/131 4480/198/153 4481/183/140
f 4459/175/134 4458/173/132 4473/199/154 4474/185/142
f 4467/176/135 4466/174/133 4481/183/140 4482/184/141
f 4460/177/136 4459/175/134 4474/185/142 4475/186/143
f 4468/178/137 4467/176/135 4482/184/141 4483/187/144
f 4461/179/138 4460/177/136 4475/186/143 4476/188/145
f 4454/181/139 4453/189/63 4469/190/146
f 4481/183/140 4480/198/153 4495/205/160 4496/207/162
f 4474/185/142 4473/199/154 4488/206/161 4489/208/163
f 4482/184/141 4481/183/140 4496/207/162 4497/209/164
f 4475/186/143 4474/185/142 4489/208/163 4490/210/165
f 4483/187/144 4482/184/141 4497/209/164 4498/211/166
f 4476/188/145 4475/186/143 4490/210/165 4491/212/167
f 4469/190/146 4453/213/63 4484/214/168
f 4679/215/31 4483/187/144 4498/211/166
f 4477/192/147 4476/188/145 4491/212/167 4492/216/169
f 4470/193/148 4469/190/146 4484/214/168 4485/200/155
f 4478/194/149 4477/192/147 4492/216/169 4493/202/157
f 4471/195/150 4470/193/148 4485/200/155 4486/201/156
f 4479/196/151 4478/194/149 4493/202/157 4494/203/158
f 4472/197/152 4471/195/150 4486/201/156 4487/204/159
f 4480/198/153 4479/196/151 4494/203/158 4495/205/160
f 4473/199/154 4472/197/152 4487/204/159 4488/206/161
f 4485/200/155 4484/214/168 4499/223/175 4500/226/177
f 4493/202/157 4492/216/169 4507/225/176 4508/227/178
f 4486/201/156 4485/200/155 4500/226/177 4501/228/179
f 4494/203/158 4493/202/157 4508/227/178 4509/229/180
f 4487/204/159 4486/201/156 4501/228/179 4502/230/181
f 4495/205/160 4494/203/158 4509/229/180 4510/231/182
f 4488/206/161 4487/204/159 4502/230/181 4503/232/183
f 4496/207/162 4495/205/160 4510/231/182 4511/233/184
f 4489/208/163 4488/206/161 4503/232/183 4504/217/170
f 4497/209/164 4496/207/162 4511/233/184 4512/219/172
f 4490/210/165 4489/208/163 4504/217/170 4505/218/171
f 4498/211/166 4497/209/164 4512/219/172 4513/220/173
f 4491/212/167 4490/210/165 4505/218/171 4506/221/174
f 4484/214/168 4453/222/63 4499/223/175
f 4679/224/31 4498/211/166 4513/220/173
f 4492/216/169 4491/212/167 4506/221/174 4507/225/176
f 4504/217/170 4503/232/183 4518/239/190 4519/241/192
f 4512/219/172 4511/233/184 4526/240/191 4527/242/193
f 4505/218/171 4504/217/170 4519/241/192 4520/243/194
f 4513/220/173 4512/219/172 4527/242/193 4528/244/195
f 4506/221/174 4505/218/171 4520/243/194 4521/245/196
f 4499/223/175 4453/246/63 4514/247/197
f 4679/248/31 4513/220/173 4528/244/195
f 4507/225/176 4506/221/174 4521/245/196 4522/249/198
f 4500/226/177 4499/223/175 4514/247/197 4515/250/199
f 4508/227/178 4507/225/176 4522/249/198 4523/234/185
f 4501/228/179 4500/226/177 4515/250/199 4516/236/187
f 4509/229/180 4508/227/178 4523/234/185 4524/235/186
f 4502/230/181 4501/228/179 4516/236/187 4517/237/188
f 4510/231/182 4509/229/180 4524/235/186 4525/238/189
f 4503/232/183 4502/230/181 4517/237/188 4518/239/190
f 4511/233/184 4510/231/182 4525/238/189 4526/240/191
f 4523/234/185 4522/249/198 4537/258/205 4538/260/207
f 4516/236/187 4515/250/199 4530/259/206 4531/261/208
f 4524/235/186 4523/234/185 4538/260/207 4539/262/209
f 4517/237/188 4516/236/187 4531/261/208 4532/263/210
f 4525/238/189 4524/235/186 4539/262/209 4540/264/211
f 4518/239/190 4517/237/188 4532/263/210 4533/265/212
f 4526/240/191 4525/238/189 4540/264/211 4541/266/213
f 4519/241/192 4518/239/190 4533/265/212 4534/267/214
f 4527/242/193 4526/240/191 4541/266/213 4542/251/200
f 4520/243/194 4519/241/192 4534/267/214 4535/253/202
f 4528/244/195 4527/242/193 4542/251/200 4543/252/201
f 4521/245/196 4520/243/194 4535/253/202 4536/254/203
f 4514/247/197 4453/255/63 4529/256/204
f 4679/257/31 4528/244/195 4543/252/201
f 4522/249/198 4521/245/196 4536/254/203 4537/258/205
f 4515/250/199 4514/247/197 4529/256/204 4530/259/206
f 4542/251/200 4541/266/213 4556/272/219 4557/274/221
f 4535/253/202 4534/267/214 4549/273/220 4550/275/222
f 4543/252/201 4542/251/200 4557/274/221 4558/276/223
f 4536/254/203 4535/253/202 4550/275/222 4551/277/224
f 4529/256/204 4453/278/63 4544/279/225
f 4679/280/31 4543/252/201 4558/276/223
f 4537/258/205 4536/254/203 4551/277/224 4552/281/226
f 4530/259/206 4529/256/204 4544/279/225 4545/282/227
f 4538/260/207 4537/258/205 4552/281/226 4553/283/228
f 4531/261/208 4530/259/206 4545/282/227 4546/284/229
f 4539/262/209 4538/260/207 4553/283/228 4554/268/1517
f 4532/263/210 4531/261/208 4546/284/229 4547/270/217
f 4540/264/211 4539/262/209 4554/268/1517 4555/269/216
f 4533/265/212 4532/263/210 4547/270/217 4548/271/218
f 4541/266/213 4540/264/211 4555/269/216 4556/272/219
f 4534/267/214 4533/265/212 4548/271/218 4549/273/220
f 4546/284/229 4545/282/227 4560/291/234 4561/293/236
f 4554/268/1517 4553/283/228 4568/292/235 4569/294/237
f 4547/270/217 4546/284/229 4561/293/236 4562/295/238
f 4555/269/216 4554/268/1517 4569/294/237 4570/296/239
f 4548/271/218 4547/270/217 4562/295/238 4563/297/240
f 4556/272/219 4555/269/216 4570/296/239 4571/298/241
f 4549/273/220 4548/271/218 4563/297/240 4564/299/242
f 4557/274/221 4556/272/219 4571/298/241 4572/300/243
f 4550/275/222 4549/273/220 4564/299/242 4565/301/244
f 4558/276/223 4557/274/221 4572/300/243 4573/288/231
f 4551/277/224 4550/275/222 4565/301/244 4566/289/232
f 4544/279/225 4453/285/63 4559/286/230
f 4679/287/31 4558/276/223 4573/288/231
f 4552/281/226 4551/277/224 4566/289/232 4567/290/233
f 4545/282/227 4544/279/225 4559/286/230 4560/291/234
f 4553/283/228 4552/281/226 4567/290/233 4568/292/235
f 4565/301/244 4564/299/242 4579/306/249 4580/308/251
f 4573/288/231 4572/300/243 4587/307/250 4588/309/252
f 4566/289/232 4565/301/244 4580/308/251 4581/310/253
f 4559/286/230 4453/311/63 4574/312/254
f 4679/313/31 4573/288/231 4588/309/252
f 4567/290/233 4566/289/232 4581/310/253 4582/314/255
f 4560/291/234 4559/286/230 4574/312/254 4575/315/256
f 4568/292/235 4567/290/233 4582/314/255 4583/316/257
f 4561/293/236 4560/291/234 4575/315/256 4576/317/258
f 4569/294/237 4568/292/235 4583/316/257 4584/318/259
f 4562/295/238 4561/293/236 4576/317/258 4577/302/245
f 4570/296/239 4569/294/237 4584/318/259 4585/304/247
f 4563/297/240 4562/295/238 4577/302/245 4578/303/246
f 4571/298/241 4570/296/239 4585/304/247 4586/305/248
f 4564/299/242 4563/297/240 4578/303/246 4579/306/249
f 4572/300/243 4571/298/241 4586/305/248 4587/307/250
f 4584/318/259 4583/316/257 4598/323/264 4599/325/266
f 4577/302/245 4576/317/258 4591/324/265 4592/326/267
f 4585/304/247 4584/318/259 4599/325/266 4600/327/268
f 4578/303/246 4577/302/245 4592/326/267 4593/328/269
f 4586/305/248 4585/304/247 4600/327/268 4601/329/270
f 4579/306/249 4578/303/246 4593/328/269 4594/330/271
f 4587/307/250 4586/305/248 4601/329/270 4602/331/272
f 4580/308/251 4579/306/249 4594/330/271 4595/332/273
f 4588/309/252 4587/307/250 4602/331/272 4603/333/274
f 4581/310/253 4580/308/251 4595/332/273 4596/319/260
f 4574/312/254 4453/334/63 4589/321/262
f 4679/335/31 4588/309/252 4603/333/274
f 4582/314/255 4581/310/253 4596/319/260 4597/320/261
f 4575/315/256 4574/312/254 4589/321/262 4590/322/263
f 4583/316/257 4582/314/255 4597/320/261 4598/323/264
f 4576/317/258 4575/315/256 4590/322/263 4591/324/265
f 4603/333/274 4602/331/272 4617/339/279 4618/341/281
f 4596/319/260 4595/332/273 4610/340/280 4611/342/282
f 4589/321/262 4453/343/63 4604/344/283
f 4679/345/31 4603/333/274 4618/341/281
f 4597/320/261 4596/319/260 4611/342/282 4612/346/284
f 4590/322/263 4589/321/262 4604/344/283 4605/347/285
f 4598/323/264 4597/320/261 4612/346/284 4613/348/286
f 4591/324/265 4590/322/263 4605/347/285 4606/349/287
f 4599/325/266 4598/323/264 4613/348/286 4614/350/288
f 4592/326/267 4591/324/265 4606/349/287 4607/351/289
f 4600/327/268 4599/325/266 4614/350/288 4615/2/275
f 4593/328/269 4592/326/267 4607/351/289 4608/337/277
f 4601/329/270 4600/327/268 4615/2/275 4616/336/276
f 4594/330/271 4593/328/269 4608/337/277 4609/338/278
f 4602/331/272 4601/329/270 4616/336/276 4617/339/279
f 4595/332/273 4594/330/271 4609/338/278 4610/340/280
f 4615/2/275 4614/350/288 4629/357/295 4630/359/297
f 4608/337/277 4607/351/289 4622/358/296 4623/360/298
f 4616/336/276 4615/2/275 4630/359/297 4631/361/299
f 4609/338/278 4608/337/277 4623/360/298 4624/362/300
f 4617/339/279 4616/336/276 4631/361/299 4632/363/301
f 4610/340/280 4609/338/278 4624/362/300 4625/364/302
f 4618/341/281 4617/339/279 4632/363/301 4633/365/303
f 4611/342/282 4610/340/280 4625/364/302 4626/366/304
f 4604/344/283 4453/367/63 4619/352/290
f 4679/368/31 4618/341/281 4633/365/303
f 4612/346/284 4611/342/282 4626/366/304 4627/354/292
f 4605/347/285 4604/344/283 4619/352/290 4620/353/291
f 4613/348/286 4612/346/284 4627/354/292 4628/355/293
f 4606/349/287 4605/347/285 4620/353/291 4621/356/294
f 4614/350/288 4613/348/286 4628/355/293 4629/357/295
f 4607/351/289 4606/349/287 4621/356/294 4622/358/296
f 4619/352/290 4453/376/63 4634/377/312
f 4679/378/31 4633/365/303 4648/374/310
f 4627/354/292 4626/366/304 4641/375/311 4642/379/313
f 4620/353/291 4619/352/290 4634/377/312 4635/380/314
f 4628/355/293 4627/354/292 4642/379/313 4643/381/315
f 4621/356/294 4620/353/291 4635/380/314 4636/382/316
f 4629/357/295 4628/355/293 4643/381/315 4644/383/317
f 4622/358/296 4621/356/294 4636/382/316 4637/384/318
f 4630/359/297 4629/357/295 4644/383/317 4645/385/319
f 4623/360/298 4622/358/296 4637/384/318 4638/369/305
f 4631/361/299 4630/359/297 4645/385/319 4646/371/307
f 4624/362/300 4623/360/298 4638/369/305 4639/370/306
f 4632/363/301 4631/361/299 4646/371/307 4647/372/308
f 4625/364/302 4624/362/300 4639/370/306 4640/373/309
f 4633/365/303 4632/363/301 4647/372/308 4648/374/310
f 4626/366/304 4625/364/302 4640/373/309 4641/375/311
f 4638/369/305 4637/384/318 4652/391/325 4653/393/327
f 4646/371/307 4645/385/319 4660/392/326 4661/394/328
f 4639/370/306 4638/369/305 4653/393/327 4654/395/329
f 4647/372/308 4646/371/307 4661/394/328 4662/396/330
f 4640/373/309 4639/370/306 4654/395/329 4655/397/331
f 4648/374/310 4647/372/308 4662/396/330 4663/398/332
f 4641/375/311 4640/373/309 4655/397/331 4656/399/333
f 4634/377/312 4453/400/63 4649/401/334
f 4679/402/31 4648/374/310 4663/398/332
f 4642/379/313 4641/375/311 4656/399/333 4657/386/320
f 4635/380/314 4634/377/312 4649/401/334 4650/388/322
f 4643/381/315 4642/379/313 4657/386/320 4658/387/321
f 4636/382/316 4635/380/314 4650/388/322 4651/389/323
f 4644/383/317 4643/381/315 4658/387/321 4659/390/324
f 4637/384/318 4636/382/316 4651/389/323 4652/391/325
f 4645/385/319 4644/383/317 4659/390/324 4660/392/326
f 4657/386/320 4656/399/333 4671/408/340 4672/412/342
f 4650/388/322 4649/401/334 4664/410/341 4665/413/343
f 4658/387/321 4657/386/320 4672/412/342 4673/414/344
f 4651/389/323 4650/388/322 4665/413/343 4666/415/345
f 4659/390/324 4658/387/321 4673/414/344 4674/416/346
f 4652/391/325 4651/389/323 4666/415/345 4667/417/347
f 4660/392/326 4659/390/324 4674/416/346 4675/418/348
f 4653/393/327 4652/391/325 4667/417/347 4668/419/349
f 4661/394/328 4660/392/326 4675/418/348 4676/403/335
f 4654/395/329 4653/393/327 4668/419/349 4669/405/337
f 4662/396/330 4661/394/328 4676/403/335 4677/404/336
f 4655/397/331 4654/395/329 4669/405/337 4670/406/338
f 4663/398/332 4662/396/330 4677/404/336 4678/407/339
f 4656/399/333 4655/397/331 4670/406/338 4671/408/340
f 4649/401/334 4453/409/63 4664/410/341
f 4679/411/31 4663/398/332 4678/407/339
f 4676/403/335 4675/418/348 4691/424/354 4692/426/356
f 4669/405/337 4668/419/349 4684/425/355 4685/427/357
f 4677/404/336 4676/403/335 4692/426/356 4693/428/358
f 4670/406/338 4669/405/337 4685/427/357 4686/429/359
f 4678/407/339 4677/404/336 4693/428/358 4694/430/360
f 4671/408/340 4670/406/338 4686/429/359 4687/431/361
f 4664/410/341 4453/432/63 4680/433/362
f 4679/434/31 4678/407/339 4694/430/360
f 4672/412/342 4671/408/340 4687/431/361 4688/435/363
f 4665/413/343 4664/410/341 4680/433/362 4681/436/364
f 4673/414/344 4672/412/342 4688/435/363 4689/420/350
f 4666/415/345 4665/413/343 4681/436/364 4682/422/352
f 4674/416/346 4673/414/344 4689/420/350 4690/421/351
f 4667/417/347 4666/415/345 4682/422/352 4683/423/353
f 4675/418/348 4674/416/346 4690/421/351 4691/424/354
f 4668/419/349 4667/417/347 4683/423/353 4684/425/355
f 4681/436/364 4680/433/362 4695/442/369 4696/445/371
f 4689/420/350 4688/435/363 4703/444/370 4704/446/372
f 4682/422/352 4681/436/364 4696/445/371 4697/447/373
f 4690/421/351 4689/420/350 4704/446/372 4705/448/374
f 4683/423/353 4682/422/352 4697/447/373 4698/449/375
f 4691/424/354 4690/421/351 4705/448/374 4706/450/376
f 4684/425/355 4683/423/353 4698/449/375 4699/451/377
f 4692/426/356 4691/424/354 4706/450/376 4707/452/378
f 4685/427/357 4684/425/355 4699/451/377 4700/453/379
f 4693/428/358 4692/426/356 4707/452/378 4708/437/365
f 4686/429/359 4685/427/357 4700/453/379 4701/439/367
f 4694/430/360 4693/428/358 4708/437/365 4709/438/366
f 4687/431/361 4686/429/359 4701/439/367 4702/440/368
f 4680/433/362 4453/441/63 4695/442/369
f 4679/443/31 4694/430/360 4709/438/366
f 4688/435/363 4687/431/361 4702/440/368 4703/444/370
f 4700/453/379 4699/451/377 4714/458/384 4715/460/386
f 4708/437/365 4707/452/378 4722/459/385 4723/461/387
f 4701/439/367 4700/453/379 4715/460/386 4716/462/388
f 4709/438/366 4708/437/365 4723/461/387 4724/463/389
f 4702/440/368 4701/439/367 4716/462/388 4717/464/390
f 4695/442/369 4453/465/63 4710/466/391
f 4679/467/31 4709/438/366 4724/463/389
f 4703/444/370 4702/440/368 4717/464/390 4718/468/392
f 4696/445/371 4695/442/369 4710/466/391 4711/469/393
f 4704/446/372 4703/444/370 4718/468/392 4719/470/394
f 4697/447/373 4696/445/371 4711/469/393 4712/454/380
f 4705/448/374 4704/446/372 4719/470/394 4720/456/382
f 4698/449/375 4697/447/373 4712/454/380 4713/455/381
f 4706/450/376 4705/448/374 4720/456/382 4721/457/383
f 4699/451/377 4698/449/375 4713/455/381 4714/458/384
f 4707/452/378 4706/450/376 4721/457/383 4722/459/385
f 4719/470/394 4718/468/392 4733/477/399 4734/479/401
f 4712/454/380 4711/469/393 4726/478/400 4727/480/402
f 4720/456/382 4719/470/394 4734/479/401 4735/481/403
f 4713/455/381 4712/454/380 4727/480/402 4728/482/404
f 4721/457/383 4720/456/382 4735/481/403 4736/483/405
f 4714/458/384 4713/455/381 4728/482/404 4729/484/406
f 4722/459/385 4721/457/383 4736/483/405 4737/485/407
f 4715/460/386 4714/458/384 4729/484/406 4730/486/408
f 4723/461/387 4722/459/385 4737/485/407 4738/487/409
f 4716/462/388 4715/460/386 4730/486/408 4731/471/395
f 4724/463/389 4723/461/387 4738/487/409 4739/476/398
f 4717/464/390 4716/462/388 4731/471/395 4732/472/396
f 4710/466/391 4453/473/63 4725/474/397
f 4679/475/31 4724/463/389 4739/476/398
f 4718/468/392 4717/464/390 4732/472/396 4733/477/399
f 4711/469/393 4710/466/391 4725/474/397 4726/478/400
f 4738/500/409 4737/496/407 4752/497/414 4753/501/416
f 4731/502/395 4730/498/408 4745/499/415 4746/503/417
f 4739/504/398 4738/500/409 4753/501/416 4754/505/418
f 4732/506/396 4731/502/395 4746/503/417 4747/507/419
f 4725/508/397 4453/509/63 4740/510/420
f 4679/511/31 4739/504/398 4754/505/418
f 4733/512/399 4732/506/396 4747/507/419 4748/513/421
f 4726/514/400 4725/508/397 4740/510/420 4741/515/422
f 4734/516/401 4733/512/399 4748/513/421 4749/517/423
f 4727/518/402 4726/514/400 4741/515/422 4742/519/424
f 4735/489/403 4734/516/401 4749/517/423 4750/490/410
f 4728/493/404 4727/518/402 4742/519/424 4743/494/412
f 4736/488/405 4735/489/403 4750/490/410 4751/491/411
f 4729/492/406 4728/493/404 4743/494/412 4744/495/413
f 4737/496/407 4736/488/405 4751/491/411 4752/497/414
f 4730/498/408 4729/492/406 4744/495/413 4745/499/415
f 4750/490/410 4749/517/423 4764/527/430 4765/529/432
f 4743/494/412 4742/519/424 4757/528/431 4758/530/433
f 4751/491/411 4750/490/410 4765/529/432 4766/531/434
f 4744/495/413 4743/494/412 4758/530/433 4759/532/435
f 4752/497/414 4751/491/411 4766/531/434 4767/533/436
f 4745/499/415 4744/495/413 4759/532/435 4760/534/437
f 4753/501/416 4752/497/414 4767/533/436 4768/535/438
f 4746/503/417 4745/499/415 4760/534/437 4761/536/439
f 4754/505/418 4753/501/416 4768/535/438 4769/523/426
f 4747/507/419 4746/503/417 4761/536/439 4762/524/427
f 4740/510/420 4453/520/63 4755/521/425
f 4679/522/31 4754/505/418 4769/523/426
f 4748/513/421 4747/507/419 4762/524/427 4763/525/428
f 4741/515/422 4740/510/420 4755/521/425 4756/526/429
f 4749/517/423 4748/513/421 4763/525/428 4764/527/430
f 4742/519/424 4741/515/422 4756/526/429 4757/528/431
f 4769/523/426 4768/535/438 4783/542/445 4784/544/447
f 4762/524/427 4761/536/439 4776/543/446 4777/545/448
f 4755/521/425 4453/546/63 4770/547/449
f 4679/548/31 4769/523/426 4784/544/447
f 4763/525/428 4762/524/427 4777/545/448 4778/549/450
f 4756/526/429 4755/521/425 4770/547/449 4771/550/451
f 4764/527/430 4763/525/428 4778/549/450 4779/551/452
f 4757/528/431 4756/526/429 4771/550/451 4772/552/453
f 4765/529/432 4764/527/430 4779/551/452 4780/553/454
f 4758/530/433 4757/528/431 4772/552/453 4773/537/440
f 4766/531/434 4765/529/432 4780/553/454 4781/539/442
f 4759/532/435 4758/530/433 4773/537/440 4774/538/441
f 4767/533/436 4766/531/434 4781/539/442 4782/540/1516
f 4760/534/437 4759/532/435 4774/538/441 4775/541/444
f 4768/535/438 4767/533/436 4782/540/1516 4783/542/445
f 4761/536/439 4760/534/437 4775/541/444 4776/543/446
f 4773/537/440 4772/552/453 4787/559/460 4788/561/462
f 4781/539/442 4780/553/454 4795/560/461 4796/562/463
f 4774/538/441 4773/537/440 4788/561/462 4789/563/464
f 4782/540/1516 4781/539/442 4796/562/463 4797/564/465
f 4775/541/444 4774/538/441 4789/563/464 4790/565/466
f 4783/542/445 4782/540/1516 4797/564/465 4798/566/467
f 4776/543/446 4775/541/444 4790/565/466 4791/567/468
f 4784/544/447 4783/542/445 4798/566/467 4799/568/469
f 4777/545/448 4776/543/446 4791/567/468 4792/554/455
f 4770/547/449 4453/569/63 4785/556/457
f 4679/570/31 4784/544/447 4799/568/469
f 4778/549/450 4777/545/448 4792/554/455 4793/555/456
f 4771/550/451 4770/547/449 4785/556/457 4786/557/458
f 4779/551/452 4778/549/450 4793/555/456 4794/558/459
f 4772/552/453 4771/550/451 4786/557/458 4787/559/460
f 4780/553/454 4779/551/452 4794/558/459 4795/560/461
f 4792/554/455 4791/567/468 4806/576/475 4807/578/477
f 4785/556/457 4453/579/63 4800/580/478
f 4679/581/31 4799/568/469 4814/577/476
f 4793/555/456 4792/554/455 4807/578/477 4808/582/479
f 4786/557/458 4785/556/457 4800/580/478 4801/583/480
f 4794/558/459 4793/555/456 4808/582/479 4809/584/481
f 4787/559/460 4786/557/458 4801/583/480 4802/585/482
f 4795/560/461 4794/558/459 4809/584/481 4810/586/483
f 4788/561/462 4787/559/460 4802/585/482 4803/587/484
f 4796/562/463 4795/560/461 4810/586/483 4811/571/470
f 4789/563/464 4788/561/462 4803/587/484 4804/573/472
f 4797/564/465 4796/562/463 4811/571/470 4812/572/471
f 4790/565/466 4789/563/464 4804/573/472 4805/574/473
f 4798/566/467 4797/564/465 4812/572/471 4813/575/474
f 4791/567/468 4790/565/466 4805/574/473 4806/576/475
f 4799/568/469 4798/566/467 4813/575/474 4814/577/476
f 4811/571/470 4810/586/483 4825/592/489 4826/594/491
f 4804/573/472 4803/587/484 4818/593/490 4819/595/492
f 4812/572/471 4811/571/470 4826/594/491 4827/596/493
f 4805/574/473 4804/573/472 4819/595/492 4820/597/494
f 4813/575/474 4812/572/471 4827/596/493 4828/598/495
f 4806/576/475 4805/574/473 4820/597/494 4821/599/496
f 4814/577/476 4813/575/474 4828/598/495 4829/600/497
f 4807/578/477 4806/576/475 4821/599/496 4822/601/498
f 4800/580/478 4453/602/63 4815/603/499
f 4679/604/31 4814/577/476 4829/600/497
f 4808/582/479 4807/578/477 4822/601/498 4823/588/485
f 4801/583/480 4800/580/478 4815/603/499 4816/590/487
f 4809/584/481 4808/582/479 4823/588/485 4824/589/486
f 4802/585/482 4801/583/480 4816/590/487 4817/591/488
f 4810/586/483 4809/584/481 4824/589/486 4825/592/489
f 4803/587/484 4802/585/482 4817/591/488 4818/593/490
f 4815/603/499 4453/611/63 4830/612/506
f 4679/613/31 4829/600/497 4844/609/504
f 4823/588/485 4822/601/498 4837/610/505 4838/614/507
f 4816/590/487 4815/603/499 4830/612/506 4831/615/508
f 4824/589/486 4823/588/485 4838/614/507 4839/616/509
f 4817/591/488 4816/590/487 4831/615/508 4832/617/510
f 4825/592/489 4824/589/486 4839/616/509 4840/618/511
f 4818/593/490 4817/591/488 4832/617/510 4833/619/512
f 4826/594/491 4825/592/489 4840/618/511 4841/620/513
f 4819/595/492 4818/593/490 4833/619/512 4834/621/514
f 4827/596/493 4826/594/491 4841/620/513 4842/605/500
f 4820/597/494 4819/595/492 4834/621/514 4835/607/502
f 4828/598/495 4827/596/493 4842/605/500 4843/606/501
f 4821/599/496 4820/597/494 4835/607/502 4836/608/503
f 4829/600/497 4828/598/495 4843/606/501 4844/609/504
f 4822/601/498 4821/599/496 4836/608/503 4837/610/505
f 4834/621/514 4833/619/512 4847/76/44 4373/80/48
f 4842/605/500 4841/620/513 4850/78/46 4851/82/50
f 4835/607/502 4834/621/514 4373/80/48 4848/84/52
f 4843/606/501 4842/605/500 4851/82/50 4852/86/54
f 4836/608/503 4835/607/502 4848/84/52 4374/88/56
f 4844/609/504 4843/606/501 4852/86/54 4853/90/58
f 4837/610/505 4836/608/503 4374/88/56 4375/92/60
f 4830/612/506 4453/622/63 4845/94/62
f 4679/623/31 4844/609/504 4853/90/58
f 4838/614/507 4837/610/505 4375/92/60 4376/67/35
f 4831/615/508 4830/612/506 4845/94/62 4846/71/39
f 4839/616/509 4838/614/507 4376/67/35 4849/66/34
f 4832/617/510 4831/615/508 4846/71/39 4372/70/38
f 4840/618/511 4839/616/509 4849/66/34 4377/74/42
f 4833/619/512 4832/617/510 4372/70/38 4847/76/44
f 4841/620/513 4840/618/511 4377/74/42 4850/78/46
s 0
usemtl Matériau.003
f 4862/624/396 4863/625/396 4865/139/396 4864/269/396
f 4864/269/60 4865/139/60 4869/146/60 4868/626/60
f 4868/626/167 4869/146/167 4867/138/167 4866/270/167
f 4866/270/282 4867/138/282 4863/627/282 4862/628/282
f 4864/629/31 4868/626/31 4866/270/31 4862/417/31
f 4869/146/63 4865/630/63 4863/631/63 4867/138/63
usemtl oeil
f 4870/1/1 4902/2/1 4871/3/1
f 4871/3/2 4902/2/2 4872/4/2
f 4872/4/3 4902/2/3 4873/5/3
f 4873/5/4 4902/2/4 4874/6/4
f 4874/6/5 4902/2/5 4875/7/5
f 4875/7/6 4902/2/6 4876/8/6
f 4876/8/7 4902/2/7 4877/9/7
f 4877/9/8 4902/2/8 4878/10/8
f 4878/10/9 4902/2/9 4879/11/9
f 4879/11/10 4902/2/10 4880/12/10
f 4880/12/11 4902/2/11 4881/13/11
f 4881/13/12 4902/2/12 4882/14/12
f 4882/14/13 4902/2/13 4883/15/13
f 4883/15/1518 4902/2/1518 4884/16/1518
f 4884/16/15 4902/2/15 4885/17/15
f 4885/17/16 4902/2/16 4886/18/16
f 4886/18/17 4902/2/17 4887/19/17
f 4887/19/18 4902/2/18 4888/20/18
f 4888/20/19 4902/2/19 4889/21/19
f 4889/21/20 4902/2/20 4890/22/20
f 4890/22/21 4902/2/21 4891/23/21
f 4891/23/22 4902/2/22 4892/24/22
f 4892/24/23 4902/2/23 4893/25/23
f 4893/25/24 4902/2/24 4894/26/24
f 4894/26/25 4902/2/25 4895/27/25
f 4895/27/26 4902/2/26 4896/28/26
f 4896/28/27 4902/2/27 4897/29/27
f 4897/29/28 4902/2/28 4898/30/28
f 4898/30/29 4902/2/29 4899/31/29
f 4899/31/30 4902/2/30 4900/32/30
f 4870/33/31 4871/34/31 4872/35/31 4873/36/31 4874/37/31 4875/38/31 4876/39/31 4877/40/31 4878/41/31 4879/42/31 4880/43/31 4881/44/31 4882/45/31 4883/46/31 4884/47/31 4885/48/31 4886/49/31 4887/50/31 4888/51/31 4889/52/31 4890/53/31 4891/54/31 4892/55/31 4893/56/31 4894/57/31 4895/58/31 4896/59/31 4897/60/31 4898/61/31 4899/62/31 4900/63/31 4901/64/31
f 4900/32/32 4902/2/32 4901/65/32
f 4901/65/33 4902/2/33 4870/1/33
